adc_id,adc_name,drug_status,antibody_name,antigen_id,antigen_name,payload_id,payload_name,payload_identity,payload_target,payload_mechanism,linker_name,activity_id,standard_type,is_potency_endpoint,relation,value_raw,value_numeric,units,is_molar_unit,cell_line,disease_model,source_url,source_html
DRG0AFXBF,Cetuximab-Puromycin,Investigative,Cetuximab,TAR0UYFIF,Epidermal growth factor receptor (EGFR),PAY0OWBST,Puromycin,PAY0OWBST,Ribosome (RB),Other,Succinimidyl acetylthiopropionate (SATP),ADCC002235,Half Maximal Inhibitory Concentration (IC50),1,=,37.42,37.42,ug/mL,0,MDA-MB-468 cells,Breast adenocarcinoma,https://adcdb.idrblab.net/data/adc/details/DRG0AFXBF,data/raw/adcdb_idrblab/adc_details/DRG0AFXBF.html
DRG0ATULB,Laprituximab emtansine,Phase 1 (discontinued),Laprituximab,TAR0UYFIF,Epidermal growth factor receptor (EGFR),PAY0VZVPQ,DM1,PAY0VZVPQ,Microtubule (MT),microtubule-disrupting,Succinimidyl-4-(N-maleimidomethyl)cyclohexane-1-carboxylate (SMCC),ADCC002015,Half Maximal Inhibitory Concentration (IC50),1,=,0.25,0.25,nM,1,HNSCC cells,Head and neck squamous cell carcinoma,https://adcdb.idrblab.net/data/adc/details/DRG0ATULB,data/raw/adcdb_idrblab/adc_details/DRG0ATULB.html
DRG0AVDEL,Trastuzumab-PNUEDAGly5,Investigative,Trastuzumab,TAR0THKZD,Receptor tyrosine-protein kinase erbB-2 (HER2),PAY0WKBCR,PNU-159682,PAY0WKBCR,DNA topoisomerase 2-alpha (TOP2A),DNA-damaging,LPETG-Gly5-EDA,ADCC003375,Half Maximal Effective Concentration (EC50),1,=,6.9,6.9,ng/mL,0,Karpas-299 cells,ALK-positive anaplastic large cell lymphoma,https://adcdb.idrblab.net/data/adc/details/DRG0AVDEL,data/raw/adcdb_idrblab/adc_details/DRG0AVDEL.html
DRG0AVDEL,Trastuzumab-PNUEDAGly5,Investigative,Trastuzumab,TAR0THKZD,Receptor tyrosine-protein kinase erbB-2 (HER2),PAY0WKBCR,PNU-159682,PAY0WKBCR,DNA topoisomerase 2-alpha (TOP2A),DNA-damaging,LPETG-Gly5-EDA,ADCC003376,Half Maximal Effective Concentration (EC50),1,<,< 10,10.0,ug/mL,0,L-428 cells,Hodgkin lymphoma,https://adcdb.idrblab.net/data/adc/details/DRG0AVDEL,data/raw/adcdb_idrblab/adc_details/DRG0AVDEL.html
DRG0AWYBA,Trastuzumab DVD-ADC,Investigative,Trastuzumab,TAR0THKZD,Receptor tyrosine-protein kinase erbB-2 (HER2),PAY0QLDVX,Monomethyl auristatin F,PAY0QLDVX,Microtubule (MT),microtubule-disrupting,Hexapeptide linker ASTKGP,ADCC002403,Inhibition rate (100nM),0,=,0,0.0,%,0,MDA-MB-231 cells,Breast adenocarcinoma,https://adcdb.idrblab.net/data/adc/details/DRG0AWYBA,data/raw/adcdb_idrblab/adc_details/DRG0AWYBA.html
DRG0AWYBA,Trastuzumab DVD-ADC,Investigative,Trastuzumab,TAR0THKZD,Receptor tyrosine-protein kinase erbB-2 (HER2),PAY0QLDVX,Monomethyl auristatin F,PAY0QLDVX,Microtubule (MT),microtubule-disrupting,Hexapeptide linker ASTKGP,ADCC002402,Inhibition rate (100nM),0,=,0,0.0,%,0,MDA-MB-468 cells,Breast adenocarcinoma,https://adcdb.idrblab.net/data/adc/details/DRG0AWYBA,data/raw/adcdb_idrblab/adc_details/DRG0AWYBA.html
DRG0AWYBA,Trastuzumab DVD-ADC,Investigative,Trastuzumab,TAR0THKZD,Receptor tyrosine-protein kinase erbB-2 (HER2),PAY0QLDVX,Monomethyl auristatin F,PAY0QLDVX,Microtubule (MT),microtubule-disrupting,Hexapeptide linker ASTKGP,ADCC002401,Inhibition rate (100nM),0,>,> 50,50.0,%,0,SK-BR-3 cells,Breast adenocarcinoma,https://adcdb.idrblab.net/data/adc/details/DRG0AWYBA,data/raw/adcdb_idrblab/adc_details/DRG0AWYBA.html
DRG0BBQSE,Enfortumab vedotin,Approved in 2019,Enfortumab,TAR0MWTFE,Nectin-4 (NECTIN4),PAY0FSXOW,Monomethyl auristatin E,PAY0FSXOW,Microtubule (MT),microtubule-disrupting,Mc-Val-Cit-PABC,ADCC000188,Half Maximal Inhibitory Concentration (IC50),1,=,1.2,1.2,ng/mL,0,PC-3 cells,Prostate carcinoma,https://adcdb.idrblab.net/data/adc/details/DRG0BBQSE,data/raw/adcdb_idrblab/adc_details/DRG0BBQSE.html
DRG0BBQSE,Enfortumab vedotin,Approved in 2019,Enfortumab,TAR0MWTFE,Nectin-4 (NECTIN4),PAY0FSXOW,Monomethyl auristatin E,PAY0FSXOW,Microtubule (MT),microtubule-disrupting,Mc-Val-Cit-PABC,ADCC000189,Half Maximal Inhibitory Concentration (IC50),1,=,3.4,3.4,ng/mL,0,PC-3 cells,Prostate carcinoma,https://adcdb.idrblab.net/data/adc/details/DRG0BBQSE,data/raw/adcdb_idrblab/adc_details/DRG0BBQSE.html
DRG0BBQSE,Enfortumab vedotin,Approved in 2019,Enfortumab,TAR0MWTFE,Nectin-4 (NECTIN4),PAY0FSXOW,Monomethyl auristatin E,PAY0FSXOW,Microtubule (MT),microtubule-disrupting,Mc-Val-Cit-PABC,ADCC000190,Half Maximal Inhibitory Concentration (IC50),1,=,4.7,4.7,ng/mL,0,PC-3 cells,Prostate carcinoma,https://adcdb.idrblab.net/data/adc/details/DRG0BBQSE,data/raw/adcdb_idrblab/adc_details/DRG0BBQSE.html
DRG0BBQSE,Enfortumab vedotin,Approved in 2019,Enfortumab,TAR0MWTFE,Nectin-4 (NECTIN4),PAY0FSXOW,Monomethyl auristatin E,PAY0FSXOW,Microtubule (MT),microtubule-disrupting,Mc-Val-Cit-PABC,ADCC000187,Half Maximal Inhibitory Concentration (IC50),1,=,37.8,37.8,ng/mL,0,T-47D cells,Invasive breast carcinoma,https://adcdb.idrblab.net/data/adc/details/DRG0BBQSE,data/raw/adcdb_idrblab/adc_details/DRG0BBQSE.html
DRG0BBRJG,Mirvetuximab-SPDB-DM4,Investigative,Mirvetuximab,TAR0QHAVI,Folate receptor alpha (FOLR1),PAY0GTSVM,Mertansine DM4,PAY0GTSVM,Microtubule (MT),microtubule-disrupting,N-succinimidyl 4-(2-pyridyldithio) butanoate (SPDB),ADCC000132,Half Maximal Inhibitory Concentration (IC50),1,=,0.07±0.02,0.07,nM,1,IGROV-1 cells,Ovarian endometrioid adenocarcinoma,https://adcdb.idrblab.net/data/adc/details/DRG0BBRJG,data/raw/adcdb_idrblab/adc_details/DRG0BBRJG.html
DRG0BBRJG,Mirvetuximab-SPDB-DM4,Investigative,Mirvetuximab,TAR0QHAVI,Folate receptor alpha (FOLR1),PAY0GTSVM,Mertansine DM4,PAY0GTSVM,Microtubule (MT),microtubule-disrupting,N-succinimidyl 4-(2-pyridyldithio) butanoate (SPDB),ADCC000131,Half Maximal Inhibitory Concentration (IC50),1,=,0.08±0.01,0.08,nM,1,KB cells,Human papillomavirus-related endocervical adenocarcinoma,https://adcdb.idrblab.net/data/adc/details/DRG0BBRJG,data/raw/adcdb_idrblab/adc_details/DRG0BBRJG.html
DRG0BBRJG,Mirvetuximab-SPDB-DM4,Investigative,Mirvetuximab,TAR0QHAVI,Folate receptor alpha (FOLR1),PAY0GTSVM,Mertansine DM4,PAY0GTSVM,Microtubule (MT),microtubule-disrupting,N-succinimidyl 4-(2-pyridyldithio) butanoate (SPDB),ADCC000133,Half Maximal Inhibitory Concentration (IC50),1,=,0.11±0.08,0.11,nM,1,JEG-3 cells,Gestational choriocarcinoma,https://adcdb.idrblab.net/data/adc/details/DRG0BBRJG,data/raw/adcdb_idrblab/adc_details/DRG0BBRJG.html
DRG0BIVOI,Anti-KIT 9P3-SMCC-DM1,Investigative,Anti-KIT mAb 9P3,TAR0SDULL,Mast/stem cell growth factor receptor Kit (KIT),PAY0JCIBW,Mertansine DM1,PAY0JCIBW,Microtubule (MT),microtubule-disrupting,Succinimidyl-4-(N-maleimidomethyl)cyclohexane-1-carboxylate (SMCC),ADCC008207,Max inhibition rate (MIR),0,=,60,60.0,%,0,CVCL_7040,Gastrointestinal stromal tumor,https://adcdb.idrblab.net/data/adc/details/DRG0BIVOI,data/raw/adcdb_idrblab/adc_details/DRG0BIVOI.html
DRG0BIVOI,Anti-KIT 9P3-SMCC-DM1,Investigative,Anti-KIT mAb 9P3,TAR0SDULL,Mast/stem cell growth factor receptor Kit (KIT),PAY0JCIBW,Mertansine DM1,PAY0JCIBW,Microtubule (MT),microtubule-disrupting,Succinimidyl-4-(N-maleimidomethyl)cyclohexane-1-carboxylate (SMCC),ADCC008206,Max inhibition rate (MIR),0,=,75,75.0,%,0,CVCL_4976,Gastrointestinal stromal tumor,https://adcdb.idrblab.net/data/adc/details/DRG0BIVOI,data/raw/adcdb_idrblab/adc_details/DRG0BIVOI.html
DRG0BIVOI,Anti-KIT 9P3-SMCC-DM1,Investigative,Anti-KIT mAb 9P3,TAR0SDULL,Mast/stem cell growth factor receptor Kit (KIT),PAY0JCIBW,Mertansine DM1,PAY0JCIBW,Microtubule (MT),microtubule-disrupting,Succinimidyl-4-(N-maleimidomethyl)cyclohexane-1-carboxylate (SMCC),ADCC008209,Max inhibition rate (MIR),0,=,86,86.0,%,0,CVCL_1598,Lung small cell carcinoma,https://adcdb.idrblab.net/data/adc/details/DRG0BIVOI,data/raw/adcdb_idrblab/adc_details/DRG0BIVOI.html
DRG0BIVOI,Anti-KIT 9P3-SMCC-DM1,Investigative,Anti-KIT mAb 9P3,TAR0SDULL,Mast/stem cell growth factor receptor Kit (KIT),PAY0JCIBW,Mertansine DM1,PAY0JCIBW,Microtubule (MT),microtubule-disrupting,Succinimidyl-4-(N-maleimidomethyl)cyclohexane-1-carboxylate (SMCC),ADCC008211,Max inhibition rate (MIR),0,=,87,87.0,%,0,CVCL_1507,Lung small cell carcinoma,https://adcdb.idrblab.net/data/adc/details/DRG0BIVOI,data/raw/adcdb_idrblab/adc_details/DRG0BIVOI.html
DRG0BIVOI,Anti-KIT 9P3-SMCC-DM1,Investigative,Anti-KIT mAb 9P3,TAR0SDULL,Mast/stem cell growth factor receptor Kit (KIT),PAY0JCIBW,Mertansine DM1,PAY0JCIBW,Microtubule (MT),microtubule-disrupting,Succinimidyl-4-(N-maleimidomethyl)cyclohexane-1-carboxylate (SMCC),ADCC008198,Max inhibition rate (MIR),0,=,91,91.0,%,0,CVCL_0217,Acute megakaryoblastic leukemia,https://adcdb.idrblab.net/data/adc/details/DRG0BIVOI,data/raw/adcdb_idrblab/adc_details/DRG0BIVOI.html
DRG0BIVOI,Anti-KIT 9P3-SMCC-DM1,Investigative,Anti-KIT mAb 9P3,TAR0SDULL,Mast/stem cell growth factor receptor Kit (KIT),PAY0JCIBW,Mertansine DM1,PAY0JCIBW,Microtubule (MT),microtubule-disrupting,Succinimidyl-4-(N-maleimidomethyl)cyclohexane-1-carboxylate (SMCC),ADCC008201,Max inhibition rate (MIR),0,=,92,92.0,%,0,CVCL_0614,Acute myeloid leukemia,https://adcdb.idrblab.net/data/adc/details/DRG0BIVOI,data/raw/adcdb_idrblab/adc_details/DRG0BIVOI.html
DRG0BIVOI,Anti-KIT 9P3-SMCC-DM1,Investigative,Anti-KIT mAb 9P3,TAR0SDULL,Mast/stem cell growth factor receptor Kit (KIT),PAY0JCIBW,Mertansine DM1,PAY0JCIBW,Microtubule (MT),microtubule-disrupting,Succinimidyl-4-(N-maleimidomethyl)cyclohexane-1-carboxylate (SMCC),ADCC008199,Max inhibition rate (MIR),0,=,95,95.0,%,0,CVCL_2481,Erythroleukemia,https://adcdb.idrblab.net/data/adc/details/DRG0BIVOI,data/raw/adcdb_idrblab/adc_details/DRG0BIVOI.html
DRG0BIVOI,Anti-KIT 9P3-SMCC-DM1,Investigative,Anti-KIT mAb 9P3,TAR0SDULL,Mast/stem cell growth factor receptor Kit (KIT),PAY0JCIBW,Mertansine DM1,PAY0JCIBW,Microtubule (MT),microtubule-disrupting,Succinimidyl-4-(N-maleimidomethyl)cyclohexane-1-carboxylate (SMCC),ADCC008208,Max inhibition rate (MIR),0,=,98,98.0,%,0,CVCL_1569,Lung small cell carcinoma,https://adcdb.idrblab.net/data/adc/details/DRG0BIVOI,data/raw/adcdb_idrblab/adc_details/DRG0BIVOI.html
DRG0BIVOI,Anti-KIT 9P3-SMCC-DM1,Investigative,Anti-KIT mAb 9P3,TAR0SDULL,Mast/stem cell growth factor receptor Kit (KIT),PAY0JCIBW,Mertansine DM1,PAY0JCIBW,Microtubule (MT),microtubule-disrupting,Succinimidyl-4-(N-maleimidomethyl)cyclohexane-1-carboxylate (SMCC),ADCC008210,Max inhibition rate (MIR),0,=,99,99.0,%,0,CVCL_1453,Lung small cell carcinoma,https://adcdb.idrblab.net/data/adc/details/DRG0BIVOI,data/raw/adcdb_idrblab/adc_details/DRG0BIVOI.html
DRG0BIVOI,Anti-KIT 9P3-SMCC-DM1,Investigative,Anti-KIT mAb 9P3,TAR0SDULL,Mast/stem cell growth factor receptor Kit (KIT),PAY0JCIBW,Mertansine DM1,PAY0JCIBW,Microtubule (MT),microtubule-disrupting,Succinimidyl-4-(N-maleimidomethyl)cyclohexane-1-carboxylate (SMCC),ADCC008205,Max inhibition rate (MIR),0,=,99,99.0,%,0,CVCL_0104,Essential thrombocythemia,https://adcdb.idrblab.net/data/adc/details/DRG0BIVOI,data/raw/adcdb_idrblab/adc_details/DRG0BIVOI.html
DRG0BIVOI,Anti-KIT 9P3-SMCC-DM1,Investigative,Anti-KIT mAb 9P3,TAR0SDULL,Mast/stem cell growth factor receptor Kit (KIT),PAY0JCIBW,Mertansine DM1,PAY0JCIBW,Microtubule (MT),microtubule-disrupting,Succinimidyl-4-(N-maleimidomethyl)cyclohexane-1-carboxylate (SMCC),ADCC008204,Max inhibition rate (MIR),0,=,99,99.0,%,0,CVCL_2196,Adult acute myeloid leukemia,https://adcdb.idrblab.net/data/adc/details/DRG0BIVOI,data/raw/adcdb_idrblab/adc_details/DRG0BIVOI.html
DRG0BIVOI,Anti-KIT 9P3-SMCC-DM1,Investigative,Anti-KIT mAb 9P3,TAR0SDULL,Mast/stem cell growth factor receptor Kit (KIT),PAY0JCIBW,Mertansine DM1,PAY0JCIBW,Microtubule (MT),microtubule-disrupting,Succinimidyl-4-(N-maleimidomethyl)cyclohexane-1-carboxylate (SMCC),ADCC008203,Max inhibition rate (MIR),0,=,99,99.0,%,0,CVCL_2149,Acute myeloid leukemia,https://adcdb.idrblab.net/data/adc/details/DRG0BIVOI,data/raw/adcdb_idrblab/adc_details/DRG0BIVOI.html
DRG0BIVOI,Anti-KIT 9P3-SMCC-DM1,Investigative,Anti-KIT mAb 9P3,TAR0SDULL,Mast/stem cell growth factor receptor Kit (KIT),PAY0JCIBW,Mertansine DM1,PAY0JCIBW,Microtubule (MT),microtubule-disrupting,Succinimidyl-4-(N-maleimidomethyl)cyclohexane-1-carboxylate (SMCC),ADCC008202,Max inhibition rate (MIR),0,=,100,100.0,%,0,CVCL_2106,Acute megakaryoblastic leukemia,https://adcdb.idrblab.net/data/adc/details/DRG0BIVOI,data/raw/adcdb_idrblab/adc_details/DRG0BIVOI.html
DRG0BIVOI,Anti-KIT 9P3-SMCC-DM1,Investigative,Anti-KIT mAb 9P3,TAR0SDULL,Mast/stem cell growth factor receptor Kit (KIT),PAY0JCIBW,Mertansine DM1,PAY0JCIBW,Microtubule (MT),microtubule-disrupting,Succinimidyl-4-(N-maleimidomethyl)cyclohexane-1-carboxylate (SMCC),ADCC008200,Max inhibition rate (MIR),0,=,100,100.0,%,0,CVCL_0589,Myeloid leukemia with maturation,https://adcdb.idrblab.net/data/adc/details/DRG0BIVOI,data/raw/adcdb_idrblab/adc_details/DRG0BIVOI.html
DRG0BIVOI,Anti-KIT 9P3-SMCC-DM1,Investigative,Anti-KIT mAb 9P3,TAR0SDULL,Mast/stem cell growth factor receptor Kit (KIT),PAY0JCIBW,Mertansine DM1,PAY0JCIBW,Microtubule (MT),microtubule-disrupting,Succinimidyl-4-(N-maleimidomethyl)cyclohexane-1-carboxylate (SMCC),ADCC008192,Half Maximum Growth Inhibitory Concentration (GI50),1,=,0.02,0.02,nM,1,CVCL_4976,Gastrointestinal stromal tumor,https://adcdb.idrblab.net/data/adc/details/DRG0BIVOI,data/raw/adcdb_idrblab/adc_details/DRG0BIVOI.html
DRG0BIVOI,Anti-KIT 9P3-SMCC-DM1,Investigative,Anti-KIT mAb 9P3,TAR0SDULL,Mast/stem cell growth factor receptor Kit (KIT),PAY0JCIBW,Mertansine DM1,PAY0JCIBW,Microtubule (MT),microtubule-disrupting,Succinimidyl-4-(N-maleimidomethyl)cyclohexane-1-carboxylate (SMCC),ADCC008194,Half Maximum Growth Inhibitory Concentration (GI50),1,=,0.05,0.05,nM,1,CVCL_1569,Lung small cell carcinoma,https://adcdb.idrblab.net/data/adc/details/DRG0BIVOI,data/raw/adcdb_idrblab/adc_details/DRG0BIVOI.html
DRG0BIVOI,Anti-KIT 9P3-SMCC-DM1,Investigative,Anti-KIT mAb 9P3,TAR0SDULL,Mast/stem cell growth factor receptor Kit (KIT),PAY0JCIBW,Mertansine DM1,PAY0JCIBW,Microtubule (MT),microtubule-disrupting,Succinimidyl-4-(N-maleimidomethyl)cyclohexane-1-carboxylate (SMCC),ADCC008184,Half Maximum Growth Inhibitory Concentration (GI50),1,=,0.05,0.05,nM,1,CVCL_0217,Acute megakaryoblastic leukemia,https://adcdb.idrblab.net/data/adc/details/DRG0BIVOI,data/raw/adcdb_idrblab/adc_details/DRG0BIVOI.html
DRG0BIVOI,Anti-KIT 9P3-SMCC-DM1,Investigative,Anti-KIT mAb 9P3,TAR0SDULL,Mast/stem cell growth factor receptor Kit (KIT),PAY0JCIBW,Mertansine DM1,PAY0JCIBW,Microtubule (MT),microtubule-disrupting,Succinimidyl-4-(N-maleimidomethyl)cyclohexane-1-carboxylate (SMCC),ADCC008193,Half Maximum Growth Inhibitory Concentration (GI50),1,=,0.08,0.08,nM,1,CVCL_7040,Gastrointestinal stromal tumor,https://adcdb.idrblab.net/data/adc/details/DRG0BIVOI,data/raw/adcdb_idrblab/adc_details/DRG0BIVOI.html
DRG0BIVOI,Anti-KIT 9P3-SMCC-DM1,Investigative,Anti-KIT mAb 9P3,TAR0SDULL,Mast/stem cell growth factor receptor Kit (KIT),PAY0JCIBW,Mertansine DM1,PAY0JCIBW,Microtubule (MT),microtubule-disrupting,Succinimidyl-4-(N-maleimidomethyl)cyclohexane-1-carboxylate (SMCC),ADCC008188,Half Maximum Growth Inhibitory Concentration (GI50),1,=,0.08,0.08,nM,1,CVCL_2106,Acute megakaryoblastic leukemia,https://adcdb.idrblab.net/data/adc/details/DRG0BIVOI,data/raw/adcdb_idrblab/adc_details/DRG0BIVOI.html
DRG0BIVOI,Anti-KIT 9P3-SMCC-DM1,Investigative,Anti-KIT mAb 9P3,TAR0SDULL,Mast/stem cell growth factor receptor Kit (KIT),PAY0JCIBW,Mertansine DM1,PAY0JCIBW,Microtubule (MT),microtubule-disrupting,Succinimidyl-4-(N-maleimidomethyl)cyclohexane-1-carboxylate (SMCC),ADCC008197,Half Maximum Growth Inhibitory Concentration (GI50),1,=,0.09,0.09,nM,1,CVCL_1507,Lung small cell carcinoma,https://adcdb.idrblab.net/data/adc/details/DRG0BIVOI,data/raw/adcdb_idrblab/adc_details/DRG0BIVOI.html
DRG0BIVOI,Anti-KIT 9P3-SMCC-DM1,Investigative,Anti-KIT mAb 9P3,TAR0SDULL,Mast/stem cell growth factor receptor Kit (KIT),PAY0JCIBW,Mertansine DM1,PAY0JCIBW,Microtubule (MT),microtubule-disrupting,Succinimidyl-4-(N-maleimidomethyl)cyclohexane-1-carboxylate (SMCC),ADCC008189,Half Maximum Growth Inhibitory Concentration (GI50),1,=,0.11,0.11,nM,1,CVCL_2149,Acute myeloid leukemia,https://adcdb.idrblab.net/data/adc/details/DRG0BIVOI,data/raw/adcdb_idrblab/adc_details/DRG0BIVOI.html
DRG0BIVOI,Anti-KIT 9P3-SMCC-DM1,Investigative,Anti-KIT mAb 9P3,TAR0SDULL,Mast/stem cell growth factor receptor Kit (KIT),PAY0JCIBW,Mertansine DM1,PAY0JCIBW,Microtubule (MT),microtubule-disrupting,Succinimidyl-4-(N-maleimidomethyl)cyclohexane-1-carboxylate (SMCC),ADCC008195,Half Maximum Growth Inhibitory Concentration (GI50),1,=,0.15,0.15,nM,1,CVCL_1598,Lung small cell carcinoma,https://adcdb.idrblab.net/data/adc/details/DRG0BIVOI,data/raw/adcdb_idrblab/adc_details/DRG0BIVOI.html
DRG0BIVOI,Anti-KIT 9P3-SMCC-DM1,Investigative,Anti-KIT mAb 9P3,TAR0SDULL,Mast/stem cell growth factor receptor Kit (KIT),PAY0JCIBW,Mertansine DM1,PAY0JCIBW,Microtubule (MT),microtubule-disrupting,Succinimidyl-4-(N-maleimidomethyl)cyclohexane-1-carboxylate (SMCC),ADCC008185,Half Maximum Growth Inhibitory Concentration (GI50),1,=,0.61,0.61,nM,1,CVCL_2481,Erythroleukemia,https://adcdb.idrblab.net/data/adc/details/DRG0BIVOI,data/raw/adcdb_idrblab/adc_details/DRG0BIVOI.html
DRG0BIVOI,Anti-KIT 9P3-SMCC-DM1,Investigative,Anti-KIT mAb 9P3,TAR0SDULL,Mast/stem cell growth factor receptor Kit (KIT),PAY0JCIBW,Mertansine DM1,PAY0JCIBW,Microtubule (MT),microtubule-disrupting,Succinimidyl-4-(N-maleimidomethyl)cyclohexane-1-carboxylate (SMCC),ADCC008187,Half Maximum Growth Inhibitory Concentration (GI50),1,=,1.29,1.29,nM,1,CVCL_0614,Acute myeloid leukemia,https://adcdb.idrblab.net/data/adc/details/DRG0BIVOI,data/raw/adcdb_idrblab/adc_details/DRG0BIVOI.html
DRG0BIVOI,Anti-KIT 9P3-SMCC-DM1,Investigative,Anti-KIT mAb 9P3,TAR0SDULL,Mast/stem cell growth factor receptor Kit (KIT),PAY0JCIBW,Mertansine DM1,PAY0JCIBW,Microtubule (MT),microtubule-disrupting,Succinimidyl-4-(N-maleimidomethyl)cyclohexane-1-carboxylate (SMCC),ADCC008191,Half Maximum Growth Inhibitory Concentration (GI50),1,=,1.8,1.8,nM,1,CVCL_0104,Essential thrombocythemia,https://adcdb.idrblab.net/data/adc/details/DRG0BIVOI,data/raw/adcdb_idrblab/adc_details/DRG0BIVOI.html
DRG0BIVOI,Anti-KIT 9P3-SMCC-DM1,Investigative,Anti-KIT mAb 9P3,TAR0SDULL,Mast/stem cell growth factor receptor Kit (KIT),PAY0JCIBW,Mertansine DM1,PAY0JCIBW,Microtubule (MT),microtubule-disrupting,Succinimidyl-4-(N-maleimidomethyl)cyclohexane-1-carboxylate (SMCC),ADCC008190,Half Maximum Growth Inhibitory Concentration (GI50),1,=,3.6,3.6,nM,1,CVCL_2196,Adult acute myeloid leukemia,https://adcdb.idrblab.net/data/adc/details/DRG0BIVOI,data/raw/adcdb_idrblab/adc_details/DRG0BIVOI.html
DRG0BIVOI,Anti-KIT 9P3-SMCC-DM1,Investigative,Anti-KIT mAb 9P3,TAR0SDULL,Mast/stem cell growth factor receptor Kit (KIT),PAY0JCIBW,Mertansine DM1,PAY0JCIBW,Microtubule (MT),microtubule-disrupting,Succinimidyl-4-(N-maleimidomethyl)cyclohexane-1-carboxylate (SMCC),ADCC008186,Half Maximum Growth Inhibitory Concentration (GI50),1,=,4,4.0,nM,1,CVCL_0589,Myeloid leukemia with maturation,https://adcdb.idrblab.net/data/adc/details/DRG0BIVOI,data/raw/adcdb_idrblab/adc_details/DRG0BIVOI.html
DRG0BIVOI,Anti-KIT 9P3-SMCC-DM1,Investigative,Anti-KIT mAb 9P3,TAR0SDULL,Mast/stem cell growth factor receptor Kit (KIT),PAY0JCIBW,Mertansine DM1,PAY0JCIBW,Microtubule (MT),microtubule-disrupting,Succinimidyl-4-(N-maleimidomethyl)cyclohexane-1-carboxylate (SMCC),ADCC008196,Half Maximum Growth Inhibitory Concentration (GI50),1,=,4.3,4.3,nM,1,CVCL_1453,Lung small cell carcinoma,https://adcdb.idrblab.net/data/adc/details/DRG0BIVOI,data/raw/adcdb_idrblab/adc_details/DRG0BIVOI.html
DRG0BRWYZ,HER-SG3249,Investigative,Trastuzumab,TAR0THKZD,Receptor tyrosine-protein kinase erbB-2 (HER2),PAY0LZRXU,SG3199,PAY0LZRXU,Human Deoxyribonucleic acid (hDNA),DNA-damaging,Mal-PEG8-Val-Ala-PABC,ADCC001426,Half Maximum Growth Inhibitory Concentration (GI50),1,=,1.74,1.74,ng/mL,0,SK-BR-3 cells,Breast adenocarcinoma,https://adcdb.idrblab.net/data/adc/details/DRG0BRWYZ,data/raw/adcdb_idrblab/adc_details/DRG0BRWYZ.html
DRG0BSQPI,Sacituzumab tirumotecan,Apprpved in 2024,Sacituzumab,TAR0MIBZW,Tumor-associated calcium signal transducer 2 (TACSTD2),PAY0BBRSF,KL610023,PAY0BBRSF,DNA topoisomerase 1 (TOP1),Topo-I inhibitor,Pyrimidine CL2A carbonate linker,ADCC000496,Half Maximal Inhibitory Concentration (IC50),1,=,1.28,1.28,nM,1,Calu-3 cells,Lung adenocarcinoma,https://adcdb.idrblab.net/data/adc/details/DRG0BSQPI,data/raw/adcdb_idrblab/adc_details/DRG0BSQPI.html
DRG0BSQPI,Sacituzumab tirumotecan,Apprpved in 2024,Sacituzumab,TAR0MIBZW,Tumor-associated calcium signal transducer 2 (TACSTD2),PAY0BBRSF,KL610023,PAY0BBRSF,DNA topoisomerase 1 (TOP1),Topo-I inhibitor,Pyrimidine CL2A carbonate linker,ADCC000494,Half Maximal Inhibitory Concentration (IC50),1,=,2.24,2.24,nM,1,NCI-N87 cells,Gastric tubular adenocarcinoma,https://adcdb.idrblab.net/data/adc/details/DRG0BSQPI,data/raw/adcdb_idrblab/adc_details/DRG0BSQPI.html
DRG0BSQPI,Sacituzumab tirumotecan,Apprpved in 2024,Sacituzumab,TAR0MIBZW,Tumor-associated calcium signal transducer 2 (TACSTD2),PAY0BBRSF,KL610023,PAY0BBRSF,DNA topoisomerase 1 (TOP1),Topo-I inhibitor,Pyrimidine CL2A carbonate linker,ADCC000497,Half Maximal Inhibitory Concentration (IC50),1,=,3.41,3.41,nM,1,NCI-H23 cells,Lung adenocarcinoma,https://adcdb.idrblab.net/data/adc/details/DRG0BSQPI,data/raw/adcdb_idrblab/adc_details/DRG0BSQPI.html
DRG0BSQPI,Sacituzumab tirumotecan,Apprpved in 2024,Sacituzumab,TAR0MIBZW,Tumor-associated calcium signal transducer 2 (TACSTD2),PAY0BBRSF,KL610023,PAY0BBRSF,DNA topoisomerase 1 (TOP1),Topo-I inhibitor,Pyrimidine CL2A carbonate linker,ADCC000493,Half Maximal Inhibitory Concentration (IC50),1,=,5.7,5.7,nM,1,HCC1806 cells,Breast squamous cell carcinoma,https://adcdb.idrblab.net/data/adc/details/DRG0BSQPI,data/raw/adcdb_idrblab/adc_details/DRG0BSQPI.html
DRG0BSQPI,Sacituzumab tirumotecan,Apprpved in 2024,Sacituzumab,TAR0MIBZW,Tumor-associated calcium signal transducer 2 (TACSTD2),PAY0BBRSF,KL610023,PAY0BBRSF,DNA topoisomerase 1 (TOP1),Topo-I inhibitor,Pyrimidine CL2A carbonate linker,ADCC000495,Half Maximal Inhibitory Concentration (IC50),1,=,11.03,11.03,nM,1,BxPC-3 cells,Pancreatic ductal adenocarcinoma,https://adcdb.idrblab.net/data/adc/details/DRG0BSQPI,data/raw/adcdb_idrblab/adc_details/DRG0BSQPI.html
DRG0BSQPI,Sacituzumab tirumotecan,Apprpved in 2024,Sacituzumab,TAR0MIBZW,Tumor-associated calcium signal transducer 2 (TACSTD2),PAY0BBRSF,KL610023,PAY0BBRSF,DNA topoisomerase 1 (TOP1),Topo-I inhibitor,Pyrimidine CL2A carbonate linker,ADCC000498,Half Maximal Inhibitory Concentration (IC50),1,=,18.83,18.83,nM,1,NCI-H23 cells,Lung adenocarcinoma,https://adcdb.idrblab.net/data/adc/details/DRG0BSQPI,data/raw/adcdb_idrblab/adc_details/DRG0BSQPI.html
DRG0BTGYC,Anti-TNF ADC 125,Investigative,Anti-TNF mAb alpha-TNF,TAR0DEDPZ,Tumor necrosis factor receptor superfamily member 1A (TNFRSF1A),PAY0OQPXP,GRM cpd 20,PAY0OQPXP,Glucocorticoid receptor (NR3C1),Other,MP-Ala-Ala,ADCC001915,Half Maximal Effective Concentration (EC50),1,=,0.03,0.03,ug/mL,0,K-562 cells (TNF expression),Chronic myelogenous leukemia,https://adcdb.idrblab.net/data/adc/details/DRG0BTGYC,data/raw/adcdb_idrblab/adc_details/DRG0BTGYC.html
DRG0BTGYC,Anti-TNF ADC 125,Investigative,Anti-TNF mAb alpha-TNF,TAR0DEDPZ,Tumor necrosis factor receptor superfamily member 1A (TNFRSF1A),PAY0OQPXP,GRM cpd 20,PAY0OQPXP,Glucocorticoid receptor (NR3C1),Other,MP-Ala-Ala,ADCC001916,Half Maximal Effective Concentration (EC50),1,=,11.9,11.9,ug/mL,0,K-562 cells,Chronic myelogenous leukemia,https://adcdb.idrblab.net/data/adc/details/DRG0BTGYC,data/raw/adcdb_idrblab/adc_details/DRG0BTGYC.html
DRG0BWNUI,H01L02-DXd,Investigative,Anti-CDH6 mAb H01L02,TAR0SOZLV,Cadherin-6 (CDH6),PAY0UXDSB,DX-8951 derivative (DXd),PAY0UXDSB,DNA topoisomerase 1 (TOP1),Topo-I inhibitor,Mc-Gly-Gly-Phe-Gly,ADCC007052,Half Maximal Inhibitory Concentration (IC50),1,=,0.01-0.10,0.01,nM,1,CVCL_0479,Ovarian mixed germ cell tumor,https://adcdb.idrblab.net/data/adc/details/DRG0BWNUI,data/raw/adcdb_idrblab/adc_details/DRG0BWNUI.html
DRG0BXRDQ,Veltuzumab-SN-38,Investigative,Veltuzumab,TAR0BKUOF,B-lymphocyte antigen CD20 (MS4A1),PAY0ZVBAI,Active metabolite of irinotecan SN38,PAY0ZVBAI,DNA topoisomerase 1 (TOP1),Topo-I inhibitor,CL2A,ADCC006960,Half Maximal Effective Concentration (EC50),1,=,0.83,0.83,nM,1,WSU-FSCCL cells,Follicular lymphoma,https://adcdb.idrblab.net/data/adc/details/DRG0BXRDQ,data/raw/adcdb_idrblab/adc_details/DRG0BXRDQ.html
DRG0BXRDQ,Veltuzumab-SN-38,Investigative,Veltuzumab,TAR0BKUOF,B-lymphocyte antigen CD20 (MS4A1),PAY0ZVBAI,Active metabolite of irinotecan SN38,PAY0ZVBAI,DNA topoisomerase 1 (TOP1),Topo-I inhibitor,CL2A,ADCC006961,Half Maximal Effective Concentration (EC50),1,=,1.98,1.98,nM,1,JeKo-1 cells,Mantle cell lymphoma,https://adcdb.idrblab.net/data/adc/details/DRG0BXRDQ,data/raw/adcdb_idrblab/adc_details/DRG0BXRDQ.html
DRG0BXRDQ,Veltuzumab-SN-38,Investigative,Veltuzumab,TAR0BKUOF,B-lymphocyte antigen CD20 (MS4A1),PAY0ZVBAI,Active metabolite of irinotecan SN38,PAY0ZVBAI,DNA topoisomerase 1 (TOP1),Topo-I inhibitor,CL2A,ADCC006957,Half Maximal Effective Concentration (EC50),1,=,4.88,4.88,nM,1,Raji cells,EBV-related Burkitt lymphoma,https://adcdb.idrblab.net/data/adc/details/DRG0BXRDQ,data/raw/adcdb_idrblab/adc_details/DRG0BXRDQ.html
DRG0BXRDQ,Veltuzumab-SN-38,Investigative,Veltuzumab,TAR0BKUOF,B-lymphocyte antigen CD20 (MS4A1),PAY0ZVBAI,Active metabolite of irinotecan SN38,PAY0ZVBAI,DNA topoisomerase 1 (TOP1),Topo-I inhibitor,CL2A,ADCC006959,Half Maximal Effective Concentration (EC50),1,=,13.56,13.56,nM,1,Daudi cells,Burkitt lymphoma,https://adcdb.idrblab.net/data/adc/details/DRG0BXRDQ,data/raw/adcdb_idrblab/adc_details/DRG0BXRDQ.html
DRG0BXRDQ,Veltuzumab-SN-38,Investigative,Veltuzumab,TAR0BKUOF,B-lymphocyte antigen CD20 (MS4A1),PAY0ZVBAI,Active metabolite of irinotecan SN38,PAY0ZVBAI,DNA topoisomerase 1 (TOP1),Topo-I inhibitor,CL2A,ADCC006965,Half Maximal Effective Concentration (EC50),1,>,> 50,50.0,nM,1,MN-60 cells,Burkitt lymphoma,https://adcdb.idrblab.net/data/adc/details/DRG0BXRDQ,data/raw/adcdb_idrblab/adc_details/DRG0BXRDQ.html
DRG0BXRDQ,Veltuzumab-SN-38,Investigative,Veltuzumab,TAR0BKUOF,B-lymphocyte antigen CD20 (MS4A1),PAY0ZVBAI,Active metabolite of irinotecan SN38,PAY0ZVBAI,DNA topoisomerase 1 (TOP1),Topo-I inhibitor,CL2A,ADCC006964,Half Maximal Effective Concentration (EC50),1,>,> 50,50.0,nM,1,RS4 11 cells,Adult B acute lymphoblastic leukemia,https://adcdb.idrblab.net/data/adc/details/DRG0BXRDQ,data/raw/adcdb_idrblab/adc_details/DRG0BXRDQ.html
DRG0BXRDQ,Veltuzumab-SN-38,Investigative,Veltuzumab,TAR0BKUOF,B-lymphocyte antigen CD20 (MS4A1),PAY0ZVBAI,Active metabolite of irinotecan SN38,PAY0ZVBAI,DNA topoisomerase 1 (TOP1),Topo-I inhibitor,CL2A,ADCC006963,Half Maximal Effective Concentration (EC50),1,>,> 50,50.0,nM,1,697 cells,Childhood B acute lymphoblastic leukemia,https://adcdb.idrblab.net/data/adc/details/DRG0BXRDQ,data/raw/adcdb_idrblab/adc_details/DRG0BXRDQ.html
DRG0BXRDQ,Veltuzumab-SN-38,Investigative,Veltuzumab,TAR0BKUOF,B-lymphocyte antigen CD20 (MS4A1),PAY0ZVBAI,Active metabolite of irinotecan SN38,PAY0ZVBAI,DNA topoisomerase 1 (TOP1),Topo-I inhibitor,CL2A,ADCC006962,Half Maximal Effective Concentration (EC50),1,>,> 50,50.0,nM,1,Reh cells,B acute lymphoblastic leukemia,https://adcdb.idrblab.net/data/adc/details/DRG0BXRDQ,data/raw/adcdb_idrblab/adc_details/DRG0BXRDQ.html
DRG0BXRDQ,Veltuzumab-SN-38,Investigative,Veltuzumab,TAR0BKUOF,B-lymphocyte antigen CD20 (MS4A1),PAY0ZVBAI,Active metabolite of irinotecan SN38,PAY0ZVBAI,DNA topoisomerase 1 (TOP1),Topo-I inhibitor,CL2A,ADCC006958,Half Maximal Effective Concentration (EC50),1,>,> 50,50.0,nM,1,Ramos cells,Burkitt lymphoma,https://adcdb.idrblab.net/data/adc/details/DRG0BXRDQ,data/raw/adcdb_idrblab/adc_details/DRG0BXRDQ.html
DRG0BXRDQ,Veltuzumab-SN-38,Investigative,Veltuzumab,TAR0BKUOF,B-lymphocyte antigen CD20 (MS4A1),PAY0ZVBAI,Active metabolite of irinotecan SN38,PAY0ZVBAI,DNA topoisomerase 1 (TOP1),Topo-I inhibitor,CL2A,ADCC007004,Half Maximal Effective Concentration (EC50),1,=,77.9,77.9,nM,1,Reh cells,B acute lymphoblastic leukemia,https://adcdb.idrblab.net/data/adc/details/DRG0BXRDQ,data/raw/adcdb_idrblab/adc_details/DRG0BXRDQ.html
DRG0BXRDQ,Veltuzumab-SN-38,Investigative,Veltuzumab,TAR0BKUOF,B-lymphocyte antigen CD20 (MS4A1),PAY0ZVBAI,Active metabolite of irinotecan SN38,PAY0ZVBAI,DNA topoisomerase 1 (TOP1),Topo-I inhibitor,CL2A,ADCC007005,Half Maximal Effective Concentration (EC50),1,=,162,162.0,nM,1,Reh cells,B acute lymphoblastic leukemia,https://adcdb.idrblab.net/data/adc/details/DRG0BXRDQ,data/raw/adcdb_idrblab/adc_details/DRG0BXRDQ.html
DRG0BXRDQ,Veltuzumab-SN-38,Investigative,Veltuzumab,TAR0BKUOF,B-lymphocyte antigen CD20 (MS4A1),PAY0ZVBAI,Active metabolite of irinotecan SN38,PAY0ZVBAI,DNA topoisomerase 1 (TOP1),Topo-I inhibitor,CL2A,ADCC007003,Half Maximal Effective Concentration (EC50),1,=,246.6,246.6,nM,1,Raji cells,EBV-related Burkitt lymphoma,https://adcdb.idrblab.net/data/adc/details/DRG0BXRDQ,data/raw/adcdb_idrblab/adc_details/DRG0BXRDQ.html
DRG0BZNZA,HER2 WT-Mc-Val-Cit-PABC-MMAE,Investigative,Anti-HER2 mAb WT,TAR0THKZD,Receptor tyrosine-protein kinase erbB-2 (HER2),PAY0FSXOW,Monomethyl auristatin E,PAY0FSXOW,Microtubule (MT),microtubule-disrupting,Mc-Val-Cit-PABC,ADCC007527,Half Maximal Inhibitory Concentration (IC50),1,=,2.3,2.3,nM,1,CVCL_0033,Breast adenocarcinoma,https://adcdb.idrblab.net/data/adc/details/DRG0BZNZA,data/raw/adcdb_idrblab/adc_details/DRG0BZNZA.html
DRG0BZNZA,HER2 WT-Mc-Val-Cit-PABC-MMAE,Investigative,Anti-HER2 mAb WT,TAR0THKZD,Receptor tyrosine-protein kinase erbB-2 (HER2),PAY0FSXOW,Monomethyl auristatin E,PAY0FSXOW,Microtubule (MT),microtubule-disrupting,Mc-Val-Cit-PABC,ADCC007533,Half Maximal Inhibitory Concentration (IC50),1,>,> 100,100.0,nM,1,CVCL_0062,Breast adenocarcinoma,https://adcdb.idrblab.net/data/adc/details/DRG0BZNZA,data/raw/adcdb_idrblab/adc_details/DRG0BZNZA.html
DRG0CECRA,Trastuzumab rezetecan,Approved in 2025,Trastuzumab,TAR0THKZD,Receptor tyrosine-protein kinase erbB-2 (HER2),PAY0CJNCU,SHR9265,PAY0CJNCU,DNA topoisomerase 1 (TOP1),Topo-I inhibitor,Mc-Gly-Gly-Phe-Gly,ADCC015326,Half Maximal inhibitory Concentration (lC50),1,=,0.42 ± 0.10,0.42,nM,1,CVCL_0434,Gastric adenocarcinoma,https://adcdb.idrblab.net/data/adc/details/DRG0CECRA,data/raw/adcdb_idrblab/adc_details/DRG0CECRA.html
DRG0CECRA,Trastuzumab rezetecan,Approved in 2025,Trastuzumab,TAR0THKZD,Receptor tyrosine-protein kinase erbB-2 (HER2),PAY0CJNCU,SHR9265,PAY0CJNCU,DNA topoisomerase 1 (TOP1),Topo-I inhibitor,Mc-Gly-Gly-Phe-Gly,ADCC015325,Half Maximal inhibitory Concentration (lC50),1,=,0.57 ± 0.15,0.57,nM,1,CVCL_0434,Gastric adenocarcinoma,https://adcdb.idrblab.net/data/adc/details/DRG0CECRA,data/raw/adcdb_idrblab/adc_details/DRG0CECRA.html
DRG0CECRA,Trastuzumab rezetecan,Approved in 2025,Trastuzumab,TAR0THKZD,Receptor tyrosine-protein kinase erbB-2 (HER2),PAY0CJNCU,SHR9265,PAY0CJNCU,DNA topoisomerase 1 (TOP1),Topo-I inhibitor,Mc-Gly-Gly-Phe-Gly,ADCC015327,Half Maximal inhibitory Concentration (lC50),1,=,0.77 ± 0.10,0.77,nM,1,CVCL_0434,Gastric adenocarcinoma,https://adcdb.idrblab.net/data/adc/details/DRG0CECRA,data/raw/adcdb_idrblab/adc_details/DRG0CECRA.html
DRG0CECRA,Trastuzumab rezetecan,Approved in 2025,Trastuzumab,TAR0THKZD,Receptor tyrosine-protein kinase erbB-2 (HER2),PAY0CJNCU,SHR9265,PAY0CJNCU,DNA topoisomerase 1 (TOP1),Topo-I inhibitor,Mc-Gly-Gly-Phe-Gly,ADCC015329,Half Maximal inhibitory Concentration (lC50),1,=,11.3 ± 2.7,11.3,nM,1,CVCL_0434,Gastric adenocarcinoma,https://adcdb.idrblab.net/data/adc/details/DRG0CECRA,data/raw/adcdb_idrblab/adc_details/DRG0CECRA.html
DRG0CECRA,Trastuzumab rezetecan,Approved in 2025,Trastuzumab,TAR0THKZD,Receptor tyrosine-protein kinase erbB-2 (HER2),PAY0CJNCU,SHR9265,PAY0CJNCU,DNA topoisomerase 1 (TOP1),Topo-I inhibitor,Mc-Gly-Gly-Phe-Gly,ADCC015331,Half Maximal inhibitory Concentration (lC50),1,=,42.5 ± 7.8,42.5,nM,1,CVCL_0434,Gastric adenocarcinoma,https://adcdb.idrblab.net/data/adc/details/DRG0CECRA,data/raw/adcdb_idrblab/adc_details/DRG0CECRA.html
DRG0CECRA,Trastuzumab rezetecan,Approved in 2025,Trastuzumab,TAR0THKZD,Receptor tyrosine-protein kinase erbB-2 (HER2),PAY0CJNCU,SHR9265,PAY0CJNCU,DNA topoisomerase 1 (TOP1),Topo-I inhibitor,Mc-Gly-Gly-Phe-Gly,ADCC015330,Half Maximal inhibitory Concentration (lC50),1,=,59.1 ± 17.2,59.1,nM,1,CVCL_0434,Gastric adenocarcinoma,https://adcdb.idrblab.net/data/adc/details/DRG0CECRA,data/raw/adcdb_idrblab/adc_details/DRG0CECRA.html
DRG0CECRA,Trastuzumab rezetecan,Approved in 2025,Trastuzumab,TAR0THKZD,Receptor tyrosine-protein kinase erbB-2 (HER2),PAY0CJNCU,SHR9265,PAY0CJNCU,DNA topoisomerase 1 (TOP1),Topo-I inhibitor,Mc-Gly-Gly-Phe-Gly,ADCC015333,Half Maximal inhibitory Concentration (lC50),1,=,97.3 ± 23.1,97.3,nM,1,CVCL_0434,Gastric adenocarcinoma,https://adcdb.idrblab.net/data/adc/details/DRG0CECRA,data/raw/adcdb_idrblab/adc_details/DRG0CECRA.html
DRG0CECRA,Trastuzumab rezetecan,Approved in 2025,Trastuzumab,TAR0THKZD,Receptor tyrosine-protein kinase erbB-2 (HER2),PAY0CJNCU,SHR9265,PAY0CJNCU,DNA topoisomerase 1 (TOP1),Topo-I inhibitor,Mc-Gly-Gly-Phe-Gly,ADCC015332,Half Maximal inhibitory Concentration (lC50),1,=,132.6,132.6,nM,1,CVCL_0434,Gastric adenocarcinoma,https://adcdb.idrblab.net/data/adc/details/DRG0CECRA,data/raw/adcdb_idrblab/adc_details/DRG0CECRA.html
DRG0CECRA,Trastuzumab rezetecan,Approved in 2025,Trastuzumab,TAR0THKZD,Receptor tyrosine-protein kinase erbB-2 (HER2),PAY0CJNCU,SHR9265,PAY0CJNCU,DNA topoisomerase 1 (TOP1),Topo-I inhibitor,Mc-Gly-Gly-Phe-Gly,ADCC015328,Half Maximal inhibitory Concentration (lC50),1,=,302.9 ± 87,302.9,nM,1,CVCL_0434,Gastric adenocarcinoma,https://adcdb.idrblab.net/data/adc/details/DRG0CECRA,data/raw/adcdb_idrblab/adc_details/DRG0CECRA.html
DRG0CIWNZ,IgG1 (trastuzumab)-vc-MMAE,Investigative,Trastuzumab,TAR0THKZD,Receptor tyrosine-protein kinase erbB-2 (HER2),PAY0FSXOW,Monomethyl auristatin E,PAY0FSXOW,Microtubule (MT),microtubule-disrupting,Mc-Val-Cit-PABC,ADCC003154,Half Maximal Inhibitory Concentration (IC50),1,=,27.4,27.4,nM,1,NCI-N87 cells,Gastric tubular adenocarcinoma,https://adcdb.idrblab.net/data/adc/details/DRG0CIWNZ,data/raw/adcdb_idrblab/adc_details/DRG0CIWNZ.html
DRG0CRHCH,ABBV-322,Investigative,Depatuxizumab S238C,TAR0UYFIF,Epidermal growth factor receptor (EGFR),PAY0IJSCK,PBD dimer,PAY0IJSCK,Human Deoxyribonucleic acid (hDNA),DNA-damaging,Mc-Val-Ala,ADCC006943,Half Maximal Inhibitory Concentration (IC50),1,=,10.00 - 35.00,10.0,ug/mL,0,NCI-H2052 cells,Pleural mesothelioma,https://adcdb.idrblab.net/data/adc/details/DRG0CRHCH,data/raw/adcdb_idrblab/adc_details/DRG0CRHCH.html
DRG0CRHCH,ABBV-322,Investigative,Depatuxizumab S238C,TAR0UYFIF,Epidermal growth factor receptor (EGFR),PAY0IJSCK,PBD dimer,PAY0IJSCK,Human Deoxyribonucleic acid (hDNA),DNA-damaging,Mc-Val-Ala,ADCC006941,Half Maximal Inhibitory Concentration (IC50),1,=,10.00 - 35.00,10.0,ug/mL,0,NCI-H2052 cells,Pleural mesothelioma,https://adcdb.idrblab.net/data/adc/details/DRG0CRHCH,data/raw/adcdb_idrblab/adc_details/DRG0CRHCH.html
DRG0CRHCH,ABBV-322,Investigative,Depatuxizumab S238C,TAR0UYFIF,Epidermal growth factor receptor (EGFR),PAY0IJSCK,PBD dimer,PAY0IJSCK,Human Deoxyribonucleic acid (hDNA),DNA-damaging,Mc-Val-Ala,ADCC006939,Half Maximal Inhibitory Concentration (IC50),1,=,10.00 - 35.00,10.0,ug/mL,0,NCI-H28 cells,Pleural mesothelioma,https://adcdb.idrblab.net/data/adc/details/DRG0CRHCH,data/raw/adcdb_idrblab/adc_details/DRG0CRHCH.html
DRG0CRHCH,ABBV-322,Investigative,Depatuxizumab S238C,TAR0UYFIF,Epidermal growth factor receptor (EGFR),PAY0IJSCK,PBD dimer,PAY0IJSCK,Human Deoxyribonucleic acid (hDNA),DNA-damaging,Mc-Val-Ala,ADCC006937,Half Maximal Inhibitory Concentration (IC50),1,=,10.00 - 35.00,10.0,ug/mL,0,MSTO-211H cells,Pleural biphasic mesothelioma,https://adcdb.idrblab.net/data/adc/details/DRG0CRHCH,data/raw/adcdb_idrblab/adc_details/DRG0CRHCH.html
DRG0CVRIW,HuDS6v1.01-DM4,Investigative,huDS6v1.01,TAR0BWSFH,Mucin-1 (MUC1),PAY0GTSVM,Mertansine DM4,PAY0GTSVM,Microtubule (MT),microtubule-disrupting,N-succinimidyl 4-(2-pyridyldithio) butanoate (SPDB),ADCC003828,Half Maximal Inhibitory Concentration (IC50),1,<,< 10,10.0,nM,1,KB cells,Human papillomavirus-related endocervical adenocarcinoma,https://adcdb.idrblab.net/data/adc/details/DRG0CVRIW,data/raw/adcdb_idrblab/adc_details/DRG0CVRIW.html
DRG0CXFTH,Serclutamab talirine,Phase 1 (discontinued),Serclutamab,TAR0UYFIF,Epidermal growth factor receptor (EGFR),PAY0AKDAM,SGD-1882,PAY0AKDAM,Human deoxyribonucleic acid (hDNA),DNA-damaging,Mc-Val-Ala,ADCC001079,Half Maximal Inhibitory Concentration (IC50),1,=,15,15.0,pM,1,SW48 cells,Colon adenocarcinoma,https://adcdb.idrblab.net/data/adc/details/DRG0CXFTH,data/raw/adcdb_idrblab/adc_details/DRG0CXFTH.html
DRG0CXFTH,Serclutamab talirine,Phase 1 (discontinued),Serclutamab,TAR0UYFIF,Epidermal growth factor receptor (EGFR),PAY0AKDAM,SGD-1882,PAY0AKDAM,Human deoxyribonucleic acid (hDNA),DNA-damaging,Mc-Val-Ala,ADCC001057,Half Maximal Inhibitory Concentration (IC50),1,=,0.23,0.23,nM,1,U-87 MGvIII cells,Glioblastoma,https://adcdb.idrblab.net/data/adc/details/DRG0CXFTH,data/raw/adcdb_idrblab/adc_details/DRG0CXFTH.html
DRG0CXFTH,Serclutamab talirine,Phase 1 (discontinued),Serclutamab,TAR0UYFIF,Epidermal growth factor receptor (EGFR),PAY0AKDAM,SGD-1882,PAY0AKDAM,Human deoxyribonucleic acid (hDNA),DNA-damaging,Mc-Val-Ala,ADCC001083,Half Maximal Inhibitory Concentration (IC50),1,=,0.7,0.7,nM,1,LoVo cells,Colon adenocarcinoma,https://adcdb.idrblab.net/data/adc/details/DRG0CXFTH,data/raw/adcdb_idrblab/adc_details/DRG0CXFTH.html
DRG0CXFTH,Serclutamab talirine,Phase 1 (discontinued),Serclutamab,TAR0UYFIF,Epidermal growth factor receptor (EGFR),PAY0AKDAM,SGD-1882,PAY0AKDAM,Human deoxyribonucleic acid (hDNA),DNA-damaging,Mc-Val-Ala,ADCC001068,Half Maximal Inhibitory Concentration (IC50),1,=,0.7,0.7,nM,1,U-251MG cells,Astrocytoma,https://adcdb.idrblab.net/data/adc/details/DRG0CXFTH,data/raw/adcdb_idrblab/adc_details/DRG0CXFTH.html
DRG0CXFTH,Serclutamab talirine,Phase 1 (discontinued),Serclutamab,TAR0UYFIF,Epidermal growth factor receptor (EGFR),PAY0AKDAM,SGD-1882,PAY0AKDAM,Human deoxyribonucleic acid (hDNA),DNA-damaging,Mc-Val-Ala,ADCC001089,Half Maximal Inhibitory Concentration (IC50),1,=,1,1.0,nM,1,LS174T cells,Colon adenocarcinoma,https://adcdb.idrblab.net/data/adc/details/DRG0CXFTH,data/raw/adcdb_idrblab/adc_details/DRG0CXFTH.html
DRG0CXFTH,Serclutamab talirine,Phase 1 (discontinued),Serclutamab,TAR0UYFIF,Epidermal growth factor receptor (EGFR),PAY0AKDAM,SGD-1882,PAY0AKDAM,Human deoxyribonucleic acid (hDNA),DNA-damaging,Mc-Val-Ala,ADCC001090,Half Maximal Inhibitory Concentration (IC50),1,=,1.1,1.1,nM,1,SK-CO-1 cells,Colon adenocarcinoma,https://adcdb.idrblab.net/data/adc/details/DRG0CXFTH,data/raw/adcdb_idrblab/adc_details/DRG0CXFTH.html
DRG0CXFTH,Serclutamab talirine,Phase 1 (discontinued),Serclutamab,TAR0UYFIF,Epidermal growth factor receptor (EGFR),PAY0AKDAM,SGD-1882,PAY0AKDAM,Human deoxyribonucleic acid (hDNA),DNA-damaging,Mc-Val-Ala,ADCC001063,Half Maximal Inhibitory Concentration (IC50),1,=,1.4,1.4,nM,1,SF268 cells,Astrocytoma,https://adcdb.idrblab.net/data/adc/details/DRG0CXFTH,data/raw/adcdb_idrblab/adc_details/DRG0CXFTH.html
DRG0CXFTH,Serclutamab talirine,Phase 1 (discontinued),Serclutamab,TAR0UYFIF,Epidermal growth factor receptor (EGFR),PAY0AKDAM,SGD-1882,PAY0AKDAM,Human deoxyribonucleic acid (hDNA),DNA-damaging,Mc-Val-Ala,ADCC001086,Half Maximal Inhibitory Concentration (IC50),1,=,1.5,1.5,nM,1,HT29 cells,Colon cancer,https://adcdb.idrblab.net/data/adc/details/DRG0CXFTH,data/raw/adcdb_idrblab/adc_details/DRG0CXFTH.html
DRG0CXFTH,Serclutamab talirine,Phase 1 (discontinued),Serclutamab,TAR0UYFIF,Epidermal growth factor receptor (EGFR),PAY0AKDAM,SGD-1882,PAY0AKDAM,Human deoxyribonucleic acid (hDNA),DNA-damaging,Mc-Val-Ala,ADCC001061,Half Maximal Inhibitory Concentration (IC50),1,=,1.5,1.5,nM,1,M059K cells,Glioblastoma,https://adcdb.idrblab.net/data/adc/details/DRG0CXFTH,data/raw/adcdb_idrblab/adc_details/DRG0CXFTH.html
DRG0CXFTH,Serclutamab talirine,Phase 1 (discontinued),Serclutamab,TAR0UYFIF,Epidermal growth factor receptor (EGFR),PAY0AKDAM,SGD-1882,PAY0AKDAM,Human deoxyribonucleic acid (hDNA),DNA-damaging,Mc-Val-Ala,ADCC001094,Half Maximal Inhibitory Concentration (IC50),1,=,1.8,1.8,nM,1,SW403 cells,Colon adenocarcinoma,https://adcdb.idrblab.net/data/adc/details/DRG0CXFTH,data/raw/adcdb_idrblab/adc_details/DRG0CXFTH.html
DRG0CXFTH,Serclutamab talirine,Phase 1 (discontinued),Serclutamab,TAR0UYFIF,Epidermal growth factor receptor (EGFR),PAY0AKDAM,SGD-1882,PAY0AKDAM,Human deoxyribonucleic acid (hDNA),DNA-damaging,Mc-Val-Ala,ADCC001072,Half Maximal Inhibitory Concentration (IC50),1,=,1.9,1.9,nM,1,PFSK-1 cells,Primitive neuroectodermal tumor,https://adcdb.idrblab.net/data/adc/details/DRG0CXFTH,data/raw/adcdb_idrblab/adc_details/DRG0CXFTH.html
DRG0CXFTH,Serclutamab talirine,Phase 1 (discontinued),Serclutamab,TAR0UYFIF,Epidermal growth factor receptor (EGFR),PAY0AKDAM,SGD-1882,PAY0AKDAM,Human deoxyribonucleic acid (hDNA),DNA-damaging,Mc-Val-Ala,ADCC001064,Half Maximal Inhibitory Concentration (IC50),1,=,2.5,2.5,nM,1,SF539 cells,Gliosarcoma,https://adcdb.idrblab.net/data/adc/details/DRG0CXFTH,data/raw/adcdb_idrblab/adc_details/DRG0CXFTH.html
DRG0CXFTH,Serclutamab talirine,Phase 1 (discontinued),Serclutamab,TAR0UYFIF,Epidermal growth factor receptor (EGFR),PAY0AKDAM,SGD-1882,PAY0AKDAM,Human deoxyribonucleic acid (hDNA),DNA-damaging,Mc-Val-Ala,ADCC001082,Half Maximal Inhibitory Concentration (IC50),1,=,2.6,2.6,nM,1,COLO 201 cells,Colon adenocarcinoma,https://adcdb.idrblab.net/data/adc/details/DRG0CXFTH,data/raw/adcdb_idrblab/adc_details/DRG0CXFTH.html
DRG0CXFTH,Serclutamab talirine,Phase 1 (discontinued),Serclutamab,TAR0UYFIF,Epidermal growth factor receptor (EGFR),PAY0AKDAM,SGD-1882,PAY0AKDAM,Human deoxyribonucleic acid (hDNA),DNA-damaging,Mc-Val-Ala,ADCC001060,Half Maximal Inhibitory Concentration (IC50),1,=,2.8,2.8,nM,1,M059J cells,Glioblastoma,https://adcdb.idrblab.net/data/adc/details/DRG0CXFTH,data/raw/adcdb_idrblab/adc_details/DRG0CXFTH.html
DRG0CXFTH,Serclutamab talirine,Phase 1 (discontinued),Serclutamab,TAR0UYFIF,Epidermal growth factor receptor (EGFR),PAY0AKDAM,SGD-1882,PAY0AKDAM,Human deoxyribonucleic acid (hDNA),DNA-damaging,Mc-Val-Ala,ADCC001097,Half Maximal Inhibitory Concentration (IC50),1,=,3.3,3.3,nM,1,COLO 205 cells,Colon adenocarcinoma,https://adcdb.idrblab.net/data/adc/details/DRG0CXFTH,data/raw/adcdb_idrblab/adc_details/DRG0CXFTH.html
DRG0CXFTH,Serclutamab talirine,Phase 1 (discontinued),Serclutamab,TAR0UYFIF,Epidermal growth factor receptor (EGFR),PAY0AKDAM,SGD-1882,PAY0AKDAM,Human deoxyribonucleic acid (hDNA),DNA-damaging,Mc-Val-Ala,ADCC001065,Half Maximal Inhibitory Concentration (IC50),1,=,3.7,3.7,nM,1,SNB-19 cells,Astrocytoma,https://adcdb.idrblab.net/data/adc/details/DRG0CXFTH,data/raw/adcdb_idrblab/adc_details/DRG0CXFTH.html
DRG0CXFTH,Serclutamab talirine,Phase 1 (discontinued),Serclutamab,TAR0UYFIF,Epidermal growth factor receptor (EGFR),PAY0AKDAM,SGD-1882,PAY0AKDAM,Human deoxyribonucleic acid (hDNA),DNA-damaging,Mc-Val-Ala,ADCC001099,Half Maximal Inhibitory Concentration (IC50),1,=,4.3,4.3,nM,1,SW620 cells,Colon adenocarcinoma,https://adcdb.idrblab.net/data/adc/details/DRG0CXFTH,data/raw/adcdb_idrblab/adc_details/DRG0CXFTH.html
DRG0CXFTH,Serclutamab talirine,Phase 1 (discontinued),Serclutamab,TAR0UYFIF,Epidermal growth factor receptor (EGFR),PAY0AKDAM,SGD-1882,PAY0AKDAM,Human deoxyribonucleic acid (hDNA),DNA-damaging,Mc-Val-Ala,ADCC001084,Half Maximal Inhibitory Concentration (IC50),1,=,4.6,4.6,nM,1,SW1116 cells,Colon adenocarcinoma,https://adcdb.idrblab.net/data/adc/details/DRG0CXFTH,data/raw/adcdb_idrblab/adc_details/DRG0CXFTH.html
DRG0CXFTH,Serclutamab talirine,Phase 1 (discontinued),Serclutamab,TAR0UYFIF,Epidermal growth factor receptor (EGFR),PAY0AKDAM,SGD-1882,PAY0AKDAM,Human deoxyribonucleic acid (hDNA),DNA-damaging,Mc-Val-Ala,ADCC001067,Half Maximal Inhibitory Concentration (IC50),1,=,4.6,4.6,nM,1,U-87MG cells,Glioblastoma,https://adcdb.idrblab.net/data/adc/details/DRG0CXFTH,data/raw/adcdb_idrblab/adc_details/DRG0CXFTH.html
DRG0CXFTH,Serclutamab talirine,Phase 1 (discontinued),Serclutamab,TAR0UYFIF,Epidermal growth factor receptor (EGFR),PAY0AKDAM,SGD-1882,PAY0AKDAM,Human deoxyribonucleic acid (hDNA),DNA-damaging,Mc-Val-Ala,ADCC001093,Half Maximal Inhibitory Concentration (IC50),1,=,4.7,4.7,nM,1,RKO cells,Colon carcinoma,https://adcdb.idrblab.net/data/adc/details/DRG0CXFTH,data/raw/adcdb_idrblab/adc_details/DRG0CXFTH.html
DRG0CXFTH,Serclutamab talirine,Phase 1 (discontinued),Serclutamab,TAR0UYFIF,Epidermal growth factor receptor (EGFR),PAY0AKDAM,SGD-1882,PAY0AKDAM,Human deoxyribonucleic acid (hDNA),DNA-damaging,Mc-Val-Ala,ADCC001096,Half Maximal Inhibitory Concentration (IC50),1,=,4.8,4.8,nM,1,SW1463 cells,Rectal adenocarcinoma,https://adcdb.idrblab.net/data/adc/details/DRG0CXFTH,data/raw/adcdb_idrblab/adc_details/DRG0CXFTH.html
DRG0CXFTH,Serclutamab talirine,Phase 1 (discontinued),Serclutamab,TAR0UYFIF,Epidermal growth factor receptor (EGFR),PAY0AKDAM,SGD-1882,PAY0AKDAM,Human deoxyribonucleic acid (hDNA),DNA-damaging,Mc-Val-Ala,ADCC001071,Half Maximal Inhibitory Concentration (IC50),1,=,4.8,4.8,nM,1,CHLA-03-AA cells,Anaplastic astrocytoma,https://adcdb.idrblab.net/data/adc/details/DRG0CXFTH,data/raw/adcdb_idrblab/adc_details/DRG0CXFTH.html
DRG0CXFTH,Serclutamab talirine,Phase 1 (discontinued),Serclutamab,TAR0UYFIF,Epidermal growth factor receptor (EGFR),PAY0AKDAM,SGD-1882,PAY0AKDAM,Human deoxyribonucleic acid (hDNA),DNA-damaging,Mc-Val-Ala,ADCC001085,Half Maximal Inhibitory Concentration (IC50),1,=,5.5,5.5,nM,1,WiDr cells,Colon adenocarcinoma,https://adcdb.idrblab.net/data/adc/details/DRG0CXFTH,data/raw/adcdb_idrblab/adc_details/DRG0CXFTH.html
DRG0CXFTH,Serclutamab talirine,Phase 1 (discontinued),Serclutamab,TAR0UYFIF,Epidermal growth factor receptor (EGFR),PAY0AKDAM,SGD-1882,PAY0AKDAM,Human deoxyribonucleic acid (hDNA),DNA-damaging,Mc-Val-Ala,ADCC001087,Half Maximal Inhibitory Concentration (IC50),1,=,8,8.0,nM,1,SW480 cells,Colon adenocarcinoma,https://adcdb.idrblab.net/data/adc/details/DRG0CXFTH,data/raw/adcdb_idrblab/adc_details/DRG0CXFTH.html
DRG0CXFTH,Serclutamab talirine,Phase 1 (discontinued),Serclutamab,TAR0UYFIF,Epidermal growth factor receptor (EGFR),PAY0AKDAM,SGD-1882,PAY0AKDAM,Human deoxyribonucleic acid (hDNA),DNA-damaging,Mc-Val-Ala,ADCC001062,Half Maximal Inhibitory Concentration (IC50),1,=,8.4,8.4,nM,1,LN-18 cells,Glioblastoma,https://adcdb.idrblab.net/data/adc/details/DRG0CXFTH,data/raw/adcdb_idrblab/adc_details/DRG0CXFTH.html
DRG0CXFTH,Serclutamab talirine,Phase 1 (discontinued),Serclutamab,TAR0UYFIF,Epidermal growth factor receptor (EGFR),PAY0AKDAM,SGD-1882,PAY0AKDAM,Human deoxyribonucleic acid (hDNA),DNA-damaging,Mc-Val-Ala,ADCC001080,Half Maximal Inhibitory Concentration (IC50),1,=,9,9.0,nM,1,DLD-1 cells,Colon adenocarcinoma,https://adcdb.idrblab.net/data/adc/details/DRG0CXFTH,data/raw/adcdb_idrblab/adc_details/DRG0CXFTH.html
DRG0CXFTH,Serclutamab talirine,Phase 1 (discontinued),Serclutamab,TAR0UYFIF,Epidermal growth factor receptor (EGFR),PAY0AKDAM,SGD-1882,PAY0AKDAM,Human deoxyribonucleic acid (hDNA),DNA-damaging,Mc-Val-Ala,ADCC001095,Half Maximal Inhibitory Concentration (IC50),1,=,9.5,9.5,nM,1,LS1034 cells,Cecum adenocarcinoma,https://adcdb.idrblab.net/data/adc/details/DRG0CXFTH,data/raw/adcdb_idrblab/adc_details/DRG0CXFTH.html
DRG0CXFTH,Serclutamab talirine,Phase 1 (discontinued),Serclutamab,TAR0UYFIF,Epidermal growth factor receptor (EGFR),PAY0AKDAM,SGD-1882,PAY0AKDAM,Human deoxyribonucleic acid (hDNA),DNA-damaging,Mc-Val-Ala,ADCC001070,Half Maximal Inhibitory Concentration (IC50),1,=,10.6,10.6,nM,1,SNB-75 cells,Glioblastoma,https://adcdb.idrblab.net/data/adc/details/DRG0CXFTH,data/raw/adcdb_idrblab/adc_details/DRG0CXFTH.html
DRG0CXFTH,Serclutamab talirine,Phase 1 (discontinued),Serclutamab,TAR0UYFIF,Epidermal growth factor receptor (EGFR),PAY0AKDAM,SGD-1882,PAY0AKDAM,Human deoxyribonucleic acid (hDNA),DNA-damaging,Mc-Val-Ala,ADCC001091,Half Maximal Inhibitory Concentration (IC50),1,=,11.8,11.8,nM,1,T84 cells,Colon adenocarcinoma,https://adcdb.idrblab.net/data/adc/details/DRG0CXFTH,data/raw/adcdb_idrblab/adc_details/DRG0CXFTH.html
DRG0CXFTH,Serclutamab talirine,Phase 1 (discontinued),Serclutamab,TAR0UYFIF,Epidermal growth factor receptor (EGFR),PAY0AKDAM,SGD-1882,PAY0AKDAM,Human deoxyribonucleic acid (hDNA),DNA-damaging,Mc-Val-Ala,ADCC001081,Half Maximal Inhibitory Concentration (IC50),1,=,12,12.0,nM,1,HCT 116 cells,Colon carcinoma,https://adcdb.idrblab.net/data/adc/details/DRG0CXFTH,data/raw/adcdb_idrblab/adc_details/DRG0CXFTH.html
DRG0CXFTH,Serclutamab talirine,Phase 1 (discontinued),Serclutamab,TAR0UYFIF,Epidermal growth factor receptor (EGFR),PAY0AKDAM,SGD-1882,PAY0AKDAM,Human deoxyribonucleic acid (hDNA),DNA-damaging,Mc-Val-Ala,ADCC001092,Half Maximal Inhibitory Concentration (IC50),1,=,13.9,13.9,nM,1,Caco-2 cells,Colon adenocarcinoma,https://adcdb.idrblab.net/data/adc/details/DRG0CXFTH,data/raw/adcdb_idrblab/adc_details/DRG0CXFTH.html
DRG0CXFTH,Serclutamab talirine,Phase 1 (discontinued),Serclutamab,TAR0UYFIF,Epidermal growth factor receptor (EGFR),PAY0AKDAM,SGD-1882,PAY0AKDAM,Human deoxyribonucleic acid (hDNA),DNA-damaging,Mc-Val-Ala,ADCC001059,Half Maximal Inhibitory Concentration (IC50),1,=,14.5,14.5,nM,1,T98G cells,Glioblastoma,https://adcdb.idrblab.net/data/adc/details/DRG0CXFTH,data/raw/adcdb_idrblab/adc_details/DRG0CXFTH.html
DRG0CXFTH,Serclutamab talirine,Phase 1 (discontinued),Serclutamab,TAR0UYFIF,Epidermal growth factor receptor (EGFR),PAY0AKDAM,SGD-1882,PAY0AKDAM,Human deoxyribonucleic acid (hDNA),DNA-damaging,Mc-Val-Ala,ADCC001069,Half Maximal Inhibitory Concentration (IC50),1,=,16.1,16.1,nM,1,U-138MG cells,Astrocytoma,https://adcdb.idrblab.net/data/adc/details/DRG0CXFTH,data/raw/adcdb_idrblab/adc_details/DRG0CXFTH.html
DRG0CXFTH,Serclutamab talirine,Phase 1 (discontinued),Serclutamab,TAR0UYFIF,Epidermal growth factor receptor (EGFR),PAY0AKDAM,SGD-1882,PAY0AKDAM,Human deoxyribonucleic acid (hDNA),DNA-damaging,Mc-Val-Ala,ADCC001100,Half Maximal Inhibitory Concentration (IC50),1,=,17.6,17.6,nM,1,COLO 320DM cells,Colon adenocarcinoma,https://adcdb.idrblab.net/data/adc/details/DRG0CXFTH,data/raw/adcdb_idrblab/adc_details/DRG0CXFTH.html
DRG0CXFTH,Serclutamab talirine,Phase 1 (discontinued),Serclutamab,TAR0UYFIF,Epidermal growth factor receptor (EGFR),PAY0AKDAM,SGD-1882,PAY0AKDAM,Human deoxyribonucleic acid (hDNA),DNA-damaging,Mc-Val-Ala,ADCC001066,Half Maximal Inhibitory Concentration (IC50),1,=,18,18.0,nM,1,DBTRG-05MG cells,Anaplastic astrocytoma,https://adcdb.idrblab.net/data/adc/details/DRG0CXFTH,data/raw/adcdb_idrblab/adc_details/DRG0CXFTH.html
DRG0CXFTH,Serclutamab talirine,Phase 1 (discontinued),Serclutamab,TAR0UYFIF,Epidermal growth factor receptor (EGFR),PAY0AKDAM,SGD-1882,PAY0AKDAM,Human deoxyribonucleic acid (hDNA),DNA-damaging,Mc-Val-Ala,ADCC001058,Half Maximal Inhibitory Concentration (IC50),1,=,23.2,23.2,nM,1,A-172 cells,Glioblastoma,https://adcdb.idrblab.net/data/adc/details/DRG0CXFTH,data/raw/adcdb_idrblab/adc_details/DRG0CXFTH.html
DRG0CXFTH,Serclutamab talirine,Phase 1 (discontinued),Serclutamab,TAR0UYFIF,Epidermal growth factor receptor (EGFR),PAY0AKDAM,SGD-1882,PAY0AKDAM,Human deoxyribonucleic acid (hDNA),DNA-damaging,Mc-Val-Ala,ADCC001098,Half Maximal Inhibitory Concentration (IC50),1,=,24.9,24.9,nM,1,COLO 320HSR cells,Colon adenocarcinoma,https://adcdb.idrblab.net/data/adc/details/DRG0CXFTH,data/raw/adcdb_idrblab/adc_details/DRG0CXFTH.html
DRG0CXFTH,Serclutamab talirine,Phase 1 (discontinued),Serclutamab,TAR0UYFIF,Epidermal growth factor receptor (EGFR),PAY0AKDAM,SGD-1882,PAY0AKDAM,Human deoxyribonucleic acid (hDNA),DNA-damaging,Mc-Val-Ala,ADCC001088,Half Maximal Inhibitory Concentration (IC50),1,=,28.4,28.4,nM,1,HCT 15 cells,Colon adenocarcinoma,https://adcdb.idrblab.net/data/adc/details/DRG0CXFTH,data/raw/adcdb_idrblab/adc_details/DRG0CXFTH.html
DRG0CXIUK,T-CpHK-Tet-ADC,Investigative,Trastuzumab-CpHK,TAR0THKZD,Receptor tyrosine-protein kinase erbB-2 (HER2),PAY0FSXOW,Monomethyl auristatin E,PAY0FSXOW,Microtubule (MT),microtubule-disrupting,Tetrazine-PEG5-Val-Ala-PABC,ADCC002158,Half Maximal Inhibitory Concentration (IC50),1,=,0.3,0.3,nM,1,SK-BR-3 cells,Breast adenocarcinoma,https://adcdb.idrblab.net/data/adc/details/DRG0CXIUK,data/raw/adcdb_idrblab/adc_details/DRG0CXIUK.html
DRG0CXIUK,T-CpHK-Tet-ADC,Investigative,Trastuzumab-CpHK,TAR0THKZD,Receptor tyrosine-protein kinase erbB-2 (HER2),PAY0FSXOW,Monomethyl auristatin E,PAY0FSXOW,Microtubule (MT),microtubule-disrupting,Tetrazine-PEG5-Val-Ala-PABC,ADCC002159,Half Maximal Inhibitory Concentration (IC50),1,=,0.4,0.4,nM,1,NCI-N87 cells,Gastric tubular adenocarcinoma,https://adcdb.idrblab.net/data/adc/details/DRG0CXIUK,data/raw/adcdb_idrblab/adc_details/DRG0CXIUK.html
DRG0CXIUK,T-CpHK-Tet-ADC,Investigative,Trastuzumab-CpHK,TAR0THKZD,Receptor tyrosine-protein kinase erbB-2 (HER2),PAY0FSXOW,Monomethyl auristatin E,PAY0FSXOW,Microtubule (MT),microtubule-disrupting,Tetrazine-PEG5-Val-Ala-PABC,ADCC002160,Half Maximal Inhibitory Concentration (IC50),1,=,68,68.0,nM,1,ZR-75-1 cells,Invasive breast carcinoma,https://adcdb.idrblab.net/data/adc/details/DRG0CXIUK,data/raw/adcdb_idrblab/adc_details/DRG0CXIUK.html
DRG0CYMEB,Trastuzumab emtansine,Approved in 2013,Trastuzumab,TAR0THKZD,Receptor tyrosine-protein kinase erbB-2 (HER2),PAY0VZVPQ,DM1,PAY0VZVPQ,Microtubule (MT),microtubule-disrupting,Succinimidyl-4-(N-maleimidomethyl)cyclohexane-1-carboxylate (SMCC),ADCC003247,Half Maximal Inhibitory Concentration (IC50),1,=,0.04,0.04,nM,1,SK-BR-3 cells,Breast adenocarcinoma,https://adcdb.idrblab.net/data/adc/details/DRG0CYMEB,data/raw/adcdb_idrblab/adc_details/DRG0CYMEB.html
DRG0CYMEB,Trastuzumab emtansine,Approved in 2013,Trastuzumab,TAR0THKZD,Receptor tyrosine-protein kinase erbB-2 (HER2),PAY0VZVPQ,DM1,PAY0VZVPQ,Microtubule (MT),microtubule-disrupting,Succinimidyl-4-(N-maleimidomethyl)cyclohexane-1-carboxylate (SMCC),ADCC003249,Half Maximal Inhibitory Concentration (IC50),1,=,0.14,0.14,nM,1,SK-OV-3 cells,Ovarian serous cystadenocarcinoma,https://adcdb.idrblab.net/data/adc/details/DRG0CYMEB,data/raw/adcdb_idrblab/adc_details/DRG0CYMEB.html
DRG0CYMEB,Trastuzumab emtansine,Approved in 2013,Trastuzumab,TAR0THKZD,Receptor tyrosine-protein kinase erbB-2 (HER2),PAY0VZVPQ,DM1,PAY0VZVPQ,Microtubule (MT),microtubule-disrupting,Succinimidyl-4-(N-maleimidomethyl)cyclohexane-1-carboxylate (SMCC),ADCC006707,Half Maximal Inhibitory Concentration (IC50),1,=,0.24,0.24,nM,1,SK-BR-3 cells,Breast adenocarcinoma,https://adcdb.idrblab.net/data/adc/details/DRG0CYMEB,data/raw/adcdb_idrblab/adc_details/DRG0CYMEB.html
DRG0CYMEB,Trastuzumab emtansine,Approved in 2013,Trastuzumab,TAR0THKZD,Receptor tyrosine-protein kinase erbB-2 (HER2),PAY0VZVPQ,DM1,PAY0VZVPQ,Microtubule (MT),microtubule-disrupting,Succinimidyl-4-(N-maleimidomethyl)cyclohexane-1-carboxylate (SMCC),ADCC002185,Half Maximal Inhibitory Concentration (IC50),1,=,0.24,0.24,nM,1,SK-BR-3 cells,Breast adenocarcinoma,https://adcdb.idrblab.net/data/adc/details/DRG0CYMEB,data/raw/adcdb_idrblab/adc_details/DRG0CYMEB.html
DRG0CYMEB,Trastuzumab emtansine,Approved in 2013,Trastuzumab,TAR0THKZD,Receptor tyrosine-protein kinase erbB-2 (HER2),PAY0VZVPQ,DM1,PAY0VZVPQ,Microtubule (MT),microtubule-disrupting,Succinimidyl-4-(N-maleimidomethyl)cyclohexane-1-carboxylate (SMCC),ADCC003248,Half Maximal Inhibitory Concentration (IC50),1,=,0.26,0.26,nM,1,NCI-N87 cells,Gastric tubular adenocarcinoma,https://adcdb.idrblab.net/data/adc/details/DRG0CYMEB,data/raw/adcdb_idrblab/adc_details/DRG0CYMEB.html
DRG0CYMEB,Trastuzumab emtansine,Approved in 2013,Trastuzumab,TAR0THKZD,Receptor tyrosine-protein kinase erbB-2 (HER2),PAY0VZVPQ,DM1,PAY0VZVPQ,Microtubule (MT),microtubule-disrupting,Succinimidyl-4-(N-maleimidomethyl)cyclohexane-1-carboxylate (SMCC),ADCC006706,Half Maximal Inhibitory Concentration (IC50),1,=,1.57,1.57,nM,1,NCI-N87 cells,Gastric tubular adenocarcinoma,https://adcdb.idrblab.net/data/adc/details/DRG0CYMEB,data/raw/adcdb_idrblab/adc_details/DRG0CYMEB.html
DRG0CYMEB,Trastuzumab emtansine,Approved in 2013,Trastuzumab,TAR0THKZD,Receptor tyrosine-protein kinase erbB-2 (HER2),PAY0VZVPQ,DM1,PAY0VZVPQ,Microtubule (MT),microtubule-disrupting,Succinimidyl-4-(N-maleimidomethyl)cyclohexane-1-carboxylate (SMCC),ADCC003250,Half Maximal Inhibitory Concentration (IC50),1,=,1.76,1.76,nM,1,JIMT-1 cells,Breast ductal carcinoma,https://adcdb.idrblab.net/data/adc/details/DRG0CYMEB,data/raw/adcdb_idrblab/adc_details/DRG0CYMEB.html
DRG0CYMEB,Trastuzumab emtansine,Approved in 2013,Trastuzumab,TAR0THKZD,Receptor tyrosine-protein kinase erbB-2 (HER2),PAY0VZVPQ,DM1,PAY0VZVPQ,Microtubule (MT),microtubule-disrupting,Succinimidyl-4-(N-maleimidomethyl)cyclohexane-1-carboxylate (SMCC),ADCC002186,Half Maximal Inhibitory Concentration (IC50),1,=,2.71,2.71,nM,1,BT-474 cells,Invasive breast carcinoma,https://adcdb.idrblab.net/data/adc/details/DRG0CYMEB,data/raw/adcdb_idrblab/adc_details/DRG0CYMEB.html
DRG0CYMEB,Trastuzumab emtansine,Approved in 2013,Trastuzumab,TAR0THKZD,Receptor tyrosine-protein kinase erbB-2 (HER2),PAY0VZVPQ,DM1,PAY0VZVPQ,Microtubule (MT),microtubule-disrupting,Succinimidyl-4-(N-maleimidomethyl)cyclohexane-1-carboxylate (SMCC),ADCC006708,Half Maximal Inhibitory Concentration (IC50),1,=,5.89,5.89,nM,1,BT-474 cells,Invasive breast carcinoma,https://adcdb.idrblab.net/data/adc/details/DRG0CYMEB,data/raw/adcdb_idrblab/adc_details/DRG0CYMEB.html
DRG0CYMEB,Trastuzumab emtansine,Approved in 2013,Trastuzumab,TAR0THKZD,Receptor tyrosine-protein kinase erbB-2 (HER2),PAY0VZVPQ,DM1,PAY0VZVPQ,Microtubule (MT),microtubule-disrupting,Succinimidyl-4-(N-maleimidomethyl)cyclohexane-1-carboxylate (SMCC),ADCC006731,Half Maximal Inhibitory Concentration (IC50),1,=,6.4,6.4,nM,1,SK-BR-3 cells,Breast adenocarcinoma,https://adcdb.idrblab.net/data/adc/details/DRG0CYMEB,data/raw/adcdb_idrblab/adc_details/DRG0CYMEB.html
DRG0CYMEB,Trastuzumab emtansine,Approved in 2013,Trastuzumab,TAR0THKZD,Receptor tyrosine-protein kinase erbB-2 (HER2),PAY0VZVPQ,DM1,PAY0VZVPQ,Microtubule (MT),microtubule-disrupting,Succinimidyl-4-(N-maleimidomethyl)cyclohexane-1-carboxylate (SMCC),ADCC002188,Half Maximal Inhibitory Concentration (IC50),1,=,18.37,18.37,nM,1,MDA-MB-468 cells,Breast adenocarcinoma,https://adcdb.idrblab.net/data/adc/details/DRG0CYMEB,data/raw/adcdb_idrblab/adc_details/DRG0CYMEB.html
DRG0CYMEB,Trastuzumab emtansine,Approved in 2013,Trastuzumab,TAR0THKZD,Receptor tyrosine-protein kinase erbB-2 (HER2),PAY0VZVPQ,DM1,PAY0VZVPQ,Microtubule (MT),microtubule-disrupting,Succinimidyl-4-(N-maleimidomethyl)cyclohexane-1-carboxylate (SMCC),ADCC003251,Half Maximal Inhibitory Concentration (IC50),1,>,> 50,50.0,nM,1,MCF-7 cells,Invasive breast carcinoma,https://adcdb.idrblab.net/data/adc/details/DRG0CYMEB,data/raw/adcdb_idrblab/adc_details/DRG0CYMEB.html
DRG0CYMEB,Trastuzumab emtansine,Approved in 2013,Trastuzumab,TAR0THKZD,Receptor tyrosine-protein kinase erbB-2 (HER2),PAY0VZVPQ,DM1,PAY0VZVPQ,Microtubule (MT),microtubule-disrupting,Succinimidyl-4-(N-maleimidomethyl)cyclohexane-1-carboxylate (SMCC),ADCC002187,Half Maximal Inhibitory Concentration (IC50),1,>,> 100,100.0,nM,1,MCF-7 cells,Invasive breast carcinoma,https://adcdb.idrblab.net/data/adc/details/DRG0CYMEB,data/raw/adcdb_idrblab/adc_details/DRG0CYMEB.html
DRG0CYMEB,Trastuzumab emtansine,Approved in 2013,Trastuzumab,TAR0THKZD,Receptor tyrosine-protein kinase erbB-2 (HER2),PAY0VZVPQ,DM1,PAY0VZVPQ,Microtubule (MT),microtubule-disrupting,Succinimidyl-4-(N-maleimidomethyl)cyclohexane-1-carboxylate (SMCC),ADCC006734,Half Maximal Inhibitory Concentration (IC50),1,=,220,220.0,nM,1,MDA-MB-468 cells,Breast adenocarcinoma,https://adcdb.idrblab.net/data/adc/details/DRG0CYMEB,data/raw/adcdb_idrblab/adc_details/DRG0CYMEB.html
DRG0CYMEB,Trastuzumab emtansine,Approved in 2013,Trastuzumab,TAR0THKZD,Receptor tyrosine-protein kinase erbB-2 (HER2),PAY0VZVPQ,DM1,PAY0VZVPQ,Microtubule (MT),microtubule-disrupting,Succinimidyl-4-(N-maleimidomethyl)cyclohexane-1-carboxylate (SMCC),ADCC006732,Half Maximal Inhibitory Concentration (IC50),1,=,317,317.0,nM,1,HCC827 cells,Lung adenocarcinoma,https://adcdb.idrblab.net/data/adc/details/DRG0CYMEB,data/raw/adcdb_idrblab/adc_details/DRG0CYMEB.html
DRG0CYMEB,Trastuzumab emtansine,Approved in 2013,Trastuzumab,TAR0THKZD,Receptor tyrosine-protein kinase erbB-2 (HER2),PAY0VZVPQ,DM1,PAY0VZVPQ,Microtubule (MT),microtubule-disrupting,Succinimidyl-4-(N-maleimidomethyl)cyclohexane-1-carboxylate (SMCC),ADCC006733,Half Maximal Inhibitory Concentration (IC50),1,>,> 500,500.0,nM,1,MCF-7 cells,Invasive breast carcinoma,https://adcdb.idrblab.net/data/adc/details/DRG0CYMEB,data/raw/adcdb_idrblab/adc_details/DRG0CYMEB.html
DRG0CYMEB,Trastuzumab emtansine,Approved in 2013,Trastuzumab,TAR0THKZD,Receptor tyrosine-protein kinase erbB-2 (HER2),PAY0VZVPQ,DM1,PAY0VZVPQ,Microtubule (MT),microtubule-disrupting,Succinimidyl-4-(N-maleimidomethyl)cyclohexane-1-carboxylate (SMCC),ADCC007082,Half Maximal Inhibitory Concentration (IC50),1,=,8.00-15.00,8.0,ng/mL,0,CVCL_0033,Breast adenocarcinoma,https://adcdb.idrblab.net/data/adc/details/DRG0CYMEB,data/raw/adcdb_idrblab/adc_details/DRG0CYMEB.html
DRG0CYMEB,Trastuzumab emtansine,Approved in 2013,Trastuzumab,TAR0THKZD,Receptor tyrosine-protein kinase erbB-2 (HER2),PAY0VZVPQ,DM1,PAY0VZVPQ,Microtubule (MT),microtubule-disrupting,Succinimidyl-4-(N-maleimidomethyl)cyclohexane-1-carboxylate (SMCC),ADCC002190,Half Maximal Inhibitory Concentration (IC50),1,=,0,0.0,ug/mL,0,BT-474 EEI cells,Invasive breast carcinoma of no special type,https://adcdb.idrblab.net/data/adc/details/DRG0CYMEB,data/raw/adcdb_idrblab/adc_details/DRG0CYMEB.html
DRG0CYMEB,Trastuzumab emtansine,Approved in 2013,Trastuzumab,TAR0THKZD,Receptor tyrosine-protein kinase erbB-2 (HER2),PAY0VZVPQ,DM1,PAY0VZVPQ,Microtubule (MT),microtubule-disrupting,Succinimidyl-4-(N-maleimidomethyl)cyclohexane-1-carboxylate (SMCC),ADCC002194,Half Maximal Inhibitory Concentration (IC50),1,=,0.01,0.01,ug/mL,0,SK-OV-3 cells,Ovarian serous cystadenocarcinoma,https://adcdb.idrblab.net/data/adc/details/DRG0CYMEB,data/raw/adcdb_idrblab/adc_details/DRG0CYMEB.html
DRG0CYMEB,Trastuzumab emtansine,Approved in 2013,Trastuzumab,TAR0THKZD,Receptor tyrosine-protein kinase erbB-2 (HER2),PAY0VZVPQ,DM1,PAY0VZVPQ,Microtubule (MT),microtubule-disrupting,Succinimidyl-4-(N-maleimidomethyl)cyclohexane-1-carboxylate (SMCC),ADCC002192,Half Maximal Inhibitory Concentration (IC50),1,=,0.01,0.01,ug/mL,0,KPL-4 cells,Breast inflammatory carcinoma,https://adcdb.idrblab.net/data/adc/details/DRG0CYMEB,data/raw/adcdb_idrblab/adc_details/DRG0CYMEB.html
DRG0CYMEB,Trastuzumab emtansine,Approved in 2013,Trastuzumab,TAR0THKZD,Receptor tyrosine-protein kinase erbB-2 (HER2),PAY0VZVPQ,DM1,PAY0VZVPQ,Microtubule (MT),microtubule-disrupting,Succinimidyl-4-(N-maleimidomethyl)cyclohexane-1-carboxylate (SMCC),ADCC002191,Half Maximal Inhibitory Concentration (IC50),1,=,0.03,0.03,ug/mL,0,HCC1954 cells,Breast ductal carcinoma,https://adcdb.idrblab.net/data/adc/details/DRG0CYMEB,data/raw/adcdb_idrblab/adc_details/DRG0CYMEB.html
DRG0CYMEB,Trastuzumab emtansine,Approved in 2013,Trastuzumab,TAR0THKZD,Receptor tyrosine-protein kinase erbB-2 (HER2),PAY0VZVPQ,DM1,PAY0VZVPQ,Microtubule (MT),microtubule-disrupting,Succinimidyl-4-(N-maleimidomethyl)cyclohexane-1-carboxylate (SMCC),ADCC002193,Half Maximal Inhibitory Concentration (IC50),1,=,0.06,0.06,ug/mL,0,Calu-3 cells,Lung adenocarcinoma,https://adcdb.idrblab.net/data/adc/details/DRG0CYMEB,data/raw/adcdb_idrblab/adc_details/DRG0CYMEB.html
DRG0CYMEB,Trastuzumab emtansine,Approved in 2013,Trastuzumab,TAR0THKZD,Receptor tyrosine-protein kinase erbB-2 (HER2),PAY0VZVPQ,DM1,PAY0VZVPQ,Microtubule (MT),microtubule-disrupting,Succinimidyl-4-(N-maleimidomethyl)cyclohexane-1-carboxylate (SMCC),ADCC002195,Half Maximal Inhibitory Concentration (IC50),1,=,0.27,0.27,ug/mL,0,MKN7 cells,Gastric tubular adenocarcinoma,https://adcdb.idrblab.net/data/adc/details/DRG0CYMEB,data/raw/adcdb_idrblab/adc_details/DRG0CYMEB.html
DRG0CYYHU,"Trastuzumab-Man-beta-1,4GlcNAc-MMAE",Investigative,Trastuzumab,TAR0THKZD,Receptor tyrosine-protein kinase erbB-2 (HER2),PAY0FSXOW,Monomethyl auristatin E,PAY0FSXOW,Microtubule (MT),microtubule-disrupting,"Man-beta-1,4-GlcNAc",ADCC002243,Half Maximal Effective Concentration (EC50),1,>,> 10,10.0,uM,1,T-47D cells,Invasive breast carcinoma,https://adcdb.idrblab.net/data/adc/details/DRG0CYYHU,data/raw/adcdb_idrblab/adc_details/DRG0CYYHU.html
DRG0CYYHU,"Trastuzumab-Man-beta-1,4GlcNAc-MMAE",Investigative,Trastuzumab,TAR0THKZD,Receptor tyrosine-protein kinase erbB-2 (HER2),PAY0FSXOW,Monomethyl auristatin E,PAY0FSXOW,Microtubule (MT),microtubule-disrupting,"Man-beta-1,4-GlcNAc",ADCC002242,Half Maximal Effective Concentration (EC50),1,=,0.05 7.06,0.05,nM ng/mL,0,BT-474 cells,Invasive breast carcinoma,https://adcdb.idrblab.net/data/adc/details/DRG0CYYHU,data/raw/adcdb_idrblab/adc_details/DRG0CYYHU.html
DRG0CYYHU,"Trastuzumab-Man-beta-1,4GlcNAc-MMAE",Investigative,Trastuzumab,TAR0THKZD,Receptor tyrosine-protein kinase erbB-2 (HER2),PAY0FSXOW,Monomethyl auristatin E,PAY0FSXOW,Microtubule (MT),microtubule-disrupting,"Man-beta-1,4-GlcNAc",ADCC002241,Half Maximal Effective Concentration (EC50),1,=,0.07 11.07,0.07,nM ng/mL,0,SK-BR-3 cells,Breast adenocarcinoma,https://adcdb.idrblab.net/data/adc/details/DRG0CYYHU,data/raw/adcdb_idrblab/adc_details/DRG0CYYHU.html
DRG0CZZTF,Trastuzumab-MMAE conjugate DAR4,Investigative,Trastuzumab,TAR0THKZD,Receptor tyrosine-protein kinase erbB-2 (HER2),PAY0FSXOW,Monomethyl auristatin E,PAY0FSXOW,Microtubule (MT),microtubule-disrupting,"Man-beta-1,4-GlcNAc-DBCO-PEG5-VC-PAB",ADCC002254,Half Maximal Effective Concentration (EC50),1,>,> 10,10.0,uM,1,T-47D cells,Invasive breast carcinoma,https://adcdb.idrblab.net/data/adc/details/DRG0CZZTF,data/raw/adcdb_idrblab/adc_details/DRG0CZZTF.html
DRG0CZZTF,Trastuzumab-MMAE conjugate DAR4,Investigative,Trastuzumab,TAR0THKZD,Receptor tyrosine-protein kinase erbB-2 (HER2),PAY0FSXOW,Monomethyl auristatin E,PAY0FSXOW,Microtubule (MT),microtubule-disrupting,"Man-beta-1,4-GlcNAc-DBCO-PEG5-VC-PAB",ADCC002253,Half Maximal Effective Concentration (EC50),1,=,0.10 16.05,0.1,nM ng/mL,0,BT-474 cells,Invasive breast carcinoma,https://adcdb.idrblab.net/data/adc/details/DRG0CZZTF,data/raw/adcdb_idrblab/adc_details/DRG0CZZTF.html
DRG0DBEFV,Anti-TNF ADC 131,Investigative,Anti-TNF mAb alpha-TNF,TAR0DEDPZ,Tumor necrosis factor receptor superfamily member 1A (TNFRSF1A),PAY0KYMOZ,GRM cpd 31,PAY0KYMOZ,Glucocorticoid receptor (NR3C1),Other,MP-Ala-Ala,ADCC001955,Half Maximal Effective Concentration (EC50),1,=,0.03,0.03,ug/mL,0,K-562 cells (TNF expression),Chronic myelogenous leukemia,https://adcdb.idrblab.net/data/adc/details/DRG0DBEFV,data/raw/adcdb_idrblab/adc_details/DRG0DBEFV.html
DRG0DBEFV,Anti-TNF ADC 131,Investigative,Anti-TNF mAb alpha-TNF,TAR0DEDPZ,Tumor necrosis factor receptor superfamily member 1A (TNFRSF1A),PAY0KYMOZ,GRM cpd 31,PAY0KYMOZ,Glucocorticoid receptor (NR3C1),Other,MP-Ala-Ala,ADCC001956,Half Maximal Effective Concentration (EC50),1,=,50,50.0,ug/mL,0,K-562 cells,Chronic myelogenous leukemia,https://adcdb.idrblab.net/data/adc/details/DRG0DBEFV,data/raw/adcdb_idrblab/adc_details/DRG0DBEFV.html
DRG0DCQUW,Farletuzumab-sulfo SPDB-DM4,Investigative,Farletuzumab,TAR0QHAVI,Folate receptor alpha (FOLR1),PAY0GTSVM,Mertansine DM4,PAY0GTSVM,Microtubule (MT),microtubule-disrupting,Sulfo-SPDB,ADCC006405,Half Maximal Inhibitory Concentration (IC50),1,=,0.09,0.09,nM,1,IGROV-1 cells,Ovarian endometrioid adenocarcinoma,https://adcdb.idrblab.net/data/adc/details/DRG0DCQUW,data/raw/adcdb_idrblab/adc_details/DRG0DCQUW.html
DRG0DCQUW,Farletuzumab-sulfo SPDB-DM4,Investigative,Farletuzumab,TAR0QHAVI,Folate receptor alpha (FOLR1),PAY0GTSVM,Mertansine DM4,PAY0GTSVM,Microtubule (MT),microtubule-disrupting,Sulfo-SPDB,ADCC006406,Half Maximal Inhibitory Concentration (IC50),1,=,0.49,0.49,nM,1,OVCAR-3 cells,Ovarian serous adenocarcinoma,https://adcdb.idrblab.net/data/adc/details/DRG0DCQUW,data/raw/adcdb_idrblab/adc_details/DRG0DCQUW.html
DRG0DCQUW,Farletuzumab-sulfo SPDB-DM4,Investigative,Farletuzumab,TAR0QHAVI,Folate receptor alpha (FOLR1),PAY0GTSVM,Mertansine DM4,PAY0GTSVM,Microtubule (MT),microtubule-disrupting,Sulfo-SPDB,ADCC006407,Half Maximal Inhibitory Concentration (IC50),1,=,0.52,0.52,nM,1,NCI-H2110 cells,Lung non-small cell carcinoma,https://adcdb.idrblab.net/data/adc/details/DRG0DCQUW,data/raw/adcdb_idrblab/adc_details/DRG0DCQUW.html
DRG0DCQUW,Farletuzumab-sulfo SPDB-DM4,Investigative,Farletuzumab,TAR0QHAVI,Folate receptor alpha (FOLR1),PAY0GTSVM,Mertansine DM4,PAY0GTSVM,Microtubule (MT),microtubule-disrupting,Sulfo-SPDB,ADCC006408,Half Maximal Inhibitory Concentration (IC50),1,=,0.85,0.85,nM,1,NCI-N87 cells,Gastric tubular adenocarcinoma,https://adcdb.idrblab.net/data/adc/details/DRG0DCQUW,data/raw/adcdb_idrblab/adc_details/DRG0DCQUW.html
DRG0DCQUW,Farletuzumab-sulfo SPDB-DM4,Investigative,Farletuzumab,TAR0QHAVI,Folate receptor alpha (FOLR1),PAY0GTSVM,Mertansine DM4,PAY0GTSVM,Microtubule (MT),microtubule-disrupting,Sulfo-SPDB,ADCC006409,Half Maximal Inhibitory Concentration (IC50),1,=,4.28,4.28,nM,1,A431 cells,Skin squamous cell carcinoma,https://adcdb.idrblab.net/data/adc/details/DRG0DCQUW,data/raw/adcdb_idrblab/adc_details/DRG0DCQUW.html
DRG0DEGEG,Vobramitamab duocarmazine,Phase 2 (discontinued),Vobramitamab,TAR0GLSWQ,CD276 antigen (CD276),PAY0SOSMQ,Seco-DUBA,PAY0SOSMQ,Human deoxyribonucleic acid (hDNA),DNA-damaging,Mal-PEG2-Val-Cit-PABA-Cyclization Spacer,ADCC001276,Half Maximal Inhibitory Concentration (IC50),1,=,181,181.0,pM,1,A375.S2 cells,Amelanotic melanoma,https://adcdb.idrblab.net/data/adc/details/DRG0DEGEG,data/raw/adcdb_idrblab/adc_details/DRG0DEGEG.html
DRG0DEGEG,Vobramitamab duocarmazine,Phase 2 (discontinued),Vobramitamab,TAR0GLSWQ,CD276 antigen (CD276),PAY0SOSMQ,Seco-DUBA,PAY0SOSMQ,Human deoxyribonucleic acid (hDNA),DNA-damaging,Mal-PEG2-Val-Cit-PABA-Cyclization Spacer,ADCC001278,Half Maximal Inhibitory Concentration (IC50),1,=,260,260.0,pM,1,Calu-6 cells,Lung adenocarcinoma,https://adcdb.idrblab.net/data/adc/details/DRG0DEGEG,data/raw/adcdb_idrblab/adc_details/DRG0DEGEG.html
DRG0DEGEG,Vobramitamab duocarmazine,Phase 2 (discontinued),Vobramitamab,TAR0GLSWQ,CD276 antigen (CD276),PAY0SOSMQ,Seco-DUBA,PAY0SOSMQ,Human deoxyribonucleic acid (hDNA),DNA-damaging,Mal-PEG2-Val-Cit-PABA-Cyclization Spacer,ADCC001277,Half Maximal Inhibitory Concentration (IC50),1,=,275,275.0,pM,1,PA-1 cells,Ovarian mixed germ cell tumor,https://adcdb.idrblab.net/data/adc/details/DRG0DEGEG,data/raw/adcdb_idrblab/adc_details/DRG0DEGEG.html
DRG0DEGEG,Vobramitamab duocarmazine,Phase 2 (discontinued),Vobramitamab,TAR0GLSWQ,CD276 antigen (CD276),PAY0SOSMQ,Seco-DUBA,PAY0SOSMQ,Human deoxyribonucleic acid (hDNA),DNA-damaging,Mal-PEG2-Val-Cit-PABA-Cyclization Spacer,ADCC001280,Half Maximal Inhibitory Concentration (IC50),1,=,319,319.0,pM,1,Hs 700T cells,Neoplasm,https://adcdb.idrblab.net/data/adc/details/DRG0DEGEG,data/raw/adcdb_idrblab/adc_details/DRG0DEGEG.html
DRG0DEGEG,Vobramitamab duocarmazine,Phase 2 (discontinued),Vobramitamab,TAR0GLSWQ,CD276 antigen (CD276),PAY0SOSMQ,Seco-DUBA,PAY0SOSMQ,Human deoxyribonucleic acid (hDNA),DNA-damaging,Mal-PEG2-Val-Cit-PABA-Cyclization Spacer,ADCC001279,Half Maximal Inhibitory Concentration (IC50),1,=,585,585.0,pM,1,NCI-H1703 cells,Lung squamous cell carcinoma,https://adcdb.idrblab.net/data/adc/details/DRG0DEGEG,data/raw/adcdb_idrblab/adc_details/DRG0DEGEG.html
DRG0DEGEG,Vobramitamab duocarmazine,Phase 2 (discontinued),Vobramitamab,TAR0GLSWQ,CD276 antigen (CD276),PAY0SOSMQ,Seco-DUBA,PAY0SOSMQ,Human deoxyribonucleic acid (hDNA),DNA-damaging,Mal-PEG2-Val-Cit-PABA-Cyclization Spacer,ADCC001275,Half Maximal Inhibitory Concentration (IC50),1,=,767,767.0,pM,1,MDA-MB-468 cells,Breast adenocarcinoma,https://adcdb.idrblab.net/data/adc/details/DRG0DEGEG,data/raw/adcdb_idrblab/adc_details/DRG0DEGEG.html
DRG0DEGEG,Vobramitamab duocarmazine,Phase 2 (discontinued),Vobramitamab,TAR0GLSWQ,CD276 antigen (CD276),PAY0SOSMQ,Seco-DUBA,PAY0SOSMQ,Human deoxyribonucleic acid (hDNA),DNA-damaging,Mal-PEG2-Val-Cit-PABA-Cyclization Spacer,ADCC001281,Half Maximal Inhibitory Concentration (IC50),1,=,910,910.0,pM,1,LN-229 cells,Glioblastoma,https://adcdb.idrblab.net/data/adc/details/DRG0DEGEG,data/raw/adcdb_idrblab/adc_details/DRG0DEGEG.html
DRG0DEGEG,Vobramitamab duocarmazine,Phase 2 (discontinued),Vobramitamab,TAR0GLSWQ,CD276 antigen (CD276),PAY0SOSMQ,Seco-DUBA,PAY0SOSMQ,Human deoxyribonucleic acid (hDNA),DNA-damaging,Mal-PEG2-Val-Cit-PABA-Cyclization Spacer,ADCC001282,Half Maximal Inhibitory Concentration (IC50),1,=,1447,1447.0,pM,1,SW48 cells,Colon adenocarcinoma,https://adcdb.idrblab.net/data/adc/details/DRG0DEGEG,data/raw/adcdb_idrblab/adc_details/DRG0DEGEG.html
DRG0DEGEG,Vobramitamab duocarmazine,Phase 2 (discontinued),Vobramitamab,TAR0GLSWQ,CD276 antigen (CD276),PAY0SOSMQ,Seco-DUBA,PAY0SOSMQ,Human deoxyribonucleic acid (hDNA),DNA-damaging,Mal-PEG2-Val-Cit-PABA-Cyclization Spacer,ADCC001283,Half Maximal Inhibitory Concentration (IC50),1,>,> 10,10.0,nM,1,Raji cells,EBV-related Burkitt lymphoma,https://adcdb.idrblab.net/data/adc/details/DRG0DEGEG,data/raw/adcdb_idrblab/adc_details/DRG0DEGEG.html
DRG0DGZOG,Anti-FGFR2/4 mAb-12425 SMCC-DM1,Investigative,Anti-FGFR2/4 mAb 12425,TAR0ODKQM,Fibroblast growth factor receptor 2 (FGFR2); Fibroblast growth factor receptor 4 (FGFR4),PAY0JCIBW,Mertansine DM1,PAY0JCIBW,Microtubule (MT),microtubule-disrupting,Succinimidyl-4-(N-maleimidomethyl)cyclohexane-1-carboxylate (SMCC),ADCC008353,Half Maximal Inhibitory Concentration (IC50),1,=,0.1-0.7,0.1,nM,1,CVCL_1581,Cecum adenocarcinoma,https://adcdb.idrblab.net/data/adc/details/DRG0DGZOG,data/raw/adcdb_idrblab/adc_details/DRG0DGZOG.html
DRG0DGZOG,Anti-FGFR2/4 mAb-12425 SMCC-DM1,Investigative,Anti-FGFR2/4 mAb 12425,TAR0ODKQM,Fibroblast growth factor receptor 2 (FGFR2); Fibroblast growth factor receptor 4 (FGFR4),PAY0JCIBW,Mertansine DM1,PAY0JCIBW,Microtubule (MT),microtubule-disrupting,Succinimidyl-4-(N-maleimidomethyl)cyclohexane-1-carboxylate (SMCC),ADCC008316,Half Maximal Inhibitory Concentration (IC50),1,=,0.15,0.15,nM,1,CVCL_0371,Down syndrome,https://adcdb.idrblab.net/data/adc/details/DRG0DGZOG,data/raw/adcdb_idrblab/adc_details/DRG0DGZOG.html
DRG0DGZOG,Anti-FGFR2/4 mAb-12425 SMCC-DM1,Investigative,Anti-FGFR2/4 mAb 12425,TAR0ODKQM,Fibroblast growth factor receptor 2 (FGFR2); Fibroblast growth factor receptor 4 (FGFR4),PAY0JCIBW,Mertansine DM1,PAY0JCIBW,Microtubule (MT),microtubule-disrupting,Succinimidyl-4-(N-maleimidomethyl)cyclohexane-1-carboxylate (SMCC),ADCC008351,Half Maximal Inhibitory Concentration (IC50),1,=,0.17,0.17,nM,1,CVCL_3425,Breast carcinoma,https://adcdb.idrblab.net/data/adc/details/DRG0DGZOG,data/raw/adcdb_idrblab/adc_details/DRG0DGZOG.html
DRG0DGZOG,Anti-FGFR2/4 mAb-12425 SMCC-DM1,Investigative,Anti-FGFR2/4 mAb 12425,TAR0ODKQM,Fibroblast growth factor receptor 2 (FGFR2); Fibroblast growth factor receptor 4 (FGFR4),PAY0JCIBW,Mertansine DM1,PAY0JCIBW,Microtubule (MT),microtubule-disrupting,Succinimidyl-4-(N-maleimidomethyl)cyclohexane-1-carboxylate (SMCC),ADCC008301,Half Maximal Inhibitory Concentration (IC50),1,<,< 0.2,0.2,nM,1,CVCL_0076,Gastric adenocarcinoma,https://adcdb.idrblab.net/data/adc/details/DRG0DGZOG,data/raw/adcdb_idrblab/adc_details/DRG0DGZOG.html
DRG0DGZOG,Anti-FGFR2/4 mAb-12425 SMCC-DM1,Investigative,Anti-FGFR2/4 mAb 12425,TAR0ODKQM,Fibroblast growth factor receptor 2 (FGFR2); Fibroblast growth factor receptor 4 (FGFR4),PAY0JCIBW,Mertansine DM1,PAY0JCIBW,Microtubule (MT),microtubule-disrupting,Succinimidyl-4-(N-maleimidomethyl)cyclohexane-1-carboxylate (SMCC),ADCC008352,Half Maximal Inhibitory Concentration (IC50),1,=,1,1.0,nM,1,CVCL_1408,Breast carcinoma,https://adcdb.idrblab.net/data/adc/details/DRG0DGZOG,data/raw/adcdb_idrblab/adc_details/DRG0DGZOG.html
DRG0DGZOG,Anti-FGFR2/4 mAb-12425 SMCC-DM1,Investigative,Anti-FGFR2/4 mAb 12425,TAR0ODKQM,Fibroblast growth factor receptor 2 (FGFR2); Fibroblast growth factor receptor 4 (FGFR4),PAY0JCIBW,Mertansine DM1,PAY0JCIBW,Microtubule (MT),microtubule-disrupting,Succinimidyl-4-(N-maleimidomethyl)cyclohexane-1-carboxylate (SMCC),ADCC008354,Half Maximal Inhibitory Concentration (IC50),1,>,> 30,30.0,nM,1,CVCL_1612,Gastric carcinoma,https://adcdb.idrblab.net/data/adc/details/DRG0DGZOG,data/raw/adcdb_idrblab/adc_details/DRG0DGZOG.html
DRG0DKNMD,MAb-DMBA-SIL-MMAE,Investigative,Cetuximab,TAR0UYFIF,Epidermal growth factor receptor (EGFR),PAY0FSXOW,Monomethyl auristatin E,PAY0FSXOW,Microtubule (MT),microtubule-disrupting,DMBA-SIL,ADCC002146,Half Maximal Inhibitory Concentration (IC50),1,=,0.1,0.1,nM,1,8505C cells,Thyroid gland anaplastic carcinoma,https://adcdb.idrblab.net/data/adc/details/DRG0DKNMD,data/raw/adcdb_idrblab/adc_details/DRG0DKNMD.html
DRG0DNFUC,Trastuzumab-MMAE conjugate DAR2,Investigative,Trastuzumab,TAR0THKZD,Receptor tyrosine-protein kinase erbB-2 (HER2),PAY0FSXOW,Monomethyl auristatin E,PAY0FSXOW,Microtubule (MT),microtubule-disrupting,"Man-beta-1,4-GlcNAc-DBCO-PEG5-VC-PAB",ADCC002252,Half Maximal Effective Concentration (EC50),1,>,> 10,10.0,uM,1,T-47D cells,Invasive breast carcinoma,https://adcdb.idrblab.net/data/adc/details/DRG0DNFUC,data/raw/adcdb_idrblab/adc_details/DRG0DNFUC.html
DRG0DNFUC,Trastuzumab-MMAE conjugate DAR2,Investigative,Trastuzumab,TAR0THKZD,Receptor tyrosine-protein kinase erbB-2 (HER2),PAY0FSXOW,Monomethyl auristatin E,PAY0FSXOW,Microtubule (MT),microtubule-disrupting,"Man-beta-1,4-GlcNAc-DBCO-PEG5-VC-PAB",ADCC002250,Half Maximal Effective Concentration (EC50),1,=,0.07 10.67,0.07,nM ng/mL,0,SK-BR-3 cells,Breast adenocarcinoma,https://adcdb.idrblab.net/data/adc/details/DRG0DNFUC,data/raw/adcdb_idrblab/adc_details/DRG0DNFUC.html
DRG0DNFUC,Trastuzumab-MMAE conjugate DAR2,Investigative,Trastuzumab,TAR0THKZD,Receptor tyrosine-protein kinase erbB-2 (HER2),PAY0FSXOW,Monomethyl auristatin E,PAY0FSXOW,Microtubule (MT),microtubule-disrupting,"Man-beta-1,4-GlcNAc-DBCO-PEG5-VC-PAB",ADCC002251,Half Maximal Effective Concentration (EC50),1,=,0.41 6.20,0.41,nM ng/mL,0,BT-474 cells,Invasive breast carcinoma,https://adcdb.idrblab.net/data/adc/details/DRG0DNFUC,data/raw/adcdb_idrblab/adc_details/DRG0DNFUC.html
DRG0DNWSM,ABT-700 (S238C)-PBD,Investigative,Telisotuzumab,TAR0AIJKM,Hepatocyte growth factor receptor (MET),PAY0IJSCK,PBD dimer,PAY0IJSCK,Human Deoxyribonucleic acid (hDNA),DNA-damaging,Mc-Val-Ala,ADCC002771,Half Maximal Inhibitory Concentration (IC50),1,<,< 1,1.0,pM,1,DBTRG-05MG cells,Anaplastic astrocytoma,https://adcdb.idrblab.net/data/adc/details/DRG0DNWSM,data/raw/adcdb_idrblab/adc_details/DRG0DNWSM.html
DRG0DNWSM,ABT-700 (S238C)-PBD,Investigative,Telisotuzumab,TAR0AIJKM,Hepatocyte growth factor receptor (MET),PAY0IJSCK,PBD dimer,PAY0IJSCK,Human Deoxyribonucleic acid (hDNA),DNA-damaging,Mc-Val-Ala,ADCC002768,Half Maximal Inhibitory Concentration (IC50),1,<,< 1,1.0,pM,1,M059K cells,Glioblastoma,https://adcdb.idrblab.net/data/adc/details/DRG0DNWSM,data/raw/adcdb_idrblab/adc_details/DRG0DNWSM.html
DRG0DNWSM,ABT-700 (S238C)-PBD,Investigative,Telisotuzumab,TAR0AIJKM,Hepatocyte growth factor receptor (MET),PAY0IJSCK,PBD dimer,PAY0IJSCK,Human Deoxyribonucleic acid (hDNA),DNA-damaging,Mc-Val-Ala,ADCC002767,Half Maximal Inhibitory Concentration (IC50),1,<,< 1,1.0,pM,1,M059J cells,Glioblastoma,https://adcdb.idrblab.net/data/adc/details/DRG0DNWSM,data/raw/adcdb_idrblab/adc_details/DRG0DNWSM.html
DRG0DNWSM,ABT-700 (S238C)-PBD,Investigative,Telisotuzumab,TAR0AIJKM,Hepatocyte growth factor receptor (MET),PAY0IJSCK,PBD dimer,PAY0IJSCK,Human Deoxyribonucleic acid (hDNA),DNA-damaging,Mc-Val-Ala,ADCC002764,Half Maximal Inhibitory Concentration (IC50),1,<,< 1,1.0,pM,1,U-138MG cells,Astrocytoma,https://adcdb.idrblab.net/data/adc/details/DRG0DNWSM,data/raw/adcdb_idrblab/adc_details/DRG0DNWSM.html
DRG0DNWSM,ABT-700 (S238C)-PBD,Investigative,Telisotuzumab,TAR0AIJKM,Hepatocyte growth factor receptor (MET),PAY0IJSCK,PBD dimer,PAY0IJSCK,Human Deoxyribonucleic acid (hDNA),DNA-damaging,Mc-Val-Ala,ADCC002761,Half Maximal Inhibitory Concentration (IC50),1,=,1,1.0,pM,1,LS174T cells,Colon adenocarcinoma,https://adcdb.idrblab.net/data/adc/details/DRG0DNWSM,data/raw/adcdb_idrblab/adc_details/DRG0DNWSM.html
DRG0DNWSM,ABT-700 (S238C)-PBD,Investigative,Telisotuzumab,TAR0AIJKM,Hepatocyte growth factor receptor (MET),PAY0IJSCK,PBD dimer,PAY0IJSCK,Human Deoxyribonucleic acid (hDNA),DNA-damaging,Mc-Val-Ala,ADCC002746,Half Maximal Inhibitory Concentration (IC50),1,=,1,1.0,pM,1,SK-CO-1 cells,Colon adenocarcinoma,https://adcdb.idrblab.net/data/adc/details/DRG0DNWSM,data/raw/adcdb_idrblab/adc_details/DRG0DNWSM.html
DRG0DNWSM,ABT-700 (S238C)-PBD,Investigative,Telisotuzumab,TAR0AIJKM,Hepatocyte growth factor receptor (MET),PAY0IJSCK,PBD dimer,PAY0IJSCK,Human Deoxyribonucleic acid (hDNA),DNA-damaging,Mc-Val-Ala,ADCC002734,Half Maximal Inhibitory Concentration (IC50),1,=,2.9,2.9,pM,1,SW48 cells,Colon adenocarcinoma,https://adcdb.idrblab.net/data/adc/details/DRG0DNWSM,data/raw/adcdb_idrblab/adc_details/DRG0DNWSM.html
DRG0DNWSM,ABT-700 (S238C)-PBD,Investigative,Telisotuzumab,TAR0AIJKM,Hepatocyte growth factor receptor (MET),PAY0IJSCK,PBD dimer,PAY0IJSCK,Human Deoxyribonucleic acid (hDNA),DNA-damaging,Mc-Val-Ala,ADCC002740,Half Maximal Inhibitory Concentration (IC50),1,=,3,3.0,pM,1,HCC15 cells,Lung squamous cell carcinoma,https://adcdb.idrblab.net/data/adc/details/DRG0DNWSM,data/raw/adcdb_idrblab/adc_details/DRG0DNWSM.html
DRG0DNWSM,ABT-700 (S238C)-PBD,Investigative,Telisotuzumab,TAR0AIJKM,Hepatocyte growth factor receptor (MET),PAY0IJSCK,PBD dimer,PAY0IJSCK,Human Deoxyribonucleic acid (hDNA),DNA-damaging,Mc-Val-Ala,ADCC002753,Half Maximal Inhibitory Concentration (IC50),1,=,4,4.0,pM,1,HT-29 cells,Colon adenocarcinoma,https://adcdb.idrblab.net/data/adc/details/DRG0DNWSM,data/raw/adcdb_idrblab/adc_details/DRG0DNWSM.html
DRG0DNWSM,ABT-700 (S238C)-PBD,Investigative,Telisotuzumab,TAR0AIJKM,Hepatocyte growth factor receptor (MET),PAY0IJSCK,PBD dimer,PAY0IJSCK,Human Deoxyribonucleic acid (hDNA),DNA-damaging,Mc-Val-Ala,ADCC002749,Half Maximal Inhibitory Concentration (IC50),1,=,4,4.0,pM,1,DLD-1 cells,Colon adenocarcinoma,https://adcdb.idrblab.net/data/adc/details/DRG0DNWSM,data/raw/adcdb_idrblab/adc_details/DRG0DNWSM.html
DRG0DNWSM,ABT-700 (S238C)-PBD,Investigative,Telisotuzumab,TAR0AIJKM,Hepatocyte growth factor receptor (MET),PAY0IJSCK,PBD dimer,PAY0IJSCK,Human Deoxyribonucleic acid (hDNA),DNA-damaging,Mc-Val-Ala,ADCC002775,Half Maximal Inhibitory Concentration (IC50),1,=,5,5.0,pM,1,SF264 cells,Gliosarcoma,https://adcdb.idrblab.net/data/adc/details/DRG0DNWSM,data/raw/adcdb_idrblab/adc_details/DRG0DNWSM.html
DRG0DNWSM,ABT-700 (S238C)-PBD,Investigative,Telisotuzumab,TAR0AIJKM,Hepatocyte growth factor receptor (MET),PAY0IJSCK,PBD dimer,PAY0IJSCK,Human Deoxyribonucleic acid (hDNA),DNA-damaging,Mc-Val-Ala,ADCC002747,Half Maximal Inhibitory Concentration (IC50),1,=,5,5.0,pM,1,SW620 cells,Colon adenocarcinoma,https://adcdb.idrblab.net/data/adc/details/DRG0DNWSM,data/raw/adcdb_idrblab/adc_details/DRG0DNWSM.html
DRG0DNWSM,ABT-700 (S238C)-PBD,Investigative,Telisotuzumab,TAR0AIJKM,Hepatocyte growth factor receptor (MET),PAY0IJSCK,PBD dimer,PAY0IJSCK,Human Deoxyribonucleic acid (hDNA),DNA-damaging,Mc-Val-Ala,ADCC002744,Half Maximal Inhibitory Concentration (IC50),1,=,5,5.0,pM,1,HCT 116 cells,Colon carcinoma,https://adcdb.idrblab.net/data/adc/details/DRG0DNWSM,data/raw/adcdb_idrblab/adc_details/DRG0DNWSM.html
DRG0DNWSM,ABT-700 (S238C)-PBD,Investigative,Telisotuzumab,TAR0AIJKM,Hepatocyte growth factor receptor (MET),PAY0IJSCK,PBD dimer,PAY0IJSCK,Human Deoxyribonucleic acid (hDNA),DNA-damaging,Mc-Val-Ala,ADCC002772,Half Maximal Inhibitory Concentration (IC50),1,=,6,6.0,pM,1,SNB-19 cells,Astrocytoma,https://adcdb.idrblab.net/data/adc/details/DRG0DNWSM,data/raw/adcdb_idrblab/adc_details/DRG0DNWSM.html
DRG0DNWSM,ABT-700 (S238C)-PBD,Investigative,Telisotuzumab,TAR0AIJKM,Hepatocyte growth factor receptor (MET),PAY0IJSCK,PBD dimer,PAY0IJSCK,Human Deoxyribonucleic acid (hDNA),DNA-damaging,Mc-Val-Ala,ADCC002756,Half Maximal Inhibitory Concentration (IC50),1,=,6,6.0,pM,1,SW403 cells,Colon adenocarcinoma,https://adcdb.idrblab.net/data/adc/details/DRG0DNWSM,data/raw/adcdb_idrblab/adc_details/DRG0DNWSM.html
DRG0DNWSM,ABT-700 (S238C)-PBD,Investigative,Telisotuzumab,TAR0AIJKM,Hepatocyte growth factor receptor (MET),PAY0IJSCK,PBD dimer,PAY0IJSCK,Human Deoxyribonucleic acid (hDNA),DNA-damaging,Mc-Val-Ala,ADCC002766,Half Maximal Inhibitory Concentration (IC50),1,<,< 7,7.0,pM,1,U-251MG cells,Astrocytoma,https://adcdb.idrblab.net/data/adc/details/DRG0DNWSM,data/raw/adcdb_idrblab/adc_details/DRG0DNWSM.html
DRG0DNWSM,ABT-700 (S238C)-PBD,Investigative,Telisotuzumab,TAR0AIJKM,Hepatocyte growth factor receptor (MET),PAY0IJSCK,PBD dimer,PAY0IJSCK,Human Deoxyribonucleic acid (hDNA),DNA-damaging,Mc-Val-Ala,ADCC002750,Half Maximal Inhibitory Concentration (IC50),1,=,7,7.0,pM,1,COLO 201 cells,Colon adenocarcinoma,https://adcdb.idrblab.net/data/adc/details/DRG0DNWSM,data/raw/adcdb_idrblab/adc_details/DRG0DNWSM.html
DRG0DNWSM,ABT-700 (S238C)-PBD,Investigative,Telisotuzumab,TAR0AIJKM,Hepatocyte growth factor receptor (MET),PAY0IJSCK,PBD dimer,PAY0IJSCK,Human Deoxyribonucleic acid (hDNA),DNA-damaging,Mc-Val-Ala,ADCC002763,Half Maximal Inhibitory Concentration (IC50),1,=,0.01,0.01,nM,1,WiDr cells,Colon adenocarcinoma,https://adcdb.idrblab.net/data/adc/details/DRG0DNWSM,data/raw/adcdb_idrblab/adc_details/DRG0DNWSM.html
DRG0DNWSM,ABT-700 (S238C)-PBD,Investigative,Telisotuzumab,TAR0AIJKM,Hepatocyte growth factor receptor (MET),PAY0IJSCK,PBD dimer,PAY0IJSCK,Human Deoxyribonucleic acid (hDNA),DNA-damaging,Mc-Val-Ala,ADCC002757,Half Maximal Inhibitory Concentration (IC50),1,=,0.01,0.01,nM,1,SW1463 cells,Rectal adenocarcinoma,https://adcdb.idrblab.net/data/adc/details/DRG0DNWSM,data/raw/adcdb_idrblab/adc_details/DRG0DNWSM.html
DRG0DNWSM,ABT-700 (S238C)-PBD,Investigative,Telisotuzumab,TAR0AIJKM,Hepatocyte growth factor receptor (MET),PAY0IJSCK,PBD dimer,PAY0IJSCK,Human Deoxyribonucleic acid (hDNA),DNA-damaging,Mc-Val-Ala,ADCC002752,Half Maximal Inhibitory Concentration (IC50),1,=,0.01,0.01,nM,1,RKO cells,Colon carcinoma,https://adcdb.idrblab.net/data/adc/details/DRG0DNWSM,data/raw/adcdb_idrblab/adc_details/DRG0DNWSM.html
DRG0DNWSM,ABT-700 (S238C)-PBD,Investigative,Telisotuzumab,TAR0AIJKM,Hepatocyte growth factor receptor (MET),PAY0IJSCK,PBD dimer,PAY0IJSCK,Human Deoxyribonucleic acid (hDNA),DNA-damaging,Mc-Val-Ala,ADCC002727,Half Maximal Inhibitory Concentration (IC50),1,=,0.01,0.01,nM,1,NCI-H441 cells,Lung papillary adenocarcinoma,https://adcdb.idrblab.net/data/adc/details/DRG0DNWSM,data/raw/adcdb_idrblab/adc_details/DRG0DNWSM.html
DRG0DNWSM,ABT-700 (S238C)-PBD,Investigative,Telisotuzumab,TAR0AIJKM,Hepatocyte growth factor receptor (MET),PAY0IJSCK,PBD dimer,PAY0IJSCK,Human Deoxyribonucleic acid (hDNA),DNA-damaging,Mc-Val-Ala,ADCC002759,Half Maximal Inhibitory Concentration (IC50),1,=,0.02,0.02,nM,1,COLO 320DM cells,Colon adenocarcinoma,https://adcdb.idrblab.net/data/adc/details/DRG0DNWSM,data/raw/adcdb_idrblab/adc_details/DRG0DNWSM.html
DRG0DNWSM,ABT-700 (S238C)-PBD,Investigative,Telisotuzumab,TAR0AIJKM,Hepatocyte growth factor receptor (MET),PAY0IJSCK,PBD dimer,PAY0IJSCK,Human Deoxyribonucleic acid (hDNA),DNA-damaging,Mc-Val-Ala,ADCC002754,Half Maximal Inhibitory Concentration (IC50),1,=,0.02,0.02,nM,1,COLO 205 cells,Colon adenocarcinoma,https://adcdb.idrblab.net/data/adc/details/DRG0DNWSM,data/raw/adcdb_idrblab/adc_details/DRG0DNWSM.html
DRG0DNWSM,ABT-700 (S238C)-PBD,Investigative,Telisotuzumab,TAR0AIJKM,Hepatocyte growth factor receptor (MET),PAY0IJSCK,PBD dimer,PAY0IJSCK,Human Deoxyribonucleic acid (hDNA),DNA-damaging,Mc-Val-Ala,ADCC002739,Half Maximal Inhibitory Concentration (IC50),1,=,0.02,0.02,nM,1,SW900 cells,Lung squamous cell carcinoma,https://adcdb.idrblab.net/data/adc/details/DRG0DNWSM,data/raw/adcdb_idrblab/adc_details/DRG0DNWSM.html
DRG0DNWSM,ABT-700 (S238C)-PBD,Investigative,Telisotuzumab,TAR0AIJKM,Hepatocyte growth factor receptor (MET),PAY0IJSCK,PBD dimer,PAY0IJSCK,Human Deoxyribonucleic acid (hDNA),DNA-damaging,Mc-Val-Ala,ADCC002735,Half Maximal Inhibitory Concentration (IC50),1,=,0.02,0.02,nM,1,NCI-H820 cells,Lung papillary adenocarcinoma,https://adcdb.idrblab.net/data/adc/details/DRG0DNWSM,data/raw/adcdb_idrblab/adc_details/DRG0DNWSM.html
DRG0DNWSM,ABT-700 (S238C)-PBD,Investigative,Telisotuzumab,TAR0AIJKM,Hepatocyte growth factor receptor (MET),PAY0IJSCK,PBD dimer,PAY0IJSCK,Human Deoxyribonucleic acid (hDNA),DNA-damaging,Mc-Val-Ala,ADCC002733,Half Maximal Inhibitory Concentration (IC50),1,=,0.02,0.02,nM,1,KP-4 cells,Pancreatic carcinoma,https://adcdb.idrblab.net/data/adc/details/DRG0DNWSM,data/raw/adcdb_idrblab/adc_details/DRG0DNWSM.html
DRG0DNWSM,ABT-700 (S238C)-PBD,Investigative,Telisotuzumab,TAR0AIJKM,Hepatocyte growth factor receptor (MET),PAY0IJSCK,PBD dimer,PAY0IJSCK,Human Deoxyribonucleic acid (hDNA),DNA-damaging,Mc-Val-Ala,ADCC002731,Half Maximal Inhibitory Concentration (IC50),1,=,0.02,0.02,nM,1,M059J cells,Glioblastoma,https://adcdb.idrblab.net/data/adc/details/DRG0DNWSM,data/raw/adcdb_idrblab/adc_details/DRG0DNWSM.html
DRG0DNWSM,ABT-700 (S238C)-PBD,Investigative,Telisotuzumab,TAR0AIJKM,Hepatocyte growth factor receptor (MET),PAY0IJSCK,PBD dimer,PAY0IJSCK,Human Deoxyribonucleic acid (hDNA),DNA-damaging,Mc-Val-Ala,ADCC002725,Half Maximal Inhibitory Concentration (IC50),1,=,0.02,0.02,nM,1,Hs 746.T cells,Gastric adenocarcinoma,https://adcdb.idrblab.net/data/adc/details/DRG0DNWSM,data/raw/adcdb_idrblab/adc_details/DRG0DNWSM.html
DRG0DNWSM,ABT-700 (S238C)-PBD,Investigative,Telisotuzumab,TAR0AIJKM,Hepatocyte growth factor receptor (MET),PAY0IJSCK,PBD dimer,PAY0IJSCK,Human Deoxyribonucleic acid (hDNA),DNA-damaging,Mc-Val-Ala,ADCC002743,Half Maximal Inhibitory Concentration (IC50),1,=,0.03,0.03,nM,1,SW1116 cells,Colon adenocarcinoma,https://adcdb.idrblab.net/data/adc/details/DRG0DNWSM,data/raw/adcdb_idrblab/adc_details/DRG0DNWSM.html
DRG0DNWSM,ABT-700 (S238C)-PBD,Investigative,Telisotuzumab,TAR0AIJKM,Hepatocyte growth factor receptor (MET),PAY0IJSCK,PBD dimer,PAY0IJSCK,Human Deoxyribonucleic acid (hDNA),DNA-damaging,Mc-Val-Ala,ADCC002774,Half Maximal Inhibitory Concentration (IC50),1,=,0.04,0.04,nM,1,SF539 cells,Gliosarcoma,https://adcdb.idrblab.net/data/adc/details/DRG0DNWSM,data/raw/adcdb_idrblab/adc_details/DRG0DNWSM.html
DRG0DNWSM,ABT-700 (S238C)-PBD,Investigative,Telisotuzumab,TAR0AIJKM,Hepatocyte growth factor receptor (MET),PAY0IJSCK,PBD dimer,PAY0IJSCK,Human Deoxyribonucleic acid (hDNA),DNA-damaging,Mc-Val-Ala,ADCC002760,Half Maximal Inhibitory Concentration (IC50),1,=,0.04,0.04,nM,1,COLO 320HSR cells,Colon adenocarcinoma,https://adcdb.idrblab.net/data/adc/details/DRG0DNWSM,data/raw/adcdb_idrblab/adc_details/DRG0DNWSM.html
DRG0DNWSM,ABT-700 (S238C)-PBD,Investigative,Telisotuzumab,TAR0AIJKM,Hepatocyte growth factor receptor (MET),PAY0IJSCK,PBD dimer,PAY0IJSCK,Human Deoxyribonucleic acid (hDNA),DNA-damaging,Mc-Val-Ala,ADCC002758,Half Maximal Inhibitory Concentration (IC50),1,=,0.04,0.04,nM,1,LS1034 cells,Cecum adenocarcinoma,https://adcdb.idrblab.net/data/adc/details/DRG0DNWSM,data/raw/adcdb_idrblab/adc_details/DRG0DNWSM.html
DRG0DNWSM,ABT-700 (S238C)-PBD,Investigative,Telisotuzumab,TAR0AIJKM,Hepatocyte growth factor receptor (MET),PAY0IJSCK,PBD dimer,PAY0IJSCK,Human Deoxyribonucleic acid (hDNA),DNA-damaging,Mc-Val-Ala,ADCC002738,Half Maximal Inhibitory Concentration (IC50),1,=,0.04,0.04,nM,1,NCI-H226 cells,Pleural epithelioid mesothelioma,https://adcdb.idrblab.net/data/adc/details/DRG0DNWSM,data/raw/adcdb_idrblab/adc_details/DRG0DNWSM.html
DRG0DNWSM,ABT-700 (S238C)-PBD,Investigative,Telisotuzumab,TAR0AIJKM,Hepatocyte growth factor receptor (MET),PAY0IJSCK,PBD dimer,PAY0IJSCK,Human Deoxyribonucleic acid (hDNA),DNA-damaging,Mc-Val-Ala,ADCC002745,Half Maximal Inhibitory Concentration (IC50),1,=,0.07,0.07,nM,1,LoVo cells,Colon adenocarcinoma,https://adcdb.idrblab.net/data/adc/details/DRG0DNWSM,data/raw/adcdb_idrblab/adc_details/DRG0DNWSM.html
DRG0DNWSM,ABT-700 (S238C)-PBD,Investigative,Telisotuzumab,TAR0AIJKM,Hepatocyte growth factor receptor (MET),PAY0IJSCK,PBD dimer,PAY0IJSCK,Human Deoxyribonucleic acid (hDNA),DNA-damaging,Mc-Val-Ala,ADCC002736,Half Maximal Inhibitory Concentration (IC50),1,=,0.07,0.07,nM,1,NCI-H1573 cells,Lung adenocarcinoma,https://adcdb.idrblab.net/data/adc/details/DRG0DNWSM,data/raw/adcdb_idrblab/adc_details/DRG0DNWSM.html
DRG0DNWSM,ABT-700 (S238C)-PBD,Investigative,Telisotuzumab,TAR0AIJKM,Hepatocyte growth factor receptor (MET),PAY0IJSCK,PBD dimer,PAY0IJSCK,Human Deoxyribonucleic acid (hDNA),DNA-damaging,Mc-Val-Ala,ADCC002755,Half Maximal Inhibitory Concentration (IC50),1,=,0.1,0.1,nM,1,T84 cells,Colon adenocarcinoma,https://adcdb.idrblab.net/data/adc/details/DRG0DNWSM,data/raw/adcdb_idrblab/adc_details/DRG0DNWSM.html
DRG0DNWSM,ABT-700 (S238C)-PBD,Investigative,Telisotuzumab,TAR0AIJKM,Hepatocyte growth factor receptor (MET),PAY0IJSCK,PBD dimer,PAY0IJSCK,Human Deoxyribonucleic acid (hDNA),DNA-damaging,Mc-Val-Ala,ADCC002729,Half Maximal Inhibitory Concentration (IC50),1,=,0.1,0.1,nM,1,A-549 cells,Lung adenocarcinoma,https://adcdb.idrblab.net/data/adc/details/DRG0DNWSM,data/raw/adcdb_idrblab/adc_details/DRG0DNWSM.html
DRG0DNWSM,ABT-700 (S238C)-PBD,Investigative,Telisotuzumab,TAR0AIJKM,Hepatocyte growth factor receptor (MET),PAY0IJSCK,PBD dimer,PAY0IJSCK,Human Deoxyribonucleic acid (hDNA),DNA-damaging,Mc-Val-Ala,ADCC002728,Half Maximal Inhibitory Concentration (IC50),1,=,0.1,0.1,nM,1,BT-20 cells,Invasive breast carcinoma of no special type,https://adcdb.idrblab.net/data/adc/details/DRG0DNWSM,data/raw/adcdb_idrblab/adc_details/DRG0DNWSM.html
DRG0DNWSM,ABT-700 (S238C)-PBD,Investigative,Telisotuzumab,TAR0AIJKM,Hepatocyte growth factor receptor (MET),PAY0IJSCK,PBD dimer,PAY0IJSCK,Human Deoxyribonucleic acid (hDNA),DNA-damaging,Mc-Val-Ala,ADCC002726,Half Maximal Inhibitory Concentration (IC50),1,=,0.1,0.1,nM,1,EBC-1 cells,Lung squamous cell carcinoma,https://adcdb.idrblab.net/data/adc/details/DRG0DNWSM,data/raw/adcdb_idrblab/adc_details/DRG0DNWSM.html
DRG0DNWSM,ABT-700 (S238C)-PBD,Investigative,Telisotuzumab,TAR0AIJKM,Hepatocyte growth factor receptor (MET),PAY0IJSCK,PBD dimer,PAY0IJSCK,Human Deoxyribonucleic acid (hDNA),DNA-damaging,Mc-Val-Ala,ADCC002741,Half Maximal Inhibitory Concentration (IC50),1,=,0.17,0.17,nM,1,SK-MES-1 cells,Lung squamous cell carcinoma,https://adcdb.idrblab.net/data/adc/details/DRG0DNWSM,data/raw/adcdb_idrblab/adc_details/DRG0DNWSM.html
DRG0DNWSM,ABT-700 (S238C)-PBD,Investigative,Telisotuzumab,TAR0AIJKM,Hepatocyte growth factor receptor (MET),PAY0IJSCK,PBD dimer,PAY0IJSCK,Human Deoxyribonucleic acid (hDNA),DNA-damaging,Mc-Val-Ala,ADCC002732,Half Maximal Inhibitory Concentration (IC50),1,=,0.2,0.2,nM,1,U-118MG cells,Astrocytoma,https://adcdb.idrblab.net/data/adc/details/DRG0DNWSM,data/raw/adcdb_idrblab/adc_details/DRG0DNWSM.html
DRG0DNWSM,ABT-700 (S238C)-PBD,Investigative,Telisotuzumab,TAR0AIJKM,Hepatocyte growth factor receptor (MET),PAY0IJSCK,PBD dimer,PAY0IJSCK,Human Deoxyribonucleic acid (hDNA),DNA-damaging,Mc-Val-Ala,ADCC002730,Half Maximal Inhibitory Concentration (IC50),1,=,0.21,0.21,nM,1,U-87MG cells,Glioblastoma,https://adcdb.idrblab.net/data/adc/details/DRG0DNWSM,data/raw/adcdb_idrblab/adc_details/DRG0DNWSM.html
DRG0DNWSM,ABT-700 (S238C)-PBD,Investigative,Telisotuzumab,TAR0AIJKM,Hepatocyte growth factor receptor (MET),PAY0IJSCK,PBD dimer,PAY0IJSCK,Human Deoxyribonucleic acid (hDNA),DNA-damaging,Mc-Val-Ala,ADCC002737,Half Maximal Inhibitory Concentration (IC50),1,=,0.4,0.4,nM,1,NCI-H1650 cells,Lung adenocarcinoma,https://adcdb.idrblab.net/data/adc/details/DRG0DNWSM,data/raw/adcdb_idrblab/adc_details/DRG0DNWSM.html
DRG0DNWSM,ABT-700 (S238C)-PBD,Investigative,Telisotuzumab,TAR0AIJKM,Hepatocyte growth factor receptor (MET),PAY0IJSCK,PBD dimer,PAY0IJSCK,Human Deoxyribonucleic acid (hDNA),DNA-damaging,Mc-Val-Ala,ADCC002742,Half Maximal Inhibitory Concentration (IC50),1,=,0.7,0.7,nM,1,NCI-H1703 cells,Lung squamous cell carcinoma,https://adcdb.idrblab.net/data/adc/details/DRG0DNWSM,data/raw/adcdb_idrblab/adc_details/DRG0DNWSM.html
DRG0DNWSM,ABT-700 (S238C)-PBD,Investigative,Telisotuzumab,TAR0AIJKM,Hepatocyte growth factor receptor (MET),PAY0IJSCK,PBD dimer,PAY0IJSCK,Human Deoxyribonucleic acid (hDNA),DNA-damaging,Mc-Val-Ala,ADCC002776,Half Maximal Inhibitory Concentration (IC50),1,=,0.97,0.97,nM,1,CHLA-03-AA cells,Anaplastic astrocytoma,https://adcdb.idrblab.net/data/adc/details/DRG0DNWSM,data/raw/adcdb_idrblab/adc_details/DRG0DNWSM.html
DRG0DNWSM,ABT-700 (S238C)-PBD,Investigative,Telisotuzumab,TAR0AIJKM,Hepatocyte growth factor receptor (MET),PAY0IJSCK,PBD dimer,PAY0IJSCK,Human Deoxyribonucleic acid (hDNA),DNA-damaging,Mc-Val-Ala,ADCC002770,Half Maximal Inhibitory Concentration (IC50),1,=,2.45,2.45,nM,1,PFSK-1 cells,Primitive neuroectodermal tumor,https://adcdb.idrblab.net/data/adc/details/DRG0DNWSM,data/raw/adcdb_idrblab/adc_details/DRG0DNWSM.html
DRG0DNWSM,ABT-700 (S238C)-PBD,Investigative,Telisotuzumab,TAR0AIJKM,Hepatocyte growth factor receptor (MET),PAY0IJSCK,PBD dimer,PAY0IJSCK,Human Deoxyribonucleic acid (hDNA),DNA-damaging,Mc-Val-Ala,ADCC002762,Half Maximal Inhibitory Concentration (IC50),1,=,26,26.0,nM,1,SW480 cells,Colon adenocarcinoma,https://adcdb.idrblab.net/data/adc/details/DRG0DNWSM,data/raw/adcdb_idrblab/adc_details/DRG0DNWSM.html
DRG0DNWSM,ABT-700 (S238C)-PBD,Investigative,Telisotuzumab,TAR0AIJKM,Hepatocyte growth factor receptor (MET),PAY0IJSCK,PBD dimer,PAY0IJSCK,Human Deoxyribonucleic acid (hDNA),DNA-damaging,Mc-Val-Ala,ADCC002773,Half Maximal Inhibitory Concentration (IC50),1,=,28.2,28.2,nM,1,SNB-75 cells,Glioblastoma,https://adcdb.idrblab.net/data/adc/details/DRG0DNWSM,data/raw/adcdb_idrblab/adc_details/DRG0DNWSM.html
DRG0DNWSM,ABT-700 (S238C)-PBD,Investigative,Telisotuzumab,TAR0AIJKM,Hepatocyte growth factor receptor (MET),PAY0IJSCK,PBD dimer,PAY0IJSCK,Human Deoxyribonucleic acid (hDNA),DNA-damaging,Mc-Val-Ala,ADCC002769,Half Maximal Inhibitory Concentration (IC50),1,>,> 67,67.0,nM,1,A-172 cells,Glioblastoma,https://adcdb.idrblab.net/data/adc/details/DRG0DNWSM,data/raw/adcdb_idrblab/adc_details/DRG0DNWSM.html
DRG0DNWSM,ABT-700 (S238C)-PBD,Investigative,Telisotuzumab,TAR0AIJKM,Hepatocyte growth factor receptor (MET),PAY0IJSCK,PBD dimer,PAY0IJSCK,Human Deoxyribonucleic acid (hDNA),DNA-damaging,Mc-Val-Ala,ADCC002751,Half Maximal Inhibitory Concentration (IC50),1,>,> 67,67.0,nM,1,HCT 15 cells,Colon adenocarcinoma,https://adcdb.idrblab.net/data/adc/details/DRG0DNWSM,data/raw/adcdb_idrblab/adc_details/DRG0DNWSM.html
DRG0DNWSM,ABT-700 (S238C)-PBD,Investigative,Telisotuzumab,TAR0AIJKM,Hepatocyte growth factor receptor (MET),PAY0IJSCK,PBD dimer,PAY0IJSCK,Human Deoxyribonucleic acid (hDNA),DNA-damaging,Mc-Val-Ala,ADCC002748,Half Maximal Inhibitory Concentration (IC50),1,>,> 67,67.0,nM,1,Caco-2 cells,Colon adenocarcinoma,https://adcdb.idrblab.net/data/adc/details/DRG0DNWSM,data/raw/adcdb_idrblab/adc_details/DRG0DNWSM.html
DRG0DNWSM,ABT-700 (S238C)-PBD,Investigative,Telisotuzumab,TAR0AIJKM,Hepatocyte growth factor receptor (MET),PAY0IJSCK,PBD dimer,PAY0IJSCK,Human Deoxyribonucleic acid (hDNA),DNA-damaging,Mc-Val-Ala,ADCC002765,Half Maximal Inhibitory Concentration (IC50),1,=,141,141.0,nM,1,T98G cells,Glioblastoma,https://adcdb.idrblab.net/data/adc/details/DRG0DNWSM,data/raw/adcdb_idrblab/adc_details/DRG0DNWSM.html
DRG0DSCQI,Anti-TNF ADC 109,Investigative,Anti-TNF mAb alpha-TNF,TAR0DEDPZ,Tumor necrosis factor receptor superfamily member 1A (TNFRSF1A),PAY0OQPXP,GRM cpd 20,PAY0OQPXP,Glucocorticoid receptor (NR3C1),Other,MP-Ala-Ala,ADCC001873,Half Maximal Effective Concentration (EC50),1,=,0.12,0.12,ug/mL,0,K-562 cells (TNF expression),Chronic myelogenous leukemia,https://adcdb.idrblab.net/data/adc/details/DRG0DSCQI,data/raw/adcdb_idrblab/adc_details/DRG0DSCQI.html
DRG0DSCQI,Anti-TNF ADC 109,Investigative,Anti-TNF mAb alpha-TNF,TAR0DEDPZ,Tumor necrosis factor receptor superfamily member 1A (TNFRSF1A),PAY0OQPXP,GRM cpd 20,PAY0OQPXP,Glucocorticoid receptor (NR3C1),Other,MP-Ala-Ala,ADCC001874,Half Maximal Effective Concentration (EC50),1,>,> 50,50.0,ug/mL,0,K-562 cells,Chronic myelogenous leukemia,https://adcdb.idrblab.net/data/adc/details/DRG0DSCQI,data/raw/adcdb_idrblab/adc_details/DRG0DSCQI.html
DRG0DWYOX,Anti-TNF ADC 132,Investigative,Anti-TNF mAb alpha-TNF,TAR0DEDPZ,Tumor necrosis factor receptor superfamily member 1A (TNFRSF1A),PAY0ZHBNS,GRM cpd 32,PAY0ZHBNS,Glucocorticoid receptor (NR3C1),Other,MP-Ala-Ala,ADCC001965,Half Maximal Effective Concentration (EC50),1,=,0.2,0.2,ng/mL,0,K-562 cells (TNF expression),Chronic myelogenous leukemia,https://adcdb.idrblab.net/data/adc/details/DRG0DWYOX,data/raw/adcdb_idrblab/adc_details/DRG0DWYOX.html
DRG0DWYOX,Anti-TNF ADC 132,Investigative,Anti-TNF mAb alpha-TNF,TAR0DEDPZ,Tumor necrosis factor receptor superfamily member 1A (TNFRSF1A),PAY0ZHBNS,GRM cpd 32,PAY0ZHBNS,Glucocorticoid receptor (NR3C1),Other,MP-Ala-Ala,ADCC001966,Half Maximal Effective Concentration (EC50),1,=,12.1,12.1,ug/mL,0,K-562 cells,Chronic myelogenous leukemia,https://adcdb.idrblab.net/data/adc/details/DRG0DWYOX,data/raw/adcdb_idrblab/adc_details/DRG0DWYOX.html
DRG0DYMWP,Anti-TNF ADC 111,Investigative,Anti-TNF mAb alpha-TNF,TAR0DEDPZ,Tumor necrosis factor receptor superfamily member 1A (TNFRSF1A),PAY0HEIKB,GRM cpd 23,PAY0HEIKB,Glucocorticoid receptor (NR3C1),Other,MP-Ala-Ala,ADCC001877,Half Maximal Effective Concentration (EC50),1,=,1.08,1.08,ug/mL,0,K-562 cells (TNF expression),Chronic myelogenous leukemia,https://adcdb.idrblab.net/data/adc/details/DRG0DYMWP,data/raw/adcdb_idrblab/adc_details/DRG0DYMWP.html
DRG0DYMWP,Anti-TNF ADC 111,Investigative,Anti-TNF mAb alpha-TNF,TAR0DEDPZ,Tumor necrosis factor receptor superfamily member 1A (TNFRSF1A),PAY0HEIKB,GRM cpd 23,PAY0HEIKB,Glucocorticoid receptor (NR3C1),Other,MP-Ala-Ala,ADCC001878,Half Maximal Effective Concentration (EC50),1,>,> 50,50.0,ug/mL,0,K-562 cells,Chronic myelogenous leukemia,https://adcdb.idrblab.net/data/adc/details/DRG0DYMWP,data/raw/adcdb_idrblab/adc_details/DRG0DYMWP.html
DRG0EFAMN,H02L03-DXd,Investigative,Anti-CDH6 mAb H02L03,TAR0SOZLV,Cadherin-6 (CDH6),PAY0UXDSB,DX-8951 derivative (DXd),PAY0UXDSB,DNA topoisomerase 1 (TOP1),Topo-I inhibitor,Mc-Gly-Gly-Phe-Gly,ADCC007054,Half Maximal Inhibitory Concentration (IC50),1,=,0.1,0.1,nM,1,CVCL_0479,Ovarian mixed germ cell tumor,https://adcdb.idrblab.net/data/adc/details/DRG0EFAMN,data/raw/adcdb_idrblab/adc_details/DRG0EFAMN.html
DRG0EJGRP,MSLN-Mal-PEG2-Eribulin,Investigative,Amatuximab,TAR0NEZUA,Mesothelin (MSLN),PAY0JAEKD,Eribulin,PAY0JAEKD,Microtubule (MT),microtubule-disrupting,Mal-PEG2,ADCC006345,Half Maximal Inhibitory Concentration (IC50),1,=,43,43.0,nM,1,IGROV-1 cells,Ovarian endometrioid adenocarcinoma,https://adcdb.idrblab.net/data/adc/details/DRG0EJGRP,data/raw/adcdb_idrblab/adc_details/DRG0EJGRP.html
DRG0EJGRP,MSLN-Mal-PEG2-Eribulin,Investigative,Amatuximab,TAR0NEZUA,Mesothelin (MSLN),PAY0JAEKD,Eribulin,PAY0JAEKD,Microtubule (MT),microtubule-disrupting,Mal-PEG2,ADCC006358,Half Maximal Inhibitory Concentration (IC50),1,=,50,50.0,nM,1,NCI-H2110 cells,Lung non-small cell carcinoma,https://adcdb.idrblab.net/data/adc/details/DRG0EJGRP,data/raw/adcdb_idrblab/adc_details/DRG0EJGRP.html
DRG0EJGRP,MSLN-Mal-PEG2-Eribulin,Investigative,Amatuximab,TAR0NEZUA,Mesothelin (MSLN),PAY0JAEKD,Eribulin,PAY0JAEKD,Microtubule (MT),microtubule-disrupting,Mal-PEG2,ADCC006385,Half Maximal Inhibitory Concentration (IC50),1,>,> 100,100.0,nM,1,SJSA-1 cells,Osteosarcoma,https://adcdb.idrblab.net/data/adc/details/DRG0EJGRP,data/raw/adcdb_idrblab/adc_details/DRG0EJGRP.html
DRG0EJGRP,MSLN-Mal-PEG2-Eribulin,Investigative,Amatuximab,TAR0NEZUA,Mesothelin (MSLN),PAY0JAEKD,Eribulin,PAY0JAEKD,Microtubule (MT),microtubule-disrupting,Mal-PEG2,ADCC006371,Half Maximal Inhibitory Concentration (IC50),1,>,> 100,100.0,nM,1,A431 cells,Skin squamous cell carcinoma,https://adcdb.idrblab.net/data/adc/details/DRG0EJGRP,data/raw/adcdb_idrblab/adc_details/DRG0EJGRP.html
DRG0EKTUN,Sacituzumab govitecan,Approved in 2020,Sacituzumab,TAR0MIBZW,Tumor-associated calcium signal transducer 2 (TACSTD2),PAY0BKPAH,SN-38,PAY0BKPAH,DNA topoisomerase 1 (TOP1),Topo-I inhibitor,CL2A,ADCC000356,Half Maximal Inhibitory Concentration (IC50),1,=,0.18-0.26,0.18,nM,1,Primary cervical cancer cells,Primary cervical cancer,https://adcdb.idrblab.net/data/adc/details/DRG0EKTUN,data/raw/adcdb_idrblab/adc_details/DRG0EKTUN.html
DRG0EKTUN,Sacituzumab govitecan,Approved in 2020,Sacituzumab,TAR0MIBZW,Tumor-associated calcium signal transducer 2 (TACSTD2),PAY0BKPAH,SN-38,PAY0BKPAH,DNA topoisomerase 1 (TOP1),Topo-I inhibitor,CL2A,ADCC000349,Half Maximal Inhibitory Concentration (IC50),1,=,0.6,0.6,nM,1,USPC-ARK-2 cells,Endometrial serous adenocarcinoma,https://adcdb.idrblab.net/data/adc/details/DRG0EKTUN,data/raw/adcdb_idrblab/adc_details/DRG0EKTUN.html
DRG0EKTUN,Sacituzumab govitecan,Approved in 2020,Sacituzumab,TAR0MIBZW,Tumor-associated calcium signal transducer 2 (TACSTD2),PAY0BKPAH,SN-38,PAY0BKPAH,DNA topoisomerase 1 (TOP1),Topo-I inhibitor,CL2A,ADCC000351,Half Maximal Inhibitory Concentration (IC50),1,=,1.02,1.02,nM,1,COLO 205 cells,Colon adenocarcinoma,https://adcdb.idrblab.net/data/adc/details/DRG0EKTUN,data/raw/adcdb_idrblab/adc_details/DRG0EKTUN.html
DRG0EKTUN,Sacituzumab govitecan,Approved in 2020,Sacituzumab,TAR0MIBZW,Tumor-associated calcium signal transducer 2 (TACSTD2),PAY0BKPAH,SN-38,PAY0BKPAH,DNA topoisomerase 1 (TOP1),Topo-I inhibitor,CL2A,ADCC000355,Half Maximal Inhibitory Concentration (IC50),1,=,1.44,1.44,nM,1,BxPC-3 cells,Pancreatic ductal adenocarcinoma,https://adcdb.idrblab.net/data/adc/details/DRG0EKTUN,data/raw/adcdb_idrblab/adc_details/DRG0EKTUN.html
DRG0EKTUN,Sacituzumab govitecan,Approved in 2020,Sacituzumab,TAR0MIBZW,Tumor-associated calcium signal transducer 2 (TACSTD2),PAY0BKPAH,SN-38,PAY0BKPAH,DNA topoisomerase 1 (TOP1),Topo-I inhibitor,CL2A,ADCC000353,Half Maximal Inhibitory Concentration (IC50),1,=,1.86,1.86,nM,1,PC-3 cells,Prostate carcinoma,https://adcdb.idrblab.net/data/adc/details/DRG0EKTUN,data/raw/adcdb_idrblab/adc_details/DRG0EKTUN.html
DRG0EKTUN,Sacituzumab govitecan,Approved in 2020,Sacituzumab,TAR0MIBZW,Tumor-associated calcium signal transducer 2 (TACSTD2),PAY0BKPAH,SN-38,PAY0BKPAH,DNA topoisomerase 1 (TOP1),Topo-I inhibitor,CL2A,ADCC000352,Half Maximal Inhibitory Concentration (IC50),1,=,3.5,3.5,nM,1,Capan-1 cells,Pancreatic ductal adenocarcinoma,https://adcdb.idrblab.net/data/adc/details/DRG0EKTUN,data/raw/adcdb_idrblab/adc_details/DRG0EKTUN.html
DRG0EKTUN,Sacituzumab govitecan,Approved in 2020,Sacituzumab,TAR0MIBZW,Tumor-associated calcium signal transducer 2 (TACSTD2),PAY0BKPAH,SN-38,PAY0BKPAH,DNA topoisomerase 1 (TOP1),Topo-I inhibitor,CL2A,ADCC000348,Half Maximal Inhibitory Concentration (IC50),1,=,3.9,3.9,nM,1,USPC-ARK-2 cells,Endometrial serous adenocarcinoma,https://adcdb.idrblab.net/data/adc/details/DRG0EKTUN,data/raw/adcdb_idrblab/adc_details/DRG0EKTUN.html
DRG0EKTUN,Sacituzumab govitecan,Approved in 2020,Sacituzumab,TAR0MIBZW,Tumor-associated calcium signal transducer 2 (TACSTD2),PAY0BKPAH,SN-38,PAY0BKPAH,DNA topoisomerase 1 (TOP1),Topo-I inhibitor,CL2A,ADCC000350,Half Maximal Inhibitory Concentration (IC50),1,=,7.19,7.19,nM,1,Calu-3 cells,Lung adenocarcinoma,https://adcdb.idrblab.net/data/adc/details/DRG0EKTUN,data/raw/adcdb_idrblab/adc_details/DRG0EKTUN.html
DRG0EKTUN,Sacituzumab govitecan,Approved in 2020,Sacituzumab,TAR0MIBZW,Tumor-associated calcium signal transducer 2 (TACSTD2),PAY0BKPAH,SN-38,PAY0BKPAH,DNA topoisomerase 1 (TOP1),Topo-I inhibitor,CL2A,ADCC000354,Half Maximal Inhibitory Concentration (IC50),1,=,8.61,8.61,nM,1,SK-MES-1 cells,Lung squamous cell carcinoma,https://adcdb.idrblab.net/data/adc/details/DRG0EKTUN,data/raw/adcdb_idrblab/adc_details/DRG0EKTUN.html
DRG0ELYWP,Tusamitamab ravtansine,Phase 3 (discontinued),Tusamitamab,TAR0MKNCY,Carcinoembryonic antigen-related cell adhesion molecule 5 (CEACAM5),PAY0CLRJD,DM4,PAY0CLRJD,Microtubule (MT),microtubule-disrupting,N-succinimidyl 4-(2-pyridyldithio) butanoate (SPDB),ADCC000530,Half Maximal Inhibitory Concentration (IC50),1,=,0.20±0.04,0.2,nM,1,HPAF-II cells,Pancreatic ductal adenocarcinoma,https://adcdb.idrblab.net/data/adc/details/DRG0ELYWP,data/raw/adcdb_idrblab/adc_details/DRG0ELYWP.html
DRG0ELYWP,Tusamitamab ravtansine,Phase 3 (discontinued),Tusamitamab,TAR0MKNCY,Carcinoembryonic antigen-related cell adhesion molecule 5 (CEACAM5),PAY0CLRJD,DM4,PAY0CLRJD,Microtubule (MT),microtubule-disrupting,N-succinimidyl 4-(2-pyridyldithio) butanoate (SPDB),ADCC000531,Half Maximal Inhibitory Concentration (IC50),1,=,0.38±0.07,0.38,nM,1,HPAF-II cells,Pancreatic ductal adenocarcinoma,https://adcdb.idrblab.net/data/adc/details/DRG0ELYWP,data/raw/adcdb_idrblab/adc_details/DRG0ELYWP.html
DRG0ELYWP,Tusamitamab ravtansine,Phase 3 (discontinued),Tusamitamab,TAR0MKNCY,Carcinoembryonic antigen-related cell adhesion molecule 5 (CEACAM5),PAY0CLRJD,DM4,PAY0CLRJD,Microtubule (MT),microtubule-disrupting,N-succinimidyl 4-(2-pyridyldithio) butanoate (SPDB),ADCC000532,Half Maximal Inhibitory Concentration (IC50),1,=,1.08±0.17,1.08,nM,1,MKN45 cells,Gastric adenocarcinoma,https://adcdb.idrblab.net/data/adc/details/DRG0ELYWP,data/raw/adcdb_idrblab/adc_details/DRG0ELYWP.html
DRG0EPHMC,Anetumab ravtansine,Phase 2 (discontinued),Anetumab,TAR0NEZUA,Mesothelin (MSLN),PAY0CLRJD,DM4,PAY0CLRJD,Microtubule (MT),microtubule-disrupting,N-succinimidyl 4-(2-pyridyldithio) butanoate (SPDB),ADCC001117,Half Maximal Inhibitory Concentration (IC50),1,=,1,1.0,nM,1,MIA PaCa-2 cells,Pancreatic ductal adenocarcinoma,https://adcdb.idrblab.net/data/adc/details/DRG0EPHMC,data/raw/adcdb_idrblab/adc_details/DRG0EPHMC.html
DRG0EPHMC,Anetumab ravtansine,Phase 2 (discontinued),Anetumab,TAR0NEZUA,Mesothelin (MSLN),PAY0CLRJD,DM4,PAY0CLRJD,Microtubule (MT),microtubule-disrupting,N-succinimidyl 4-(2-pyridyldithio) butanoate (SPDB),ADCC001119,Half Maximal Inhibitory Concentration (IC50),1,=,1.05,1.05,nM,1,HT-29 cells,Colon adenocarcinoma,https://adcdb.idrblab.net/data/adc/details/DRG0EPHMC,data/raw/adcdb_idrblab/adc_details/DRG0EPHMC.html
DRG0EPHMC,Anetumab ravtansine,Phase 2 (discontinued),Anetumab,TAR0NEZUA,Mesothelin (MSLN),PAY0CLRJD,DM4,PAY0CLRJD,Microtubule (MT),microtubule-disrupting,N-succinimidyl 4-(2-pyridyldithio) butanoate (SPDB),ADCC001120,Half Maximal Inhibitory Concentration (IC50),1,=,1.59,1.59,nM,1,OVCAR-3 cells,Ovarian serous adenocarcinoma,https://adcdb.idrblab.net/data/adc/details/DRG0EPHMC,data/raw/adcdb_idrblab/adc_details/DRG0EPHMC.html
DRG0EPHMC,Anetumab ravtansine,Phase 2 (discontinued),Anetumab,TAR0NEZUA,Mesothelin (MSLN),PAY0CLRJD,DM4,PAY0CLRJD,Microtubule (MT),microtubule-disrupting,N-succinimidyl 4-(2-pyridyldithio) butanoate (SPDB),ADCC001116,Half Maximal Inhibitory Concentration (IC50),1,=,1.59,1.59,nM,1,MIA PaCa-2 cells (MSLN expression),Pancreatic ductal adenocarcinoma,https://adcdb.idrblab.net/data/adc/details/DRG0EPHMC,data/raw/adcdb_idrblab/adc_details/DRG0EPHMC.html
DRG0EPHMC,Anetumab ravtansine,Phase 2 (discontinued),Anetumab,TAR0NEZUA,Mesothelin (MSLN),PAY0CLRJD,DM4,PAY0CLRJD,Microtubule (MT),microtubule-disrupting,N-succinimidyl 4-(2-pyridyldithio) butanoate (SPDB),ADCC001161,Half Maximal Inhibitory Concentration (IC50),1,=,4.1,4.1,nM,1,SK-OV-3 cells,Ovarian serous cystadenocarcinoma,https://adcdb.idrblab.net/data/adc/details/DRG0EPHMC,data/raw/adcdb_idrblab/adc_details/DRG0EPHMC.html
DRG0EPHMC,Anetumab ravtansine,Phase 2 (discontinued),Anetumab,TAR0NEZUA,Mesothelin (MSLN),PAY0CLRJD,DM4,PAY0CLRJD,Microtubule (MT),microtubule-disrupting,N-succinimidyl 4-(2-pyridyldithio) butanoate (SPDB),ADCC001121,Half Maximal Inhibitory Concentration (IC50),1,=,5.72,5.72,nM,1,NCI-H226 cells,Pleural epithelioid mesothelioma,https://adcdb.idrblab.net/data/adc/details/DRG0EPHMC,data/raw/adcdb_idrblab/adc_details/DRG0EPHMC.html
DRG0EPHMC,Anetumab ravtansine,Phase 2 (discontinued),Anetumab,TAR0NEZUA,Mesothelin (MSLN),PAY0CLRJD,DM4,PAY0CLRJD,Microtubule (MT),microtubule-disrupting,N-succinimidyl 4-(2-pyridyldithio) butanoate (SPDB),ADCC001154,Half Maximal Inhibitory Concentration (IC50),1,=,5.9,5.9,nM,1,BG1 cells,Ovarian adenocarcinoma,https://adcdb.idrblab.net/data/adc/details/DRG0EPHMC,data/raw/adcdb_idrblab/adc_details/DRG0EPHMC.html
DRG0EPHMC,Anetumab ravtansine,Phase 2 (discontinued),Anetumab,TAR0NEZUA,Mesothelin (MSLN),PAY0CLRJD,DM4,PAY0CLRJD,Microtubule (MT),microtubule-disrupting,N-succinimidyl 4-(2-pyridyldithio) butanoate (SPDB),ADCC001118,Half Maximal Inhibitory Concentration (IC50),1,=,7.15,7.15,nM,1,HT-29 cells (MSLN expression),Colon adenocarcinoma,https://adcdb.idrblab.net/data/adc/details/DRG0EPHMC,data/raw/adcdb_idrblab/adc_details/DRG0EPHMC.html
DRG0EPHMC,Anetumab ravtansine,Phase 2 (discontinued),Anetumab,TAR0NEZUA,Mesothelin (MSLN),PAY0CLRJD,DM4,PAY0CLRJD,Microtubule (MT),microtubule-disrupting,N-succinimidyl 4-(2-pyridyldithio) butanoate (SPDB),ADCC001158,Half Maximal Inhibitory Concentration (IC50),1,=,10.9,10.9,nM,1,OVCAR-3 cells,Ovarian serous adenocarcinoma,https://adcdb.idrblab.net/data/adc/details/DRG0EPHMC,data/raw/adcdb_idrblab/adc_details/DRG0EPHMC.html
DRG0EPHMC,Anetumab ravtansine,Phase 2 (discontinued),Anetumab,TAR0NEZUA,Mesothelin (MSLN),PAY0CLRJD,DM4,PAY0CLRJD,Microtubule (MT),microtubule-disrupting,N-succinimidyl 4-(2-pyridyldithio) butanoate (SPDB),ADCC001159,Half Maximal Inhibitory Concentration (IC50),1,=,11.9,11.9,nM,1,OVCAR-5 cells,Ovarian serous adenocarcinoma,https://adcdb.idrblab.net/data/adc/details/DRG0EPHMC,data/raw/adcdb_idrblab/adc_details/DRG0EPHMC.html
DRG0EPHMC,Anetumab ravtansine,Phase 2 (discontinued),Anetumab,TAR0NEZUA,Mesothelin (MSLN),PAY0CLRJD,DM4,PAY0CLRJD,Microtubule (MT),microtubule-disrupting,N-succinimidyl 4-(2-pyridyldithio) butanoate (SPDB),ADCC001153,Half Maximal Inhibitory Concentration (IC50),1,=,15.4,15.4,nM,1,HPAF-II cells,Pancreatic ductal adenocarcinoma,https://adcdb.idrblab.net/data/adc/details/DRG0EPHMC,data/raw/adcdb_idrblab/adc_details/DRG0EPHMC.html
DRG0EPHMC,Anetumab ravtansine,Phase 2 (discontinued),Anetumab,TAR0NEZUA,Mesothelin (MSLN),PAY0CLRJD,DM4,PAY0CLRJD,Microtubule (MT),microtubule-disrupting,N-succinimidyl 4-(2-pyridyldithio) butanoate (SPDB),ADCC001152,Half Maximal Inhibitory Concentration (IC50),1,=,20.7,20.7,nM,1,A2780 cells,Ovarian endometrioid adenocarcinoma,https://adcdb.idrblab.net/data/adc/details/DRG0EPHMC,data/raw/adcdb_idrblab/adc_details/DRG0EPHMC.html
DRG0EPHMC,Anetumab ravtansine,Phase 2 (discontinued),Anetumab,TAR0NEZUA,Mesothelin (MSLN),PAY0CLRJD,DM4,PAY0CLRJD,Microtubule (MT),microtubule-disrupting,N-succinimidyl 4-(2-pyridyldithio) butanoate (SPDB),ADCC001155,Half Maximal Inhibitory Concentration (IC50),1,=,20.8,20.8,nM,1,EFO-21 cells,Ovarian serous cystadenocarcinoma,https://adcdb.idrblab.net/data/adc/details/DRG0EPHMC,data/raw/adcdb_idrblab/adc_details/DRG0EPHMC.html
DRG0EPHMC,Anetumab ravtansine,Phase 2 (discontinued),Anetumab,TAR0NEZUA,Mesothelin (MSLN),PAY0CLRJD,DM4,PAY0CLRJD,Microtubule (MT),microtubule-disrupting,N-succinimidyl 4-(2-pyridyldithio) butanoate (SPDB),ADCC001160,Half Maximal Inhibitory Concentration (IC50),1,=,32.5,32.5,nM,1,OVCAR-8 cells,High grade ovarian serous adenocarcinoma,https://adcdb.idrblab.net/data/adc/details/DRG0EPHMC,data/raw/adcdb_idrblab/adc_details/DRG0EPHMC.html
DRG0EPHMC,Anetumab ravtansine,Phase 2 (discontinued),Anetumab,TAR0NEZUA,Mesothelin (MSLN),PAY0CLRJD,DM4,PAY0CLRJD,Microtubule (MT),microtubule-disrupting,N-succinimidyl 4-(2-pyridyldithio) butanoate (SPDB),ADCC001156,Half Maximal Inhibitory Concentration (IC50),1,=,41.9,41.9,nM,1,IGROV-1 cells,Ovarian endometrioid adenocarcinoma,https://adcdb.idrblab.net/data/adc/details/DRG0EPHMC,data/raw/adcdb_idrblab/adc_details/DRG0EPHMC.html
DRG0EPHMC,Anetumab ravtansine,Phase 2 (discontinued),Anetumab,TAR0NEZUA,Mesothelin (MSLN),PAY0CLRJD,DM4,PAY0CLRJD,Microtubule (MT),microtubule-disrupting,N-succinimidyl 4-(2-pyridyldithio) butanoate (SPDB),ADCC001157,Half Maximal Inhibitory Concentration (IC50),1,=,42.4,42.4,nM,1,NCI-ADR-RES cells,High grade ovarian serous adenocarcinoma,https://adcdb.idrblab.net/data/adc/details/DRG0EPHMC,data/raw/adcdb_idrblab/adc_details/DRG0EPHMC.html
DRG0ERKBH,Trastuzumab deruxtecan,Approved in 2019,Trastuzumab,TAR0THKZD,Receptor tyrosine-protein kinase erbB-2 (HER2),PAY0WSZPJ,DXd,PAY0WSZPJ,DNA topoisomerase 1 (TOP1),Topo-I inhibitor,Mc-Gly-Gly-Phe-Gly,ADCC009854,Half Maximal inhibitory Concentration (IC50)Human PBMC,1,=,0.0652,0.0652,nM,1,CVCL_0033,Breast adenocarcinoma,https://adcdb.idrblab.net/data/adc/details/DRG0ERKBH,data/raw/adcdb_idrblab/adc_details/DRG0ERKBH.html
DRG0ERKBH,Trastuzumab deruxtecan,Approved in 2019,Trastuzumab,TAR0THKZD,Receptor tyrosine-protein kinase erbB-2 (HER2),PAY0WSZPJ,DXd,PAY0WSZPJ,DNA topoisomerase 1 (TOP1),Topo-I inhibitor,Mc-Gly-Gly-Phe-Gly,ADCC009853,Half Maximal inhibitory Concentration (IC50)Human PBMC,1,=,0.2344,0.2344,nM,1,CVCL_1603,Gastric tubular adenocarcinoma,https://adcdb.idrblab.net/data/adc/details/DRG0ERKBH,data/raw/adcdb_idrblab/adc_details/DRG0ERKBH.html
DRG0ERKBH,Trastuzumab deruxtecan,Approved in 2019,Trastuzumab,TAR0THKZD,Receptor tyrosine-protein kinase erbB-2 (HER2),PAY0WSZPJ,DXd,PAY0WSZPJ,DNA topoisomerase 1 (TOP1),Topo-I inhibitor,Mc-Gly-Gly-Phe-Gly,ADCC009855,Half Maximal inhibitory Concentration (IC50)Human PBMC,1,>,> 100,100.0,nM,1,CVCL_2077,Breast ductal carcinoma,https://adcdb.idrblab.net/data/adc/details/DRG0ERKBH,data/raw/adcdb_idrblab/adc_details/DRG0ERKBH.html
DRG0ERKBH,Trastuzumab deruxtecan,Approved in 2019,Trastuzumab,TAR0THKZD,Receptor tyrosine-protein kinase erbB-2 (HER2),PAY0WSZPJ,DXd,PAY0WSZPJ,DNA topoisomerase 1 (TOP1),Topo-I inhibitor,Mc-Gly-Gly-Phe-Gly,ADCC009856,Half Maximal inhibitory Concentration (IC50)Human PBMC,1,>,> 100,100.0,nM,1,CVCL_0031,Invasive breast carcinoma,https://adcdb.idrblab.net/data/adc/details/DRG0ERKBH,data/raw/adcdb_idrblab/adc_details/DRG0ERKBH.html
DRG0ERKBH,Trastuzumab deruxtecan,Approved in 2019,Trastuzumab,TAR0THKZD,Receptor tyrosine-protein kinase erbB-2 (HER2),PAY0WSZPJ,DXd,PAY0WSZPJ,DNA topoisomerase 1 (TOP1),Topo-I inhibitor,Mc-Gly-Gly-Phe-Gly,ADCC003001,Half Maximal Inhibitory Concentration (IC50),1,=,0.7,0.7,ng/mL,0,SK-BR-3 cells,Breast adenocarcinoma,https://adcdb.idrblab.net/data/adc/details/DRG0ERKBH,data/raw/adcdb_idrblab/adc_details/DRG0ERKBH.html
DRG0ERKBH,Trastuzumab deruxtecan,Approved in 2019,Trastuzumab,TAR0THKZD,Receptor tyrosine-protein kinase erbB-2 (HER2),PAY0WSZPJ,DXd,PAY0WSZPJ,DNA topoisomerase 1 (TOP1),Topo-I inhibitor,Mc-Gly-Gly-Phe-Gly,ADCC002983,Half Maximal Inhibitory Concentration (IC50),1,=,4.8,4.8,ng/mL,0,SK-BR-3 cells,Breast adenocarcinoma,https://adcdb.idrblab.net/data/adc/details/DRG0ERKBH,data/raw/adcdb_idrblab/adc_details/DRG0ERKBH.html
DRG0ERKBH,Trastuzumab deruxtecan,Approved in 2019,Trastuzumab,TAR0THKZD,Receptor tyrosine-protein kinase erbB-2 (HER2),PAY0WSZPJ,DXd,PAY0WSZPJ,DNA topoisomerase 1 (TOP1),Topo-I inhibitor,Mc-Gly-Gly-Phe-Gly,ADCC003002,Half Maximal Inhibitory Concentration (IC50),1,=,5.1,5.1,ng/mL,0,MDA-MB-453 cells,Breast adenocarcinoma,https://adcdb.idrblab.net/data/adc/details/DRG0ERKBH,data/raw/adcdb_idrblab/adc_details/DRG0ERKBH.html
DRG0ERKBH,Trastuzumab deruxtecan,Approved in 2019,Trastuzumab,TAR0THKZD,Receptor tyrosine-protein kinase erbB-2 (HER2),PAY0WSZPJ,DXd,PAY0WSZPJ,DNA topoisomerase 1 (TOP1),Topo-I inhibitor,Mc-Gly-Gly-Phe-Gly,ADCC002995,Half Maximal Inhibitory Concentration (IC50),1,=,5.3,5.3,ng/mL,0,SK-BR-3 cells,Breast adenocarcinoma,https://adcdb.idrblab.net/data/adc/details/DRG0ERKBH,data/raw/adcdb_idrblab/adc_details/DRG0ERKBH.html
DRG0ERKBH,Trastuzumab deruxtecan,Approved in 2019,Trastuzumab,TAR0THKZD,Receptor tyrosine-protein kinase erbB-2 (HER2),PAY0WSZPJ,DXd,PAY0WSZPJ,DNA topoisomerase 1 (TOP1),Topo-I inhibitor,Mc-Gly-Gly-Phe-Gly,ADCC002990,Half Maximal Inhibitory Concentration (IC50),1,=,6.1,6.1,ng/mL,0,MDA-MB-453 cells,Breast adenocarcinoma,https://adcdb.idrblab.net/data/adc/details/DRG0ERKBH,data/raw/adcdb_idrblab/adc_details/DRG0ERKBH.html
DRG0ERKBH,Trastuzumab deruxtecan,Approved in 2019,Trastuzumab,TAR0THKZD,Receptor tyrosine-protein kinase erbB-2 (HER2),PAY0WSZPJ,DXd,PAY0WSZPJ,DNA topoisomerase 1 (TOP1),Topo-I inhibitor,Mc-Gly-Gly-Phe-Gly,ADCC000155,Half Maximal Inhibitory Concentration (IC50),1,=,6.7,6.7,ng/mL,0,SK-BR-3 cells,Breast adenocarcinoma,https://adcdb.idrblab.net/data/adc/details/DRG0ERKBH,data/raw/adcdb_idrblab/adc_details/DRG0ERKBH.html
DRG0ERKBH,Trastuzumab deruxtecan,Approved in 2019,Trastuzumab,TAR0THKZD,Receptor tyrosine-protein kinase erbB-2 (HER2),PAY0WSZPJ,DXd,PAY0WSZPJ,DNA topoisomerase 1 (TOP1),Topo-I inhibitor,Mc-Gly-Gly-Phe-Gly,ADCC003000,Half Maximal Inhibitory Concentration (IC50),1,=,7.6,7.6,ng/mL,0,BT-474 cells,Invasive breast carcinoma,https://adcdb.idrblab.net/data/adc/details/DRG0ERKBH,data/raw/adcdb_idrblab/adc_details/DRG0ERKBH.html
DRG0ERKBH,Trastuzumab deruxtecan,Approved in 2019,Trastuzumab,TAR0THKZD,Receptor tyrosine-protein kinase erbB-2 (HER2),PAY0WSZPJ,DXd,PAY0WSZPJ,DNA topoisomerase 1 (TOP1),Topo-I inhibitor,Mc-Gly-Gly-Phe-Gly,ADCC002989,Half Maximal Inhibitory Concentration (IC50),1,=,7.6,7.6,ng/mL,0,SK-BR-3 cells,Breast adenocarcinoma,https://adcdb.idrblab.net/data/adc/details/DRG0ERKBH,data/raw/adcdb_idrblab/adc_details/DRG0ERKBH.html
DRG0ERKBH,Trastuzumab deruxtecan,Approved in 2019,Trastuzumab,TAR0THKZD,Receptor tyrosine-protein kinase erbB-2 (HER2),PAY0WSZPJ,DXd,PAY0WSZPJ,DNA topoisomerase 1 (TOP1),Topo-I inhibitor,Mc-Gly-Gly-Phe-Gly,ADCC002998,Half Maximal Inhibitory Concentration (IC50),1,=,8.1,8.1,ng/mL,0,NCI-N87 cells,Gastric tubular adenocarcinoma,https://adcdb.idrblab.net/data/adc/details/DRG0ERKBH,data/raw/adcdb_idrblab/adc_details/DRG0ERKBH.html
DRG0ERKBH,Trastuzumab deruxtecan,Approved in 2019,Trastuzumab,TAR0THKZD,Receptor tyrosine-protein kinase erbB-2 (HER2),PAY0WSZPJ,DXd,PAY0WSZPJ,DNA topoisomerase 1 (TOP1),Topo-I inhibitor,Mc-Gly-Gly-Phe-Gly,ADCC002996,Half Maximal Inhibitory Concentration (IC50),1,=,9,9.0,ng/mL,0,MDA-MB-453 cells,Breast adenocarcinoma,https://adcdb.idrblab.net/data/adc/details/DRG0ERKBH,data/raw/adcdb_idrblab/adc_details/DRG0ERKBH.html
DRG0ERKBH,Trastuzumab deruxtecan,Approved in 2019,Trastuzumab,TAR0THKZD,Receptor tyrosine-protein kinase erbB-2 (HER2),PAY0WSZPJ,DXd,PAY0WSZPJ,DNA topoisomerase 1 (TOP1),Topo-I inhibitor,Mc-Gly-Gly-Phe-Gly,ADCC002984,Half Maximal Inhibitory Concentration (IC50),1,=,11.5,11.5,ng/mL,0,MDA-MB-453 cells,Breast adenocarcinoma,https://adcdb.idrblab.net/data/adc/details/DRG0ERKBH,data/raw/adcdb_idrblab/adc_details/DRG0ERKBH.html
DRG0ERKBH,Trastuzumab deruxtecan,Approved in 2019,Trastuzumab,TAR0THKZD,Receptor tyrosine-protein kinase erbB-2 (HER2),PAY0WSZPJ,DXd,PAY0WSZPJ,DNA topoisomerase 1 (TOP1),Topo-I inhibitor,Mc-Gly-Gly-Phe-Gly,ADCC002999,Half Maximal Inhibitory Concentration (IC50),1,=,15.1,15.1,ng/mL,0,Calu-3 cells,Lung adenocarcinoma,https://adcdb.idrblab.net/data/adc/details/DRG0ERKBH,data/raw/adcdb_idrblab/adc_details/DRG0ERKBH.html
DRG0ERKBH,Trastuzumab deruxtecan,Approved in 2019,Trastuzumab,TAR0THKZD,Receptor tyrosine-protein kinase erbB-2 (HER2),PAY0WSZPJ,DXd,PAY0WSZPJ,DNA topoisomerase 1 (TOP1),Topo-I inhibitor,Mc-Gly-Gly-Phe-Gly,ADCC002986,Half Maximal Inhibitory Concentration (IC50),1,=,15.7,15.7,ng/mL,0,NCI-N87 cells,Gastric tubular adenocarcinoma,https://adcdb.idrblab.net/data/adc/details/DRG0ERKBH,data/raw/adcdb_idrblab/adc_details/DRG0ERKBH.html
DRG0ERKBH,Trastuzumab deruxtecan,Approved in 2019,Trastuzumab,TAR0THKZD,Receptor tyrosine-protein kinase erbB-2 (HER2),PAY0WSZPJ,DXd,PAY0WSZPJ,DNA topoisomerase 1 (TOP1),Topo-I inhibitor,Mc-Gly-Gly-Phe-Gly,ADCC002992,Half Maximal Inhibitory Concentration (IC50),1,=,24.9,24.9,ng/mL,0,NCI-N87 cells,Gastric tubular adenocarcinoma,https://adcdb.idrblab.net/data/adc/details/DRG0ERKBH,data/raw/adcdb_idrblab/adc_details/DRG0ERKBH.html
DRG0ERKBH,Trastuzumab deruxtecan,Approved in 2019,Trastuzumab,TAR0THKZD,Receptor tyrosine-protein kinase erbB-2 (HER2),PAY0WSZPJ,DXd,PAY0WSZPJ,DNA topoisomerase 1 (TOP1),Topo-I inhibitor,Mc-Gly-Gly-Phe-Gly,ADCC000154,Half Maximal Inhibitory Concentration (IC50),1,=,25.4,25.4,ng/mL,0,NCI-N87 cells,Gastric tubular adenocarcinoma,https://adcdb.idrblab.net/data/adc/details/DRG0ERKBH,data/raw/adcdb_idrblab/adc_details/DRG0ERKBH.html
DRG0ERKBH,Trastuzumab deruxtecan,Approved in 2019,Trastuzumab,TAR0THKZD,Receptor tyrosine-protein kinase erbB-2 (HER2),PAY0WSZPJ,DXd,PAY0WSZPJ,DNA topoisomerase 1 (TOP1),Topo-I inhibitor,Mc-Gly-Gly-Phe-Gly,ADCC000153,Half Maximal Inhibitory Concentration (IC50),1,=,26.8,26.8,ng/mL,0,KPL-4 cells,Breast inflammatory carcinoma,https://adcdb.idrblab.net/data/adc/details/DRG0ERKBH,data/raw/adcdb_idrblab/adc_details/DRG0ERKBH.html
DRG0ERKBH,Trastuzumab deruxtecan,Approved in 2019,Trastuzumab,TAR0THKZD,Receptor tyrosine-protein kinase erbB-2 (HER2),PAY0WSZPJ,DXd,PAY0WSZPJ,DNA topoisomerase 1 (TOP1),Topo-I inhibitor,Mc-Gly-Gly-Phe-Gly,ADCC002980,Half Maximal Inhibitory Concentration (IC50),1,=,32.7,32.7,ng/mL,0,NCI-N87 cells,Gastric tubular adenocarcinoma,https://adcdb.idrblab.net/data/adc/details/DRG0ERKBH,data/raw/adcdb_idrblab/adc_details/DRG0ERKBH.html
DRG0ERKBH,Trastuzumab deruxtecan,Approved in 2019,Trastuzumab,TAR0THKZD,Receptor tyrosine-protein kinase erbB-2 (HER2),PAY0WSZPJ,DXd,PAY0WSZPJ,DNA topoisomerase 1 (TOP1),Topo-I inhibitor,Mc-Gly-Gly-Phe-Gly,ADCC002987,Half Maximal Inhibitory Concentration (IC50),1,=,34.8,34.8,ng/mL,0,Calu-3 cells,Lung adenocarcinoma,https://adcdb.idrblab.net/data/adc/details/DRG0ERKBH,data/raw/adcdb_idrblab/adc_details/DRG0ERKBH.html
DRG0ERKBH,Trastuzumab deruxtecan,Approved in 2019,Trastuzumab,TAR0THKZD,Receptor tyrosine-protein kinase erbB-2 (HER2),PAY0WSZPJ,DXd,PAY0WSZPJ,DNA topoisomerase 1 (TOP1),Topo-I inhibitor,Mc-Gly-Gly-Phe-Gly,ADCC002981,Half Maximal Inhibitory Concentration (IC50),1,=,41.7,41.7,ng/mL,0,Calu-3 cells,Lung adenocarcinoma,https://adcdb.idrblab.net/data/adc/details/DRG0ERKBH,data/raw/adcdb_idrblab/adc_details/DRG0ERKBH.html
DRG0ERKBH,Trastuzumab deruxtecan,Approved in 2019,Trastuzumab,TAR0THKZD,Receptor tyrosine-protein kinase erbB-2 (HER2),PAY0WSZPJ,DXd,PAY0WSZPJ,DNA topoisomerase 1 (TOP1),Topo-I inhibitor,Mc-Gly-Gly-Phe-Gly,ADCC002993,Half Maximal Inhibitory Concentration (IC50),1,=,41.8,41.8,ng/mL,0,Calu-3 cells,Lung adenocarcinoma,https://adcdb.idrblab.net/data/adc/details/DRG0ERKBH,data/raw/adcdb_idrblab/adc_details/DRG0ERKBH.html
DRG0ERKBH,Trastuzumab deruxtecan,Approved in 2019,Trastuzumab,TAR0THKZD,Receptor tyrosine-protein kinase erbB-2 (HER2),PAY0WSZPJ,DXd,PAY0WSZPJ,DNA topoisomerase 1 (TOP1),Topo-I inhibitor,Mc-Gly-Gly-Phe-Gly,ADCC003003,Half Maximal Inhibitory Concentration (IC50),1,>,> 3000,3000.0,ng/mL,0,MDA-MB-231 cells,Breast adenocarcinoma,https://adcdb.idrblab.net/data/adc/details/DRG0ERKBH,data/raw/adcdb_idrblab/adc_details/DRG0ERKBH.html
DRG0ERKBH,Trastuzumab deruxtecan,Approved in 2019,Trastuzumab,TAR0THKZD,Receptor tyrosine-protein kinase erbB-2 (HER2),PAY0WSZPJ,DXd,PAY0WSZPJ,DNA topoisomerase 1 (TOP1),Topo-I inhibitor,Mc-Gly-Gly-Phe-Gly,ADCC002997,Half Maximal Inhibitory Concentration (IC50),1,>,> 3000,3000.0,ng/mL,0,MDA-MB-231 cells,Breast adenocarcinoma,https://adcdb.idrblab.net/data/adc/details/DRG0ERKBH,data/raw/adcdb_idrblab/adc_details/DRG0ERKBH.html
DRG0ERKBH,Trastuzumab deruxtecan,Approved in 2019,Trastuzumab,TAR0THKZD,Receptor tyrosine-protein kinase erbB-2 (HER2),PAY0WSZPJ,DXd,PAY0WSZPJ,DNA topoisomerase 1 (TOP1),Topo-I inhibitor,Mc-Gly-Gly-Phe-Gly,ADCC002994,Half Maximal Inhibitory Concentration (IC50),1,>,> 3000,3000.0,ng/mL,0,BT-474 cells,Invasive breast carcinoma,https://adcdb.idrblab.net/data/adc/details/DRG0ERKBH,data/raw/adcdb_idrblab/adc_details/DRG0ERKBH.html
DRG0ERKBH,Trastuzumab deruxtecan,Approved in 2019,Trastuzumab,TAR0THKZD,Receptor tyrosine-protein kinase erbB-2 (HER2),PAY0WSZPJ,DXd,PAY0WSZPJ,DNA topoisomerase 1 (TOP1),Topo-I inhibitor,Mc-Gly-Gly-Phe-Gly,ADCC002991,Half Maximal Inhibitory Concentration (IC50),1,>,> 3000,3000.0,ng/mL,0,MDA-MB-231 cells,Breast adenocarcinoma,https://adcdb.idrblab.net/data/adc/details/DRG0ERKBH,data/raw/adcdb_idrblab/adc_details/DRG0ERKBH.html
DRG0ERKBH,Trastuzumab deruxtecan,Approved in 2019,Trastuzumab,TAR0THKZD,Receptor tyrosine-protein kinase erbB-2 (HER2),PAY0WSZPJ,DXd,PAY0WSZPJ,DNA topoisomerase 1 (TOP1),Topo-I inhibitor,Mc-Gly-Gly-Phe-Gly,ADCC002988,Half Maximal Inhibitory Concentration (IC50),1,>,> 3000,3000.0,ng/mL,0,BT-474 cells,Invasive breast carcinoma,https://adcdb.idrblab.net/data/adc/details/DRG0ERKBH,data/raw/adcdb_idrblab/adc_details/DRG0ERKBH.html
DRG0ERKBH,Trastuzumab deruxtecan,Approved in 2019,Trastuzumab,TAR0THKZD,Receptor tyrosine-protein kinase erbB-2 (HER2),PAY0WSZPJ,DXd,PAY0WSZPJ,DNA topoisomerase 1 (TOP1),Topo-I inhibitor,Mc-Gly-Gly-Phe-Gly,ADCC002985,Half Maximal Inhibitory Concentration (IC50),1,>,> 3000,3000.0,ng/mL,0,MDA-MB-231 cells,Breast adenocarcinoma,https://adcdb.idrblab.net/data/adc/details/DRG0ERKBH,data/raw/adcdb_idrblab/adc_details/DRG0ERKBH.html
DRG0ERKBH,Trastuzumab deruxtecan,Approved in 2019,Trastuzumab,TAR0THKZD,Receptor tyrosine-protein kinase erbB-2 (HER2),PAY0WSZPJ,DXd,PAY0WSZPJ,DNA topoisomerase 1 (TOP1),Topo-I inhibitor,Mc-Gly-Gly-Phe-Gly,ADCC002982,Half Maximal Inhibitory Concentration (IC50),1,>,> 3000,3000.0,ng/mL,0,BT-474 cells,Invasive breast carcinoma,https://adcdb.idrblab.net/data/adc/details/DRG0ERKBH,data/raw/adcdb_idrblab/adc_details/DRG0ERKBH.html
DRG0ERKBH,Trastuzumab deruxtecan,Approved in 2019,Trastuzumab,TAR0THKZD,Receptor tyrosine-protein kinase erbB-2 (HER2),PAY0WSZPJ,DXd,PAY0WSZPJ,DNA topoisomerase 1 (TOP1),Topo-I inhibitor,Mc-Gly-Gly-Phe-Gly,ADCC003336,Half Maximal Inhibitory Concentration (IC50),1,=,3,3.0,ug/mL,0,HCT 116-H2H cells (High HER2 expression),Colon carcinoma,https://adcdb.idrblab.net/data/adc/details/DRG0ERKBH,data/raw/adcdb_idrblab/adc_details/DRG0ERKBH.html
DRG0ERKBH,Trastuzumab deruxtecan,Approved in 2019,Trastuzumab,TAR0THKZD,Receptor tyrosine-protein kinase erbB-2 (HER2),PAY0WSZPJ,DXd,PAY0WSZPJ,DNA topoisomerase 1 (TOP1),Topo-I inhibitor,Mc-Gly-Gly-Phe-Gly,ADCC000156,Half Maximal Inhibitory Concentration (IC50),1,>,> 10,10.0,ug/mL,0,MDA-MB-468 cells,Breast adenocarcinoma,https://adcdb.idrblab.net/data/adc/details/DRG0ERKBH,data/raw/adcdb_idrblab/adc_details/DRG0ERKBH.html
DRG0ERKBH,Trastuzumab deruxtecan,Approved in 2019,Trastuzumab,TAR0THKZD,Receptor tyrosine-protein kinase erbB-2 (HER2),PAY0WSZPJ,DXd,PAY0WSZPJ,DNA topoisomerase 1 (TOP1),Topo-I inhibitor,Mc-Gly-Gly-Phe-Gly,ADCC003335,Half Maximal Inhibitory Concentration (IC50),1,=,97,97.0,ug/mL,0,NCI-N87 cells,Gastric tubular adenocarcinoma,https://adcdb.idrblab.net/data/adc/details/DRG0ERKBH,data/raw/adcdb_idrblab/adc_details/DRG0ERKBH.html
DRG0EVIRB,Tras-Gly5-May,Investigative,Trastuzumab,TAR0THKZD,Receptor tyrosine-protein kinase erbB-2 (HER2),PAY0JCIBW,Mertansine DM1,PAY0JCIBW,Microtubule (MT),microtubule-disrupting,Gly5,ADCC002530,Half Maximal Inhibitory Concentration (IC50),1,=,18,18.0,ng/mL,0,SK-BR-3 cells,Breast adenocarcinoma,https://adcdb.idrblab.net/data/adc/details/DRG0EVIRB,data/raw/adcdb_idrblab/adc_details/DRG0EVIRB.html
DRG0EVIRB,Tras-Gly5-May,Investigative,Trastuzumab,TAR0THKZD,Receptor tyrosine-protein kinase erbB-2 (HER2),PAY0JCIBW,Mertansine DM1,PAY0JCIBW,Microtubule (MT),microtubule-disrupting,Gly5,ADCC002531,Half Maximal Inhibitory Concentration (IC50),1,>,> 110,110.0,ng/mL,0,SK-BR-3 cells,Breast adenocarcinoma,https://adcdb.idrblab.net/data/adc/details/DRG0EVIRB,data/raw/adcdb_idrblab/adc_details/DRG0EVIRB.html
DRG0EWRAI,Anti-KIT 9P3-SPDB-DM4,Investigative,Anti-KIT mAb 9P3,TAR0SDULL,Mast/stem cell growth factor receptor Kit (KIT),PAY0GTSVM,Mertansine DM4,PAY0GTSVM,Microtubule (MT),microtubule-disrupting,N-succinimidyl 4-(2-pyridyldithio) butanoate (SPDB),ADCC008235,Max inhibition rate (MIR),0,=,65,65.0,%,0,CVCL_7040,Gastrointestinal stromal tumor,https://adcdb.idrblab.net/data/adc/details/DRG0EWRAI,data/raw/adcdb_idrblab/adc_details/DRG0EWRAI.html
DRG0EWRAI,Anti-KIT 9P3-SPDB-DM4,Investigative,Anti-KIT mAb 9P3,TAR0SDULL,Mast/stem cell growth factor receptor Kit (KIT),PAY0GTSVM,Mertansine DM4,PAY0GTSVM,Microtubule (MT),microtubule-disrupting,N-succinimidyl 4-(2-pyridyldithio) butanoate (SPDB),ADCC008234,Max inhibition rate (MIR),0,=,75,75.0,%,0,CVCL_4976,Gastrointestinal stromal tumor,https://adcdb.idrblab.net/data/adc/details/DRG0EWRAI,data/raw/adcdb_idrblab/adc_details/DRG0EWRAI.html
DRG0EWRAI,Anti-KIT 9P3-SPDB-DM4,Investigative,Anti-KIT mAb 9P3,TAR0SDULL,Mast/stem cell growth factor receptor Kit (KIT),PAY0GTSVM,Mertansine DM4,PAY0GTSVM,Microtubule (MT),microtubule-disrupting,N-succinimidyl 4-(2-pyridyldithio) butanoate (SPDB),ADCC008237,Max inhibition rate (MIR),0,=,84,84.0,%,0,CVCL_1598,Lung small cell carcinoma,https://adcdb.idrblab.net/data/adc/details/DRG0EWRAI,data/raw/adcdb_idrblab/adc_details/DRG0EWRAI.html
DRG0EWRAI,Anti-KIT 9P3-SPDB-DM4,Investigative,Anti-KIT mAb 9P3,TAR0SDULL,Mast/stem cell growth factor receptor Kit (KIT),PAY0GTSVM,Mertansine DM4,PAY0GTSVM,Microtubule (MT),microtubule-disrupting,N-succinimidyl 4-(2-pyridyldithio) butanoate (SPDB),ADCC008239,Max inhibition rate (MIR),0,=,88,88.0,%,0,CVCL_1507,Lung small cell carcinoma,https://adcdb.idrblab.net/data/adc/details/DRG0EWRAI,data/raw/adcdb_idrblab/adc_details/DRG0EWRAI.html
DRG0EWRAI,Anti-KIT 9P3-SPDB-DM4,Investigative,Anti-KIT mAb 9P3,TAR0SDULL,Mast/stem cell growth factor receptor Kit (KIT),PAY0GTSVM,Mertansine DM4,PAY0GTSVM,Microtubule (MT),microtubule-disrupting,N-succinimidyl 4-(2-pyridyldithio) butanoate (SPDB),ADCC008226,Max inhibition rate (MIR),0,=,92,92.0,%,0,CVCL_0217,Acute megakaryoblastic leukemia,https://adcdb.idrblab.net/data/adc/details/DRG0EWRAI,data/raw/adcdb_idrblab/adc_details/DRG0EWRAI.html
DRG0EWRAI,Anti-KIT 9P3-SPDB-DM4,Investigative,Anti-KIT mAb 9P3,TAR0SDULL,Mast/stem cell growth factor receptor Kit (KIT),PAY0GTSVM,Mertansine DM4,PAY0GTSVM,Microtubule (MT),microtubule-disrupting,N-succinimidyl 4-(2-pyridyldithio) butanoate (SPDB),ADCC008229,Max inhibition rate (MIR),0,=,94,94.0,%,0,CVCL_0614,Acute myeloid leukemia,https://adcdb.idrblab.net/data/adc/details/DRG0EWRAI,data/raw/adcdb_idrblab/adc_details/DRG0EWRAI.html
DRG0EWRAI,Anti-KIT 9P3-SPDB-DM4,Investigative,Anti-KIT mAb 9P3,TAR0SDULL,Mast/stem cell growth factor receptor Kit (KIT),PAY0GTSVM,Mertansine DM4,PAY0GTSVM,Microtubule (MT),microtubule-disrupting,N-succinimidyl 4-(2-pyridyldithio) butanoate (SPDB),ADCC008227,Max inhibition rate (MIR),0,=,94,94.0,%,0,CVCL_2481,Erythroleukemia,https://adcdb.idrblab.net/data/adc/details/DRG0EWRAI,data/raw/adcdb_idrblab/adc_details/DRG0EWRAI.html
DRG0EWRAI,Anti-KIT 9P3-SPDB-DM4,Investigative,Anti-KIT mAb 9P3,TAR0SDULL,Mast/stem cell growth factor receptor Kit (KIT),PAY0GTSVM,Mertansine DM4,PAY0GTSVM,Microtubule (MT),microtubule-disrupting,N-succinimidyl 4-(2-pyridyldithio) butanoate (SPDB),ADCC008236,Max inhibition rate (MIR),0,=,98,98.0,%,0,CVCL_1569,Lung small cell carcinoma,https://adcdb.idrblab.net/data/adc/details/DRG0EWRAI,data/raw/adcdb_idrblab/adc_details/DRG0EWRAI.html
DRG0EWRAI,Anti-KIT 9P3-SPDB-DM4,Investigative,Anti-KIT mAb 9P3,TAR0SDULL,Mast/stem cell growth factor receptor Kit (KIT),PAY0GTSVM,Mertansine DM4,PAY0GTSVM,Microtubule (MT),microtubule-disrupting,N-succinimidyl 4-(2-pyridyldithio) butanoate (SPDB),ADCC008232,Max inhibition rate (MIR),0,=,99,99.0,%,0,CVCL_2196,Adult acute myeloid leukemia,https://adcdb.idrblab.net/data/adc/details/DRG0EWRAI,data/raw/adcdb_idrblab/adc_details/DRG0EWRAI.html
DRG0EWRAI,Anti-KIT 9P3-SPDB-DM4,Investigative,Anti-KIT mAb 9P3,TAR0SDULL,Mast/stem cell growth factor receptor Kit (KIT),PAY0GTSVM,Mertansine DM4,PAY0GTSVM,Microtubule (MT),microtubule-disrupting,N-succinimidyl 4-(2-pyridyldithio) butanoate (SPDB),ADCC008230,Max inhibition rate (MIR),0,=,99,99.0,%,0,CVCL_2106,Acute megakaryoblastic leukemia,https://adcdb.idrblab.net/data/adc/details/DRG0EWRAI,data/raw/adcdb_idrblab/adc_details/DRG0EWRAI.html
DRG0EWRAI,Anti-KIT 9P3-SPDB-DM4,Investigative,Anti-KIT mAb 9P3,TAR0SDULL,Mast/stem cell growth factor receptor Kit (KIT),PAY0GTSVM,Mertansine DM4,PAY0GTSVM,Microtubule (MT),microtubule-disrupting,N-succinimidyl 4-(2-pyridyldithio) butanoate (SPDB),ADCC008238,Max inhibition rate (MIR),0,=,100,100.0,%,0,CVCL_1453,Lung small cell carcinoma,https://adcdb.idrblab.net/data/adc/details/DRG0EWRAI,data/raw/adcdb_idrblab/adc_details/DRG0EWRAI.html
DRG0EWRAI,Anti-KIT 9P3-SPDB-DM4,Investigative,Anti-KIT mAb 9P3,TAR0SDULL,Mast/stem cell growth factor receptor Kit (KIT),PAY0GTSVM,Mertansine DM4,PAY0GTSVM,Microtubule (MT),microtubule-disrupting,N-succinimidyl 4-(2-pyridyldithio) butanoate (SPDB),ADCC008233,Max inhibition rate (MIR),0,=,100,100.0,%,0,CVCL_0104,Essential thrombocythemia,https://adcdb.idrblab.net/data/adc/details/DRG0EWRAI,data/raw/adcdb_idrblab/adc_details/DRG0EWRAI.html
DRG0EWRAI,Anti-KIT 9P3-SPDB-DM4,Investigative,Anti-KIT mAb 9P3,TAR0SDULL,Mast/stem cell growth factor receptor Kit (KIT),PAY0GTSVM,Mertansine DM4,PAY0GTSVM,Microtubule (MT),microtubule-disrupting,N-succinimidyl 4-(2-pyridyldithio) butanoate (SPDB),ADCC008231,Max inhibition rate (MIR),0,=,100,100.0,%,0,CVCL_2149,Acute myeloid leukemia,https://adcdb.idrblab.net/data/adc/details/DRG0EWRAI,data/raw/adcdb_idrblab/adc_details/DRG0EWRAI.html
DRG0EWRAI,Anti-KIT 9P3-SPDB-DM4,Investigative,Anti-KIT mAb 9P3,TAR0SDULL,Mast/stem cell growth factor receptor Kit (KIT),PAY0GTSVM,Mertansine DM4,PAY0GTSVM,Microtubule (MT),microtubule-disrupting,N-succinimidyl 4-(2-pyridyldithio) butanoate (SPDB),ADCC008228,Max inhibition rate (MIR),0,=,100,100.0,%,0,CVCL_0589,Myeloid leukemia with maturation,https://adcdb.idrblab.net/data/adc/details/DRG0EWRAI,data/raw/adcdb_idrblab/adc_details/DRG0EWRAI.html
DRG0EWRAI,Anti-KIT 9P3-SPDB-DM4,Investigative,Anti-KIT mAb 9P3,TAR0SDULL,Mast/stem cell growth factor receptor Kit (KIT),PAY0GTSVM,Mertansine DM4,PAY0GTSVM,Microtubule (MT),microtubule-disrupting,N-succinimidyl 4-(2-pyridyldithio) butanoate (SPDB),ADCC008220,Half Maximum Growth Inhibitory Concentration (GI50),1,=,0.05,0.05,nM,1,CVCL_4976,Gastrointestinal stromal tumor,https://adcdb.idrblab.net/data/adc/details/DRG0EWRAI,data/raw/adcdb_idrblab/adc_details/DRG0EWRAI.html
DRG0EWRAI,Anti-KIT 9P3-SPDB-DM4,Investigative,Anti-KIT mAb 9P3,TAR0SDULL,Mast/stem cell growth factor receptor Kit (KIT),PAY0GTSVM,Mertansine DM4,PAY0GTSVM,Microtubule (MT),microtubule-disrupting,N-succinimidyl 4-(2-pyridyldithio) butanoate (SPDB),ADCC008212,Half Maximum Growth Inhibitory Concentration (GI50),1,=,0.07,0.07,nM,1,CVCL_0217,Acute megakaryoblastic leukemia,https://adcdb.idrblab.net/data/adc/details/DRG0EWRAI,data/raw/adcdb_idrblab/adc_details/DRG0EWRAI.html
DRG0EWRAI,Anti-KIT 9P3-SPDB-DM4,Investigative,Anti-KIT mAb 9P3,TAR0SDULL,Mast/stem cell growth factor receptor Kit (KIT),PAY0GTSVM,Mertansine DM4,PAY0GTSVM,Microtubule (MT),microtubule-disrupting,N-succinimidyl 4-(2-pyridyldithio) butanoate (SPDB),ADCC008216,Half Maximum Growth Inhibitory Concentration (GI50),1,=,0.11,0.11,nM,1,CVCL_2106,Acute megakaryoblastic leukemia,https://adcdb.idrblab.net/data/adc/details/DRG0EWRAI,data/raw/adcdb_idrblab/adc_details/DRG0EWRAI.html
DRG0EWRAI,Anti-KIT 9P3-SPDB-DM4,Investigative,Anti-KIT mAb 9P3,TAR0SDULL,Mast/stem cell growth factor receptor Kit (KIT),PAY0GTSVM,Mertansine DM4,PAY0GTSVM,Microtubule (MT),microtubule-disrupting,N-succinimidyl 4-(2-pyridyldithio) butanoate (SPDB),ADCC008217,Half Maximum Growth Inhibitory Concentration (GI50),1,=,0.13,0.13,nM,1,CVCL_2149,Acute myeloid leukemia,https://adcdb.idrblab.net/data/adc/details/DRG0EWRAI,data/raw/adcdb_idrblab/adc_details/DRG0EWRAI.html
DRG0EWRAI,Anti-KIT 9P3-SPDB-DM4,Investigative,Anti-KIT mAb 9P3,TAR0SDULL,Mast/stem cell growth factor receptor Kit (KIT),PAY0GTSVM,Mertansine DM4,PAY0GTSVM,Microtubule (MT),microtubule-disrupting,N-succinimidyl 4-(2-pyridyldithio) butanoate (SPDB),ADCC008222,Half Maximum Growth Inhibitory Concentration (GI50),1,=,0.17,0.17,nM,1,CVCL_1569,Lung small cell carcinoma,https://adcdb.idrblab.net/data/adc/details/DRG0EWRAI,data/raw/adcdb_idrblab/adc_details/DRG0EWRAI.html
DRG0EWRAI,Anti-KIT 9P3-SPDB-DM4,Investigative,Anti-KIT mAb 9P3,TAR0SDULL,Mast/stem cell growth factor receptor Kit (KIT),PAY0GTSVM,Mertansine DM4,PAY0GTSVM,Microtubule (MT),microtubule-disrupting,N-succinimidyl 4-(2-pyridyldithio) butanoate (SPDB),ADCC008221,Half Maximum Growth Inhibitory Concentration (GI50),1,=,0.17,0.17,nM,1,CVCL_7040,Gastrointestinal stromal tumor,https://adcdb.idrblab.net/data/adc/details/DRG0EWRAI,data/raw/adcdb_idrblab/adc_details/DRG0EWRAI.html
DRG0EWRAI,Anti-KIT 9P3-SPDB-DM4,Investigative,Anti-KIT mAb 9P3,TAR0SDULL,Mast/stem cell growth factor receptor Kit (KIT),PAY0GTSVM,Mertansine DM4,PAY0GTSVM,Microtubule (MT),microtubule-disrupting,N-succinimidyl 4-(2-pyridyldithio) butanoate (SPDB),ADCC008225,Half Maximum Growth Inhibitory Concentration (GI50),1,=,0.3,0.3,nM,1,CVCL_1507,Lung small cell carcinoma,https://adcdb.idrblab.net/data/adc/details/DRG0EWRAI,data/raw/adcdb_idrblab/adc_details/DRG0EWRAI.html
DRG0EWRAI,Anti-KIT 9P3-SPDB-DM4,Investigative,Anti-KIT mAb 9P3,TAR0SDULL,Mast/stem cell growth factor receptor Kit (KIT),PAY0GTSVM,Mertansine DM4,PAY0GTSVM,Microtubule (MT),microtubule-disrupting,N-succinimidyl 4-(2-pyridyldithio) butanoate (SPDB),ADCC008214,Half Maximum Growth Inhibitory Concentration (GI50),1,=,0.83,0.83,nM,1,CVCL_0589,Myeloid leukemia with maturation,https://adcdb.idrblab.net/data/adc/details/DRG0EWRAI,data/raw/adcdb_idrblab/adc_details/DRG0EWRAI.html
DRG0EWRAI,Anti-KIT 9P3-SPDB-DM4,Investigative,Anti-KIT mAb 9P3,TAR0SDULL,Mast/stem cell growth factor receptor Kit (KIT),PAY0GTSVM,Mertansine DM4,PAY0GTSVM,Microtubule (MT),microtubule-disrupting,N-succinimidyl 4-(2-pyridyldithio) butanoate (SPDB),ADCC008215,Half Maximum Growth Inhibitory Concentration (GI50),1,=,0.91,0.91,nM,1,CVCL_0614,Acute myeloid leukemia,https://adcdb.idrblab.net/data/adc/details/DRG0EWRAI,data/raw/adcdb_idrblab/adc_details/DRG0EWRAI.html
DRG0EWRAI,Anti-KIT 9P3-SPDB-DM4,Investigative,Anti-KIT mAb 9P3,TAR0SDULL,Mast/stem cell growth factor receptor Kit (KIT),PAY0GTSVM,Mertansine DM4,PAY0GTSVM,Microtubule (MT),microtubule-disrupting,N-succinimidyl 4-(2-pyridyldithio) butanoate (SPDB),ADCC008213,Half Maximum Growth Inhibitory Concentration (GI50),1,=,1.26,1.26,nM,1,CVCL_2481,Erythroleukemia,https://adcdb.idrblab.net/data/adc/details/DRG0EWRAI,data/raw/adcdb_idrblab/adc_details/DRG0EWRAI.html
DRG0EWRAI,Anti-KIT 9P3-SPDB-DM4,Investigative,Anti-KIT mAb 9P3,TAR0SDULL,Mast/stem cell growth factor receptor Kit (KIT),PAY0GTSVM,Mertansine DM4,PAY0GTSVM,Microtubule (MT),microtubule-disrupting,N-succinimidyl 4-(2-pyridyldithio) butanoate (SPDB),ADCC008223,Half Maximum Growth Inhibitory Concentration (GI50),1,=,1.47,1.47,nM,1,CVCL_1598,Lung small cell carcinoma,https://adcdb.idrblab.net/data/adc/details/DRG0EWRAI,data/raw/adcdb_idrblab/adc_details/DRG0EWRAI.html
DRG0EWRAI,Anti-KIT 9P3-SPDB-DM4,Investigative,Anti-KIT mAb 9P3,TAR0SDULL,Mast/stem cell growth factor receptor Kit (KIT),PAY0GTSVM,Mertansine DM4,PAY0GTSVM,Microtubule (MT),microtubule-disrupting,N-succinimidyl 4-(2-pyridyldithio) butanoate (SPDB),ADCC008218,Half Maximum Growth Inhibitory Concentration (GI50),1,=,1.6,1.6,nM,1,CVCL_2196,Adult acute myeloid leukemia,https://adcdb.idrblab.net/data/adc/details/DRG0EWRAI,data/raw/adcdb_idrblab/adc_details/DRG0EWRAI.html
DRG0EWRAI,Anti-KIT 9P3-SPDB-DM4,Investigative,Anti-KIT mAb 9P3,TAR0SDULL,Mast/stem cell growth factor receptor Kit (KIT),PAY0GTSVM,Mertansine DM4,PAY0GTSVM,Microtubule (MT),microtubule-disrupting,N-succinimidyl 4-(2-pyridyldithio) butanoate (SPDB),ADCC008224,Half Maximum Growth Inhibitory Concentration (GI50),1,=,2.77,2.77,nM,1,CVCL_1453,Lung small cell carcinoma,https://adcdb.idrblab.net/data/adc/details/DRG0EWRAI,data/raw/adcdb_idrblab/adc_details/DRG0EWRAI.html
DRG0EWRAI,Anti-KIT 9P3-SPDB-DM4,Investigative,Anti-KIT mAb 9P3,TAR0SDULL,Mast/stem cell growth factor receptor Kit (KIT),PAY0GTSVM,Mertansine DM4,PAY0GTSVM,Microtubule (MT),microtubule-disrupting,N-succinimidyl 4-(2-pyridyldithio) butanoate (SPDB),ADCC008219,Half Maximum Growth Inhibitory Concentration (GI50),1,=,5.6,5.6,nM,1,CVCL_0104,Essential thrombocythemia,https://adcdb.idrblab.net/data/adc/details/DRG0EWRAI,data/raw/adcdb_idrblab/adc_details/DRG0EWRAI.html
DRG0FBKIO,ABBV-3373,Phase 2 (discontinued),Adalimumab,TAR0MSWGX,Tumor necrosis factor (TNF),PAY0DWLYN,Glucocorticoid receptor modulator,PAY0DWLYN,Glucocorticoid receptor (NR3C1),Other,MP-Ala-Ala,ADCC001901,Half Maximal Effective Concentration (EC50),1,=,0.08,0.08,ug/mL,0,K-562 cells (TNF expression),Chronic myelogenous leukemia,https://adcdb.idrblab.net/data/adc/details/DRG0FBKIO,data/raw/adcdb_idrblab/adc_details/DRG0FBKIO.html
DRG0FBKIO,ABBV-3373,Phase 2 (discontinued),Adalimumab,TAR0MSWGX,Tumor necrosis factor (TNF),PAY0DWLYN,Glucocorticoid receptor modulator,PAY0DWLYN,Glucocorticoid receptor (NR3C1),Other,MP-Ala-Ala,ADCC001902,Half Maximal Effective Concentration (EC50),1,=,5.8,5.8,ug/mL,0,K-562 cells,Chronic myelogenous leukemia,https://adcdb.idrblab.net/data/adc/details/DRG0FBKIO,data/raw/adcdb_idrblab/adc_details/DRG0FBKIO.html
DRG0FCQNM,AXL02-MMAE,Investigative,Anti-AXL mAb AXL02,TAR0PMKUR,Tyrosine-protein kinase receptor UFO (AXL),PAY0FSXOW,Monomethyl auristatin E,PAY0FSXOW,Microtubule (MT),microtubule-disrupting,Mc-Val-Cit-PABC,ADCC007039,Half Maximal Inhibitory Concentration (IC50),1,=,0.01,0.01,nM,1,Calu-1 cells,Lung squamous cell carcinoma,https://adcdb.idrblab.net/data/adc/details/DRG0FCQNM,data/raw/adcdb_idrblab/adc_details/DRG0FCQNM.html
DRG0FCQNM,AXL02-MMAE,Investigative,Anti-AXL mAb AXL02,TAR0PMKUR,Tyrosine-protein kinase receptor UFO (AXL),PAY0FSXOW,Monomethyl auristatin E,PAY0FSXOW,Microtubule (MT),microtubule-disrupting,Mc-Val-Cit-PABC,ADCC007038,Half Maximal Inhibitory Concentration (IC50),1,=,0.03,0.03,nM,1,LCLC-103H cells,Lung large cell carcinoma,https://adcdb.idrblab.net/data/adc/details/DRG0FCQNM,data/raw/adcdb_idrblab/adc_details/DRG0FCQNM.html
DRG0FCQNM,AXL02-MMAE,Investigative,Anti-AXL mAb AXL02,TAR0PMKUR,Tyrosine-protein kinase receptor UFO (AXL),PAY0FSXOW,Monomethyl auristatin E,PAY0FSXOW,Microtubule (MT),microtubule-disrupting,Mc-Val-Cit-PABC,ADCC007042,Half Maximal Inhibitory Concentration (IC50),1,=,0.04,0.04,nM,1,U-87MG cells,Glioblastoma,https://adcdb.idrblab.net/data/adc/details/DRG0FCQNM,data/raw/adcdb_idrblab/adc_details/DRG0FCQNM.html
DRG0FCQNM,AXL02-MMAE,Investigative,Anti-AXL mAb AXL02,TAR0PMKUR,Tyrosine-protein kinase receptor UFO (AXL),PAY0FSXOW,Monomethyl auristatin E,PAY0FSXOW,Microtubule (MT),microtubule-disrupting,Mc-Val-Cit-PABC,ADCC007040,Half Maximal Inhibitory Concentration (IC50),1,=,0.04,0.04,nM,1,MDA-MB-231 cells,Breast adenocarcinoma,https://adcdb.idrblab.net/data/adc/details/DRG0FCQNM,data/raw/adcdb_idrblab/adc_details/DRG0FCQNM.html
DRG0FCQNM,AXL02-MMAE,Investigative,Anti-AXL mAb AXL02,TAR0PMKUR,Tyrosine-protein kinase receptor UFO (AXL),PAY0FSXOW,Monomethyl auristatin E,PAY0FSXOW,Microtubule (MT),microtubule-disrupting,Mc-Val-Cit-PABC,ADCC007041,Half Maximal Inhibitory Concentration (IC50),1,=,0.05,0.05,nM,1,PC-9 cells,Lung adenocarcinoma,https://adcdb.idrblab.net/data/adc/details/DRG0FCQNM,data/raw/adcdb_idrblab/adc_details/DRG0FCQNM.html
DRG0FCQNM,AXL02-MMAE,Investigative,Anti-AXL mAb AXL02,TAR0PMKUR,Tyrosine-protein kinase receptor UFO (AXL),PAY0FSXOW,Monomethyl auristatin E,PAY0FSXOW,Microtubule (MT),microtubule-disrupting,Mc-Val-Cit-PABC,ADCC007044,Half Maximal Inhibitory Concentration (IC50),1,>,> 100,100.0,nM,1,MDA-MB-453 cells,Breast adenocarcinoma,https://adcdb.idrblab.net/data/adc/details/DRG0FCQNM,data/raw/adcdb_idrblab/adc_details/DRG0FCQNM.html
DRG0FCQNM,AXL02-MMAE,Investigative,Anti-AXL mAb AXL02,TAR0PMKUR,Tyrosine-protein kinase receptor UFO (AXL),PAY0FSXOW,Monomethyl auristatin E,PAY0FSXOW,Microtubule (MT),microtubule-disrupting,Mc-Val-Cit-PABC,ADCC007043,Half Maximal Inhibitory Concentration (IC50),1,>,> 100,100.0,nM,1,NCI-H460 cells,Lung large cell carcinoma,https://adcdb.idrblab.net/data/adc/details/DRG0FCQNM,data/raw/adcdb_idrblab/adc_details/DRG0FCQNM.html
DRG0FFJIH,MSLN-Mal-PEG8-Val-Cit-PABC-Eribulin,Investigative,Amatuximab,TAR0NEZUA,Mesothelin (MSLN),PAY0JAEKD,Eribulin,PAY0JAEKD,Microtubule (MT),microtubule-disrupting,Mal-PEG8-Val-Cit-PABC,ADCC006340,Half Maximal Inhibitory Concentration (IC50),1,=,26,26.0,nM,1,IGROV-1 cells,Ovarian endometrioid adenocarcinoma,https://adcdb.idrblab.net/data/adc/details/DRG0FFJIH,data/raw/adcdb_idrblab/adc_details/DRG0FFJIH.html
DRG0FFJIH,MSLN-Mal-PEG8-Val-Cit-PABC-Eribulin,Investigative,Amatuximab,TAR0NEZUA,Mesothelin (MSLN),PAY0JAEKD,Eribulin,PAY0JAEKD,Microtubule (MT),microtubule-disrupting,Mal-PEG8-Val-Cit-PABC,ADCC006353,Half Maximal Inhibitory Concentration (IC50),1,=,34,34.0,nM,1,NCI-H2110 cells,Lung non-small cell carcinoma,https://adcdb.idrblab.net/data/adc/details/DRG0FFJIH,data/raw/adcdb_idrblab/adc_details/DRG0FFJIH.html
DRG0FFJIH,MSLN-Mal-PEG8-Val-Cit-PABC-Eribulin,Investigative,Amatuximab,TAR0NEZUA,Mesothelin (MSLN),PAY0JAEKD,Eribulin,PAY0JAEKD,Microtubule (MT),microtubule-disrupting,Mal-PEG8-Val-Cit-PABC,ADCC006380,Half Maximal Inhibitory Concentration (IC50),1,>,> 100,100.0,nM,1,SJSA-1 cells,Osteosarcoma,https://adcdb.idrblab.net/data/adc/details/DRG0FFJIH,data/raw/adcdb_idrblab/adc_details/DRG0FFJIH.html
DRG0FFJIH,MSLN-Mal-PEG8-Val-Cit-PABC-Eribulin,Investigative,Amatuximab,TAR0NEZUA,Mesothelin (MSLN),PAY0JAEKD,Eribulin,PAY0JAEKD,Microtubule (MT),microtubule-disrupting,Mal-PEG8-Val-Cit-PABC,ADCC006366,Half Maximal Inhibitory Concentration (IC50),1,>,> 100,100.0,nM,1,A431 cells,Skin squamous cell carcinoma,https://adcdb.idrblab.net/data/adc/details/DRG0FFJIH,data/raw/adcdb_idrblab/adc_details/DRG0FFJIH.html
DRG0FQFDY,Trastuzumab-SG3227,Investigative,Trastuzumab,TAR0THKZD,Receptor tyrosine-protein kinase erbB-2 (HER2),PAY0XUVDV,SG2219,PAY0XUVDV,Human Deoxyribonucleic acid (hDNA),DNA-damaging,Acetamide-PEG4-Val-Ala-PABA,ADCC001422,Half Maximal Inhibitory Concentration (IC50),1,=,1.48,1.48,ng/mL,0,NCI-N87 cells,Gastric tubular adenocarcinoma,https://adcdb.idrblab.net/data/adc/details/DRG0FQFDY,data/raw/adcdb_idrblab/adc_details/DRG0FQFDY.html
DRG0FQFDY,Trastuzumab-SG3227,Investigative,Trastuzumab,TAR0THKZD,Receptor tyrosine-protein kinase erbB-2 (HER2),PAY0XUVDV,SG2219,PAY0XUVDV,Human Deoxyribonucleic acid (hDNA),DNA-damaging,Acetamide-PEG4-Val-Ala-PABA,ADCC001423,Half Maximal Inhibitory Concentration (IC50),1,=,2130,2130.0,ng/mL,0,MDA-MB-468 cells,Breast adenocarcinoma,https://adcdb.idrblab.net/data/adc/details/DRG0FQFDY,data/raw/adcdb_idrblab/adc_details/DRG0FQFDY.html
DRG0FQLWO,Anti-TNF ADC 119,Investigative,Anti-TNF mAb alpha-TNF,TAR0DEDPZ,Tumor necrosis factor receptor superfamily member 1A (TNFRSF1A),PAY0XMOKS,GRM cpd 5,PAY0XMOKS,Glucocorticoid receptor (NR3C1),Other,MP-Ala-Ala,ADCC001893,Half Maximal Effective Concentration (EC50),1,=,0.03,0.03,ug/mL,0,K-562 cells (TNF expression),Chronic myelogenous leukemia,https://adcdb.idrblab.net/data/adc/details/DRG0FQLWO,data/raw/adcdb_idrblab/adc_details/DRG0FQLWO.html
DRG0FQLWO,Anti-TNF ADC 119,Investigative,Anti-TNF mAb alpha-TNF,TAR0DEDPZ,Tumor necrosis factor receptor superfamily member 1A (TNFRSF1A),PAY0XMOKS,GRM cpd 5,PAY0XMOKS,Glucocorticoid receptor (NR3C1),Other,MP-Ala-Ala,ADCC001894,Half Maximal Effective Concentration (EC50),1,=,50,50.0,ug/mL,0,K-562 cells,Chronic myelogenous leukemia,https://adcdb.idrblab.net/data/adc/details/DRG0FQLWO,data/raw/adcdb_idrblab/adc_details/DRG0FQLWO.html
DRG0FSHWJ,Indusatumab vedotin,Phase 2 (discontinued),Indusatumab,TAR0JUWID,GC-C,PAY0FSXOW,Monomethyl auristatin E,PAY0FSXOW,Microtubule (MT),microtubule-disrupting,Mc-Val-Cit-PABC,ADCC001997,Half Maximal Inhibitory Concentration (IC50),1,<,< 25,25.0,ug/mL,0,Panc 02.03 cells,Pancreatic adenocarcinoma,https://adcdb.idrblab.net/data/adc/details/DRG0FSHWJ,data/raw/adcdb_idrblab/adc_details/DRG0FSHWJ.html
DRG0FSHWJ,Indusatumab vedotin,Phase 2 (discontinued),Indusatumab,TAR0JUWID,GC-C,PAY0FSXOW,Monomethyl auristatin E,PAY0FSXOW,Microtubule (MT),microtubule-disrupting,Mc-Val-Cit-PABC,ADCC001996,Half Maximal Inhibitory Concentration (IC50),1,<,< 25,25.0,ug/mL,0,Panc 05.04 cells,Pancreatic ductal adenocarcinoma,https://adcdb.idrblab.net/data/adc/details/DRG0FSHWJ,data/raw/adcdb_idrblab/adc_details/DRG0FSHWJ.html
DRG0FSHWJ,Indusatumab vedotin,Phase 2 (discontinued),Indusatumab,TAR0JUWID,GC-C,PAY0FSXOW,Monomethyl auristatin E,PAY0FSXOW,Microtubule (MT),microtubule-disrupting,Mc-Val-Cit-PABC,ADCC001995,Half Maximal Inhibitory Concentration (IC50),1,<,< 25,25.0,ug/mL,0,Panc 03.27 cells,Pancreatic adenocarcinoma,https://adcdb.idrblab.net/data/adc/details/DRG0FSHWJ,data/raw/adcdb_idrblab/adc_details/DRG0FSHWJ.html
DRG0FSHWJ,Indusatumab vedotin,Phase 2 (discontinued),Indusatumab,TAR0JUWID,GC-C,PAY0FSXOW,Monomethyl auristatin E,PAY0FSXOW,Microtubule (MT),microtubule-disrupting,Mc-Val-Cit-PABC,ADCC001994,Half Maximal Inhibitory Concentration (IC50),1,<,< 25,25.0,ug/mL,0,MIA PaCa-2 cells,Pancreatic ductal adenocarcinoma,https://adcdb.idrblab.net/data/adc/details/DRG0FSHWJ,data/raw/adcdb_idrblab/adc_details/DRG0FSHWJ.html
DRG0FSHWJ,Indusatumab vedotin,Phase 2 (discontinued),Indusatumab,TAR0JUWID,GC-C,PAY0FSXOW,Monomethyl auristatin E,PAY0FSXOW,Microtubule (MT),microtubule-disrupting,Mc-Val-Cit-PABC,ADCC001993,Half Maximal Inhibitory Concentration (IC50),1,<,< 25,25.0,ug/mL,0,L3.6pl cells,Pancreatic adenosquamous carcinoma,https://adcdb.idrblab.net/data/adc/details/DRG0FSHWJ,data/raw/adcdb_idrblab/adc_details/DRG0FSHWJ.html
DRG0FUFBP,Camidanlumab tesirine,Phase 2 (discontinued),Camidanlumab,TAR0CYSHF,Interleukin-2 receptor subunit alpha (IL2RA),PAY0XBVCC,SG3199 (SC-DR002),PAY0XBVCC,Human deoxyribonucleic acid (hDNA),DNA-damaging,Mal-PEG8-Val-Ala-PABC,ADCC000594,Half Maximum Growth Inhibitory Concentration (GI50),1,=,0.26,0.26,pM,1,EoL-1 cells,Chronic eosinophilic leukemia,https://adcdb.idrblab.net/data/adc/details/DRG0FUFBP,data/raw/adcdb_idrblab/adc_details/DRG0FUFBP.html
DRG0FUFBP,Camidanlumab tesirine,Phase 2 (discontinued),Camidanlumab,TAR0CYSHF,Interleukin-2 receptor subunit alpha (IL2RA),PAY0XBVCC,SG3199 (SC-DR002),PAY0XBVCC,Human deoxyribonucleic acid (hDNA),DNA-damaging,Mal-PEG8-Val-Ala-PABC,ADCC000587,Half Maximum Growth Inhibitory Concentration (GI50),1,=,4.96,4.96,pM,1,SU-DHL-1 cells,Anaplastic large cell lymphoma,https://adcdb.idrblab.net/data/adc/details/DRG0FUFBP,data/raw/adcdb_idrblab/adc_details/DRG0FUFBP.html
DRG0FUFBP,Camidanlumab tesirine,Phase 2 (discontinued),Camidanlumab,TAR0CYSHF,Interleukin-2 receptor subunit alpha (IL2RA),PAY0XBVCC,SG3199 (SC-DR002),PAY0XBVCC,Human deoxyribonucleic acid (hDNA),DNA-damaging,Mal-PEG8-Val-Ala-PABC,ADCC000590,Half Maximum Growth Inhibitory Concentration (GI50),1,=,17.07,17.07,pM,1,Karpas-299 cells,ALK-positive anaplastic large cell lymphoma,https://adcdb.idrblab.net/data/adc/details/DRG0FUFBP,data/raw/adcdb_idrblab/adc_details/DRG0FUFBP.html
DRG0FUFBP,Camidanlumab tesirine,Phase 2 (discontinued),Camidanlumab,TAR0CYSHF,Interleukin-2 receptor subunit alpha (IL2RA),PAY0XBVCC,SG3199 (SC-DR002),PAY0XBVCC,Human deoxyribonucleic acid (hDNA),DNA-damaging,Mal-PEG8-Val-Ala-PABC,ADCC000588,Half Maximum Growth Inhibitory Concentration (GI50),1,=,19.6,19.6,pM,1,HDLM-2 cells,Hodgkin lymphoma,https://adcdb.idrblab.net/data/adc/details/DRG0FUFBP,data/raw/adcdb_idrblab/adc_details/DRG0FUFBP.html
DRG0FUFBP,Camidanlumab tesirine,Phase 2 (discontinued),Camidanlumab,TAR0CYSHF,Interleukin-2 receptor subunit alpha (IL2RA),PAY0XBVCC,SG3199 (SC-DR002),PAY0XBVCC,Human deoxyribonucleic acid (hDNA),DNA-damaging,Mal-PEG8-Val-Ala-PABC,ADCC000595,Half Maximum Growth Inhibitory Concentration (GI50),1,>,> 6667,6667.0,pM,1,KG-1 cells,Adult acute myeloid leukemia,https://adcdb.idrblab.net/data/adc/details/DRG0FUFBP,data/raw/adcdb_idrblab/adc_details/DRG0FUFBP.html
DRG0FUFBP,Camidanlumab tesirine,Phase 2 (discontinued),Camidanlumab,TAR0CYSHF,Interleukin-2 receptor subunit alpha (IL2RA),PAY0XBVCC,SG3199 (SC-DR002),PAY0XBVCC,Human deoxyribonucleic acid (hDNA),DNA-damaging,Mal-PEG8-Val-Ala-PABC,ADCC000593,Half Maximum Growth Inhibitory Concentration (GI50),1,>,> 6667,6667.0,pM,1,HuT 78 cells,T lymphocytic leukemia,https://adcdb.idrblab.net/data/adc/details/DRG0FUFBP,data/raw/adcdb_idrblab/adc_details/DRG0FUFBP.html
DRG0FUFBP,Camidanlumab tesirine,Phase 2 (discontinued),Camidanlumab,TAR0CYSHF,Interleukin-2 receptor subunit alpha (IL2RA),PAY0XBVCC,SG3199 (SC-DR002),PAY0XBVCC,Human deoxyribonucleic acid (hDNA),DNA-damaging,Mal-PEG8-Val-Ala-PABC,ADCC000592,Half Maximum Growth Inhibitory Concentration (GI50),1,>,> 6667,6667.0,pM,1,Daudi cells,Burkitt lymphoma,https://adcdb.idrblab.net/data/adc/details/DRG0FUFBP,data/raw/adcdb_idrblab/adc_details/DRG0FUFBP.html
DRG0FUFBP,Camidanlumab tesirine,Phase 2 (discontinued),Camidanlumab,TAR0CYSHF,Interleukin-2 receptor subunit alpha (IL2RA),PAY0XBVCC,SG3199 (SC-DR002),PAY0XBVCC,Human deoxyribonucleic acid (hDNA),DNA-damaging,Mal-PEG8-Val-Ala-PABC,ADCC000591,Half Maximum Growth Inhibitory Concentration (GI50),1,>,> 6667,6667.0,pM,1,Ramos cells,Burkitt lymphoma,https://adcdb.idrblab.net/data/adc/details/DRG0FUFBP,data/raw/adcdb_idrblab/adc_details/DRG0FUFBP.html
DRG0FUFBP,Camidanlumab tesirine,Phase 2 (discontinued),Camidanlumab,TAR0CYSHF,Interleukin-2 receptor subunit alpha (IL2RA),PAY0XBVCC,SG3199 (SC-DR002),PAY0XBVCC,Human deoxyribonucleic acid (hDNA),DNA-damaging,Mal-PEG8-Val-Ala-PABC,ADCC000589,Half Maximum Growth Inhibitory Concentration (GI50),1,=,7.49 1.11,7.49,pM ng/mL,0,L-540 cells,Hodgkin lymphoma,https://adcdb.idrblab.net/data/adc/details/DRG0FUFBP,data/raw/adcdb_idrblab/adc_details/DRG0FUFBP.html
DRG0GCLJQ,Trastuzumab-C239I-SG3600,Investigative,Engineered trastuzumab,TAR0THKZD,Receptor tyrosine-protein kinase erbB-2 (HER2),PAY0DZNQW,N10-beta-glucuronide SG3200,PAY0DZNQW,Human Deoxyribonucleic acid (hDNA),DNA-damaging,Mal-PEG8-Val-Ala-PABC,ADCC001432,Half Maximal Inhibitory Concentration (IC50),1,=,16.1,16.1,ng/mL,0,NCI-N87 cells,Gastric tubular adenocarcinoma,https://adcdb.idrblab.net/data/adc/details/DRG0GCLJQ,data/raw/adcdb_idrblab/adc_details/DRG0GCLJQ.html
DRG0GCLJQ,Trastuzumab-C239I-SG3600,Investigative,Engineered trastuzumab,TAR0THKZD,Receptor tyrosine-protein kinase erbB-2 (HER2),PAY0DZNQW,N10-beta-glucuronide SG3200,PAY0DZNQW,Human Deoxyribonucleic acid (hDNA),DNA-damaging,Mal-PEG8-Val-Ala-PABC,ADCC001428,Half Maximal Inhibitory Concentration (IC50),1,=,24.1,24.1,ng/mL,0,SK-OV-3 cells,Ovarian serous cystadenocarcinoma,https://adcdb.idrblab.net/data/adc/details/DRG0GCLJQ,data/raw/adcdb_idrblab/adc_details/DRG0GCLJQ.html
DRG0GCLJQ,Trastuzumab-C239I-SG3600,Investigative,Engineered trastuzumab,TAR0THKZD,Receptor tyrosine-protein kinase erbB-2 (HER2),PAY0DZNQW,N10-beta-glucuronide SG3200,PAY0DZNQW,Human Deoxyribonucleic acid (hDNA),DNA-damaging,Mal-PEG8-Val-Ala-PABC,ADCC001429,Half Maximal Inhibitory Concentration (IC50),1,=,33.9,33.9,ng/mL,0,MDA-MB-231 cells,Breast adenocarcinoma,https://adcdb.idrblab.net/data/adc/details/DRG0GCLJQ,data/raw/adcdb_idrblab/adc_details/DRG0GCLJQ.html
DRG0GCLJQ,Trastuzumab-C239I-SG3600,Investigative,Engineered trastuzumab,TAR0THKZD,Receptor tyrosine-protein kinase erbB-2 (HER2),PAY0DZNQW,N10-beta-glucuronide SG3200,PAY0DZNQW,Human Deoxyribonucleic acid (hDNA),DNA-damaging,Mal-PEG8-Val-Ala-PABC,ADCC001431,Half Maximal Inhibitory Concentration (IC50),1,>,> 10,10.0,ug/mL,0,JIMT-1 cells,Breast ductal carcinoma,https://adcdb.idrblab.net/data/adc/details/DRG0GCLJQ,data/raw/adcdb_idrblab/adc_details/DRG0GCLJQ.html
DRG0GCLJQ,Trastuzumab-C239I-SG3600,Investigative,Engineered trastuzumab,TAR0THKZD,Receptor tyrosine-protein kinase erbB-2 (HER2),PAY0DZNQW,N10-beta-glucuronide SG3200,PAY0DZNQW,Human Deoxyribonucleic acid (hDNA),DNA-damaging,Mal-PEG8-Val-Ala-PABC,ADCC001430,Half Maximal Inhibitory Concentration (IC50),1,>,> 10,10.0,ug/mL,0,MCF-7 cells,Invasive breast carcinoma,https://adcdb.idrblab.net/data/adc/details/DRG0GCLJQ,data/raw/adcdb_idrblab/adc_details/DRG0GCLJQ.html
DRG0GFDUW,Anti-TNF ADC 106,Investigative,Anti-TNF mAb alpha-TNF,TAR0DEDPZ,Tumor necrosis factor receptor superfamily member 1A (TNFRSF1A),PAY0ELHVP,GRM cpd 17,PAY0ELHVP,Glucocorticoid receptor (NR3C1),Other,MP-Ala-Ala,ADCC001867,Half Maximal Effective Concentration (EC50),1,=,0.45,0.45,ug/mL,0,K-562 cells (TNF expression),Chronic myelogenous leukemia,https://adcdb.idrblab.net/data/adc/details/DRG0GFDUW,data/raw/adcdb_idrblab/adc_details/DRG0GFDUW.html
DRG0GFDUW,Anti-TNF ADC 106,Investigative,Anti-TNF mAb alpha-TNF,TAR0DEDPZ,Tumor necrosis factor receptor superfamily member 1A (TNFRSF1A),PAY0ELHVP,GRM cpd 17,PAY0ELHVP,Glucocorticoid receptor (NR3C1),Other,MP-Ala-Ala,ADCC001868,Half Maximal Effective Concentration (EC50),1,=,3.4,3.4,ug/mL,0,K-562 cells,Chronic myelogenous leukemia,https://adcdb.idrblab.net/data/adc/details/DRG0GFDUW,data/raw/adcdb_idrblab/adc_details/DRG0GFDUW.html
DRG0GIBEK,Mirvetuximab-SMCC-DM1,Investigative,Mirvetuximab,TAR0QHAVI,Folate receptor alpha (FOLR1),PAY0JCIBW,Mertansine DM1,PAY0JCIBW,Microtubule (MT),microtubule-disrupting,Succinimidyl-4-(N-maleimidomethyl)cyclohexane-1-carboxylate (SMCC),ADCC000114,Half Maximal Inhibitory Concentration (IC50),1,=,0.08±0.01,0.08,nM,1,KB cells,Human papillomavirus-related endocervical adenocarcinoma,https://adcdb.idrblab.net/data/adc/details/DRG0GIBEK,data/raw/adcdb_idrblab/adc_details/DRG0GIBEK.html
DRG0GIBEK,Mirvetuximab-SMCC-DM1,Investigative,Mirvetuximab,TAR0QHAVI,Folate receptor alpha (FOLR1),PAY0JCIBW,Mertansine DM1,PAY0JCIBW,Microtubule (MT),microtubule-disrupting,Succinimidyl-4-(N-maleimidomethyl)cyclohexane-1-carboxylate (SMCC),ADCC000112,Half Maximal Inhibitory Concentration (IC50),1,=,0.10±0.02,0.1,nM,1,KB cells,Human papillomavirus-related endocervical adenocarcinoma,https://adcdb.idrblab.net/data/adc/details/DRG0GIBEK,data/raw/adcdb_idrblab/adc_details/DRG0GIBEK.html
DRG0GIBEK,Mirvetuximab-SMCC-DM1,Investigative,Mirvetuximab,TAR0QHAVI,Folate receptor alpha (FOLR1),PAY0JCIBW,Mertansine DM1,PAY0JCIBW,Microtubule (MT),microtubule-disrupting,Succinimidyl-4-(N-maleimidomethyl)cyclohexane-1-carboxylate (SMCC),ADCC000116,Half Maximal Inhibitory Concentration (IC50),1,=,7.00±2.00,7.0,nM,1,JEG-3 cells,Gestational choriocarcinoma,https://adcdb.idrblab.net/data/adc/details/DRG0GIBEK,data/raw/adcdb_idrblab/adc_details/DRG0GIBEK.html
DRG0GIBEK,Mirvetuximab-SMCC-DM1,Investigative,Mirvetuximab,TAR0QHAVI,Folate receptor alpha (FOLR1),PAY0JCIBW,Mertansine DM1,PAY0JCIBW,Microtubule (MT),microtubule-disrupting,Succinimidyl-4-(N-maleimidomethyl)cyclohexane-1-carboxylate (SMCC),ADCC000115,Half Maximal Inhibitory Concentration (IC50),1,=,20.00±0.70,20.0,nM,1,IGROV-1 cells,Ovarian endometrioid adenocarcinoma,https://adcdb.idrblab.net/data/adc/details/DRG0GIBEK,data/raw/adcdb_idrblab/adc_details/DRG0GIBEK.html
DRG0GKOZH,Mirvetuximab soravtansine,Approved in 2022,Mirvetuximab,TAR0QHAVI,Folate receptor alpha (FOLR1),PAY0CLRJD,DM4,PAY0CLRJD,Microtubule (MT),microtubule-disrupting,Sulfo-SPDB,ADCC000136,Half Maximal Inhibitory Concentration (IC50),1,=,0.15±0.08,0.15,nM,1,KB cells,Human papillomavirus-related endocervical adenocarcinoma,https://adcdb.idrblab.net/data/adc/details/DRG0GKOZH,data/raw/adcdb_idrblab/adc_details/DRG0GKOZH.html
DRG0GKOZH,Mirvetuximab soravtansine,Approved in 2022,Mirvetuximab,TAR0QHAVI,Folate receptor alpha (FOLR1),PAY0CLRJD,DM4,PAY0CLRJD,Microtubule (MT),microtubule-disrupting,Sulfo-SPDB,ADCC000138,Half Maximal Inhibitory Concentration (IC50),1,=,0.20±0.10,0.2,nM,1,JEG-3 cells,Gestational choriocarcinoma,https://adcdb.idrblab.net/data/adc/details/DRG0GKOZH,data/raw/adcdb_idrblab/adc_details/DRG0GKOZH.html
DRG0GKOZH,Mirvetuximab soravtansine,Approved in 2022,Mirvetuximab,TAR0QHAVI,Folate receptor alpha (FOLR1),PAY0CLRJD,DM4,PAY0CLRJD,Microtubule (MT),microtubule-disrupting,Sulfo-SPDB,ADCC000137,Half Maximal Inhibitory Concentration (IC50),1,=,1.00±0.40,1.0,nM,1,IGROV-1 cells,Ovarian endometrioid adenocarcinoma,https://adcdb.idrblab.net/data/adc/details/DRG0GKOZH,data/raw/adcdb_idrblab/adc_details/DRG0GKOZH.html
DRG0GKOZH,Mirvetuximab soravtansine,Approved in 2022,Mirvetuximab,TAR0QHAVI,Folate receptor alpha (FOLR1),PAY0CLRJD,DM4,PAY0CLRJD,Microtubule (MT),microtubule-disrupting,Sulfo-SPDB,ADCC006181,Half Maximal Inhibitory Concentration (IC50),1,=,0.2,0.2,ug/mL,0,END-2 cells,Endometrial undifferentiated carcinoma,https://adcdb.idrblab.net/data/adc/details/DRG0GKOZH,data/raw/adcdb_idrblab/adc_details/DRG0GKOZH.html
DRG0GKOZH,Mirvetuximab soravtansine,Approved in 2022,Mirvetuximab,TAR0QHAVI,Folate receptor alpha (FOLR1),PAY0CLRJD,DM4,PAY0CLRJD,Microtubule (MT),microtubule-disrupting,Sulfo-SPDB,ADCC006180,Half Maximal Inhibitory Concentration (IC50),1,=,74.6,74.6,ug/mL,0,END-1 cells,Endometrial undifferentiated carcinoma,https://adcdb.idrblab.net/data/adc/details/DRG0GKOZH,data/raw/adcdb_idrblab/adc_details/DRG0GKOZH.html
DRG0HCGBQ,CAC10-Gly5-PNU,Investigative,Brentuximab,TAR0QPCSQ,Tumor necrosis factor receptor superfamily member 8 (TNFRSF8),PAY0WKBCR,PNU-159682,PAY0WKBCR,DNA topoisomerase 2-alpha (TOP2A),DNA-damaging,Gly5,ADCC002532,Half Maximal Inhibitory Concentration (IC50),1,=,1.8,1.8,ng/mL,0,Karpas-299 cells,ALK-positive anaplastic large cell lymphoma,https://adcdb.idrblab.net/data/adc/details/DRG0HCGBQ,data/raw/adcdb_idrblab/adc_details/DRG0HCGBQ.html
DRG0HCGBQ,CAC10-Gly5-PNU,Investigative,Brentuximab,TAR0QPCSQ,Tumor necrosis factor receptor superfamily member 8 (TNFRSF8),PAY0WKBCR,PNU-159682,PAY0WKBCR,DNA topoisomerase 2-alpha (TOP2A),DNA-damaging,Gly5,ADCC002533,Half Maximal Inhibitory Concentration (IC50),1,=,4.8,4.8,ng/mL,0,Reh cells,B acute lymphoblastic leukemia,https://adcdb.idrblab.net/data/adc/details/DRG0HCGBQ,data/raw/adcdb_idrblab/adc_details/DRG0HCGBQ.html
DRG0HCHFN,Mil40-12C,Investigative,Mil40,TAR0THKZD,Receptor tyrosine-protein kinase erbB-2 (HER2),PAY0FSXOW,Monomethyl auristatin E,PAY0FSXOW,Microtubule (MT),microtubule-disrupting,Maleamic methyl ester-based linker 12C,ADCC002442,Half Maximal Inhibitory Concentration (IC50),1,=,0.02,0.02,nM,1,SK-BR-3 cells,Breast adenocarcinoma,https://adcdb.idrblab.net/data/adc/details/DRG0HCHFN,data/raw/adcdb_idrblab/adc_details/DRG0HCHFN.html
DRG0HCHFN,Mil40-12C,Investigative,Mil40,TAR0THKZD,Receptor tyrosine-protein kinase erbB-2 (HER2),PAY0FSXOW,Monomethyl auristatin E,PAY0FSXOW,Microtubule (MT),microtubule-disrupting,Maleamic methyl ester-based linker 12C,ADCC002441,Half Maximal Inhibitory Concentration (IC50),1,=,0.06,0.06,nM,1,NCI-N87 cells,Gastric tubular adenocarcinoma,https://adcdb.idrblab.net/data/adc/details/DRG0HCHFN,data/raw/adcdb_idrblab/adc_details/DRG0HCHFN.html
DRG0HCHFN,Mil40-12C,Investigative,Mil40,TAR0THKZD,Receptor tyrosine-protein kinase erbB-2 (HER2),PAY0FSXOW,Monomethyl auristatin E,PAY0FSXOW,Microtubule (MT),microtubule-disrupting,Maleamic methyl ester-based linker 12C,ADCC002440,Half Maximal Inhibitory Concentration (IC50),1,=,0.1,0.1,nM,1,BT-474 cells,Invasive breast carcinoma,https://adcdb.idrblab.net/data/adc/details/DRG0HCHFN,data/raw/adcdb_idrblab/adc_details/DRG0HCHFN.html
DRG0HCHFN,Mil40-12C,Investigative,Mil40,TAR0THKZD,Receptor tyrosine-protein kinase erbB-2 (HER2),PAY0FSXOW,Monomethyl auristatin E,PAY0FSXOW,Microtubule (MT),microtubule-disrupting,Maleamic methyl ester-based linker 12C,ADCC002443,Half Maximal Inhibitory Concentration (IC50),1,=,0.24,0.24,nM,1,SK-OV-3 cells,Ovarian serous cystadenocarcinoma,https://adcdb.idrblab.net/data/adc/details/DRG0HCHFN,data/raw/adcdb_idrblab/adc_details/DRG0HCHFN.html
DRG0HCHFN,Mil40-12C,Investigative,Mil40,TAR0THKZD,Receptor tyrosine-protein kinase erbB-2 (HER2),PAY0FSXOW,Monomethyl auristatin E,PAY0FSXOW,Microtubule (MT),microtubule-disrupting,Maleamic methyl ester-based linker 12C,ADCC002445,Half Maximal Inhibitory Concentration (IC50),1,=,12.71,12.71,nM,1,MDA-MB-468 cells,Breast adenocarcinoma,https://adcdb.idrblab.net/data/adc/details/DRG0HCHFN,data/raw/adcdb_idrblab/adc_details/DRG0HCHFN.html
DRG0HCHFN,Mil40-12C,Investigative,Mil40,TAR0THKZD,Receptor tyrosine-protein kinase erbB-2 (HER2),PAY0FSXOW,Monomethyl auristatin E,PAY0FSXOW,Microtubule (MT),microtubule-disrupting,Maleamic methyl ester-based linker 12C,ADCC002444,Half Maximal Inhibitory Concentration (IC50),1,=,20.07,20.07,nM,1,MCF-7 cells,Invasive breast carcinoma,https://adcdb.idrblab.net/data/adc/details/DRG0HCHFN,data/raw/adcdb_idrblab/adc_details/DRG0HCHFN.html
DRG0HDIEW,CAC10-Gly5-MAY,Investigative,Brentuximab,TAR0QPCSQ,Tumor necrosis factor receptor superfamily member 8 (TNFRSF8),PAY0JCIBW,Mertansine DM1,PAY0JCIBW,Microtubule (MT),microtubule-disrupting,Gly5,ADCC002536,Half Maximal Inhibitory Concentration (IC50),1,=,4.7,4.7,ng/mL,0,Karpas-299 cells,ALK-positive anaplastic large cell lymphoma,https://adcdb.idrblab.net/data/adc/details/DRG0HDIEW,data/raw/adcdb_idrblab/adc_details/DRG0HDIEW.html
DRG0HPUIL,Farletuzumab ecteribulin,Phase 2,Farletuzumab,TAR0QHAVI,Folate receptor alpha (FOLR1),PAY0JAEKD,Eribulin,PAY0JAEKD,Microtubule (MT),microtubule-disrupting,Mal-PEG2-Val-Cit-PABC,ADCC000700,Half Maximal Inhibitory Concentration (IC50),1,=,0.01,0.01,pM,1,IGROV-1 cells,Ovarian endometrioid adenocarcinoma,https://adcdb.idrblab.net/data/adc/details/DRG0HPUIL,data/raw/adcdb_idrblab/adc_details/DRG0HPUIL.html
DRG0HPUIL,Farletuzumab ecteribulin,Phase 2,Farletuzumab,TAR0QHAVI,Folate receptor alpha (FOLR1),PAY0JAEKD,Eribulin,PAY0JAEKD,Microtubule (MT),microtubule-disrupting,Mal-PEG2-Val-Cit-PABC,ADCC000701,Half Maximal Inhibitory Concentration (IC50),1,=,0.74,0.74,pM,1,NCI-H2110 cells,Lung non-small cell carcinoma,https://adcdb.idrblab.net/data/adc/details/DRG0HPUIL,data/raw/adcdb_idrblab/adc_details/DRG0HPUIL.html
DRG0HPUIL,Farletuzumab ecteribulin,Phase 2,Farletuzumab,TAR0QHAVI,Folate receptor alpha (FOLR1),PAY0JAEKD,Eribulin,PAY0JAEKD,Microtubule (MT),microtubule-disrupting,Mal-PEG2-Val-Cit-PABC,ADCC000703,Half Maximal Inhibitory Concentration (IC50),1,>,> 1,1.0,pM,1,SJSA-1 cells,Osteosarcoma,https://adcdb.idrblab.net/data/adc/details/DRG0HPUIL,data/raw/adcdb_idrblab/adc_details/DRG0HPUIL.html
DRG0HPUIL,Farletuzumab ecteribulin,Phase 2,Farletuzumab,TAR0QHAVI,Folate receptor alpha (FOLR1),PAY0JAEKD,Eribulin,PAY0JAEKD,Microtubule (MT),microtubule-disrupting,Mal-PEG2-Val-Cit-PABC,ADCC000702,Half Maximal Inhibitory Concentration (IC50),1,=,23,23.0,pM,1,A431-A3 cells,Skin squamous cell carcinoma,https://adcdb.idrblab.net/data/adc/details/DRG0HPUIL,data/raw/adcdb_idrblab/adc_details/DRG0HPUIL.html
DRG0HPUIL,Farletuzumab ecteribulin,Phase 2,Farletuzumab,TAR0QHAVI,Folate receptor alpha (FOLR1),PAY0JAEKD,Eribulin,PAY0JAEKD,Microtubule (MT),microtubule-disrupting,Mal-PEG2-Val-Cit-PABC,ADCC006392,Half Maximal Inhibitory Concentration (IC50),1,=,0.02,0.02,nM,1,IGROV-1 cells,Ovarian endometrioid adenocarcinoma,https://adcdb.idrblab.net/data/adc/details/DRG0HPUIL,data/raw/adcdb_idrblab/adc_details/DRG0HPUIL.html
DRG0HPUIL,Farletuzumab ecteribulin,Phase 2,Farletuzumab,TAR0QHAVI,Folate receptor alpha (FOLR1),PAY0JAEKD,Eribulin,PAY0JAEKD,Microtubule (MT),microtubule-disrupting,Mal-PEG2-Val-Cit-PABC,ADCC006395,Half Maximal Inhibitory Concentration (IC50),1,=,0.42,0.42,nM,1,NCI-H2110 cells,Lung non-small cell carcinoma,https://adcdb.idrblab.net/data/adc/details/DRG0HPUIL,data/raw/adcdb_idrblab/adc_details/DRG0HPUIL.html
DRG0HPUIL,Farletuzumab ecteribulin,Phase 2,Farletuzumab,TAR0QHAVI,Folate receptor alpha (FOLR1),PAY0JAEKD,Eribulin,PAY0JAEKD,Microtubule (MT),microtubule-disrupting,Mal-PEG2-Val-Cit-PABC,ADCC006394,Half Maximal Inhibitory Concentration (IC50),1,=,0.43,0.43,nM,1,Caov-3 cells,Ovarian serous adenocarcinoma,https://adcdb.idrblab.net/data/adc/details/DRG0HPUIL,data/raw/adcdb_idrblab/adc_details/DRG0HPUIL.html
DRG0HPUIL,Farletuzumab ecteribulin,Phase 2,Farletuzumab,TAR0QHAVI,Folate receptor alpha (FOLR1),PAY0JAEKD,Eribulin,PAY0JAEKD,Microtubule (MT),microtubule-disrupting,Mal-PEG2-Val-Cit-PABC,ADCC006393,Half Maximal Inhibitory Concentration (IC50),1,=,0.75,0.75,nM,1,OVCAR-3 cells,Ovarian serous adenocarcinoma,https://adcdb.idrblab.net/data/adc/details/DRG0HPUIL,data/raw/adcdb_idrblab/adc_details/DRG0HPUIL.html
DRG0HPUIL,Farletuzumab ecteribulin,Phase 2,Farletuzumab,TAR0QHAVI,Folate receptor alpha (FOLR1),PAY0JAEKD,Eribulin,PAY0JAEKD,Microtubule (MT),microtubule-disrupting,Mal-PEG2-Val-Cit-PABC,ADCC006402,Half Maximal Inhibitory Concentration (IC50),1,=,1.03,1.03,nM,1,HEC-59 cells,Endometrial adenocarcinoma,https://adcdb.idrblab.net/data/adc/details/DRG0HPUIL,data/raw/adcdb_idrblab/adc_details/DRG0HPUIL.html
DRG0HPUIL,Farletuzumab ecteribulin,Phase 2,Farletuzumab,TAR0QHAVI,Folate receptor alpha (FOLR1),PAY0JAEKD,Eribulin,PAY0JAEKD,Microtubule (MT),microtubule-disrupting,Mal-PEG2-Val-Cit-PABC,ADCC006403,Half Maximal Inhibitory Concentration (IC50),1,=,1.42,1.42,nM,1,HCC1954 cells,Breast ductal carcinoma,https://adcdb.idrblab.net/data/adc/details/DRG0HPUIL,data/raw/adcdb_idrblab/adc_details/DRG0HPUIL.html
DRG0HPUIL,Farletuzumab ecteribulin,Phase 2,Farletuzumab,TAR0QHAVI,Folate receptor alpha (FOLR1),PAY0JAEKD,Eribulin,PAY0JAEKD,Microtubule (MT),microtubule-disrupting,Mal-PEG2-Val-Cit-PABC,ADCC006397,Half Maximal Inhibitory Concentration (IC50),1,=,1.76,1.76,nM,1,MKN74 cells,Gastric tubular adenocarcinoma,https://adcdb.idrblab.net/data/adc/details/DRG0HPUIL,data/raw/adcdb_idrblab/adc_details/DRG0HPUIL.html
DRG0HPUIL,Farletuzumab ecteribulin,Phase 2,Farletuzumab,TAR0QHAVI,Folate receptor alpha (FOLR1),PAY0JAEKD,Eribulin,PAY0JAEKD,Microtubule (MT),microtubule-disrupting,Mal-PEG2-Val-Cit-PABC,ADCC006401,Half Maximal Inhibitory Concentration (IC50),1,=,1.81,1.81,nM,1,HEC-1-A cells,Endometrial adenocarcinoma,https://adcdb.idrblab.net/data/adc/details/DRG0HPUIL,data/raw/adcdb_idrblab/adc_details/DRG0HPUIL.html
DRG0HPUIL,Farletuzumab ecteribulin,Phase 2,Farletuzumab,TAR0QHAVI,Folate receptor alpha (FOLR1),PAY0JAEKD,Eribulin,PAY0JAEKD,Microtubule (MT),microtubule-disrupting,Mal-PEG2-Val-Cit-PABC,ADCC006396,Half Maximal Inhibitory Concentration (IC50),1,=,2.17,2.17,nM,1,MKN7 cells,Gastric tubular adenocarcinoma,https://adcdb.idrblab.net/data/adc/details/DRG0HPUIL,data/raw/adcdb_idrblab/adc_details/DRG0HPUIL.html
DRG0HPUIL,Farletuzumab ecteribulin,Phase 2,Farletuzumab,TAR0QHAVI,Folate receptor alpha (FOLR1),PAY0JAEKD,Eribulin,PAY0JAEKD,Microtubule (MT),microtubule-disrupting,Mal-PEG2-Val-Cit-PABC,ADCC006398,Half Maximal Inhibitory Concentration (IC50),1,=,4.42,4.42,nM,1,NCI-N87 cells,Gastric tubular adenocarcinoma,https://adcdb.idrblab.net/data/adc/details/DRG0HPUIL,data/raw/adcdb_idrblab/adc_details/DRG0HPUIL.html
DRG0HPUIL,Farletuzumab ecteribulin,Phase 2,Farletuzumab,TAR0QHAVI,Folate receptor alpha (FOLR1),PAY0JAEKD,Eribulin,PAY0JAEKD,Microtubule (MT),microtubule-disrupting,Mal-PEG2-Val-Cit-PABC,ADCC006400,Half Maximal Inhibitory Concentration (IC50),1,=,13.15,13.15,nM,1,HEC-251 cells,Endometrial carcinoma,https://adcdb.idrblab.net/data/adc/details/DRG0HPUIL,data/raw/adcdb_idrblab/adc_details/DRG0HPUIL.html
DRG0HPUIL,Farletuzumab ecteribulin,Phase 2,Farletuzumab,TAR0QHAVI,Folate receptor alpha (FOLR1),PAY0JAEKD,Eribulin,PAY0JAEKD,Microtubule (MT),microtubule-disrupting,Mal-PEG2-Val-Cit-PABC,ADCC006399,Half Maximal Inhibitory Concentration (IC50),1,=,24.58,24.58,nM,1,NUGC-3 cells,Gastric carcinoma,https://adcdb.idrblab.net/data/adc/details/DRG0HPUIL,data/raw/adcdb_idrblab/adc_details/DRG0HPUIL.html
DRG0HPUIL,Farletuzumab ecteribulin,Phase 2,Farletuzumab,TAR0QHAVI,Folate receptor alpha (FOLR1),PAY0JAEKD,Eribulin,PAY0JAEKD,Microtubule (MT),microtubule-disrupting,Mal-PEG2-Val-Cit-PABC,ADCC006404,Half Maximal Inhibitory Concentration (IC50),1,>,> 100,100.0,nM,1,A431 cells,Skin squamous cell carcinoma,https://adcdb.idrblab.net/data/adc/details/DRG0HPUIL,data/raw/adcdb_idrblab/adc_details/DRG0HPUIL.html
DRG0HRDSA,Anti-TNF ADC 121,Investigative,Anti-TNF mAb alpha-TNF,TAR0DEDPZ,Tumor necrosis factor receptor superfamily member 1A (TNFRSF1A),PAY0ELHVP,GRM cpd 17,PAY0ELHVP,Glucocorticoid receptor (NR3C1),Other,MP-Ala-Ala,ADCC001897,Half Maximal Effective Concentration (EC50),1,=,0.09,0.09,ug/mL,0,K-562 cells (TNF expression),Chronic myelogenous leukemia,https://adcdb.idrblab.net/data/adc/details/DRG0HRDSA,data/raw/adcdb_idrblab/adc_details/DRG0HRDSA.html
DRG0HRDSA,Anti-TNF ADC 121,Investigative,Anti-TNF mAb alpha-TNF,TAR0DEDPZ,Tumor necrosis factor receptor superfamily member 1A (TNFRSF1A),PAY0ELHVP,GRM cpd 17,PAY0ELHVP,Glucocorticoid receptor (NR3C1),Other,MP-Ala-Ala,ADCC001898,Half Maximal Effective Concentration (EC50),1,=,43.7,43.7,ug/mL,0,K-562 cells,Chronic myelogenous leukemia,https://adcdb.idrblab.net/data/adc/details/DRG0HRDSA,data/raw/adcdb_idrblab/adc_details/DRG0HRDSA.html
DRG0HVHRQ,ChmAb-B B7-H3-ADC,Investigative,chmAb-B,TAR0GLSWQ,CD276 antigen (CD276),PAY0FSXOW,Monomethyl auristatin E,PAY0FSXOW,Microtubule (MT),microtubule-disrupting,Mc-Val-Cit-PABC,ADCC003401,Half Maximal Inhibitory Concentration (IC50),1,=,31,31.0,pM,1,NCI-H1975 cells,Lung adenocarcinoma,https://adcdb.idrblab.net/data/adc/details/DRG0HVHRQ,data/raw/adcdb_idrblab/adc_details/DRG0HVHRQ.html
DRG0HVHRQ,ChmAb-B B7-H3-ADC,Investigative,chmAb-B,TAR0GLSWQ,CD276 antigen (CD276),PAY0FSXOW,Monomethyl auristatin E,PAY0FSXOW,Microtubule (MT),microtubule-disrupting,Mc-Val-Cit-PABC,ADCC003393,Half Maximal Inhibitory Concentration (IC50),1,=,59,59.0,pM,1,Calu-6 cells,Lung adenocarcinoma,https://adcdb.idrblab.net/data/adc/details/DRG0HVHRQ,data/raw/adcdb_idrblab/adc_details/DRG0HVHRQ.html
DRG0HVHRQ,ChmAb-B B7-H3-ADC,Investigative,chmAb-B,TAR0GLSWQ,CD276 antigen (CD276),PAY0FSXOW,Monomethyl auristatin E,PAY0FSXOW,Microtubule (MT),microtubule-disrupting,Mc-Val-Cit-PABC,ADCC003397,Half Maximal Inhibitory Concentration (IC50),1,=,90,90.0,pM,1,NCI-H1703 cells,Lung squamous cell carcinoma,https://adcdb.idrblab.net/data/adc/details/DRG0HVHRQ,data/raw/adcdb_idrblab/adc_details/DRG0HVHRQ.html
DRG0HVHRQ,ChmAb-B B7-H3-ADC,Investigative,chmAb-B,TAR0GLSWQ,CD276 antigen (CD276),PAY0FSXOW,Monomethyl auristatin E,PAY0FSXOW,Microtubule (MT),microtubule-disrupting,Mc-Val-Cit-PABC,ADCC003389,Half Maximal Inhibitory Concentration (IC50),1,=,0.15,0.15,nM,1,A375.S2 cells,Amelanotic melanoma,https://adcdb.idrblab.net/data/adc/details/DRG0HVHRQ,data/raw/adcdb_idrblab/adc_details/DRG0HVHRQ.html
DRG0HVHRQ,ChmAb-B B7-H3-ADC,Investigative,chmAb-B,TAR0GLSWQ,CD276 antigen (CD276),PAY0FSXOW,Monomethyl auristatin E,PAY0FSXOW,Microtubule (MT),microtubule-disrupting,Mc-Val-Cit-PABC,ADCC003409,Half Maximal Inhibitory Concentration (IC50),1,=,0.16,0.16,nM,1,Hs 700T cells,Neoplasm,https://adcdb.idrblab.net/data/adc/details/DRG0HVHRQ,data/raw/adcdb_idrblab/adc_details/DRG0HVHRQ.html
DRG0HVHRQ,ChmAb-B B7-H3-ADC,Investigative,chmAb-B,TAR0GLSWQ,CD276 antigen (CD276),PAY0FSXOW,Monomethyl auristatin E,PAY0FSXOW,Microtubule (MT),microtubule-disrupting,Mc-Val-Cit-PABC,ADCC003381,Half Maximal Inhibitory Concentration (IC50),1,=,0.22,0.22,nM,1,JIMT-1 cells,Breast ductal carcinoma,https://adcdb.idrblab.net/data/adc/details/DRG0HVHRQ,data/raw/adcdb_idrblab/adc_details/DRG0HVHRQ.html
DRG0HVHRQ,ChmAb-B B7-H3-ADC,Investigative,chmAb-B,TAR0GLSWQ,CD276 antigen (CD276),PAY0FSXOW,Monomethyl auristatin E,PAY0FSXOW,Microtubule (MT),microtubule-disrupting,Mc-Val-Cit-PABC,ADCC003385,Half Maximal Inhibitory Concentration (IC50),1,=,0.35,0.35,nM,1,MDA-MB-468 cells,Breast adenocarcinoma,https://adcdb.idrblab.net/data/adc/details/DRG0HVHRQ,data/raw/adcdb_idrblab/adc_details/DRG0HVHRQ.html
DRG0HVHRQ,ChmAb-B B7-H3-ADC,Investigative,chmAb-B,TAR0GLSWQ,CD276 antigen (CD276),PAY0FSXOW,Monomethyl auristatin E,PAY0FSXOW,Microtubule (MT),microtubule-disrupting,Mc-Val-Cit-PABC,ADCC003405,Half Maximal Inhibitory Concentration (IC50),1,=,0.56,0.56,nM,1,PA-1 cells,Ovarian mixed germ cell tumor,https://adcdb.idrblab.net/data/adc/details/DRG0HVHRQ,data/raw/adcdb_idrblab/adc_details/DRG0HVHRQ.html
DRG0HVHRQ,ChmAb-B B7-H3-ADC,Investigative,chmAb-B,TAR0GLSWQ,CD276 antigen (CD276),PAY0FSXOW,Monomethyl auristatin E,PAY0FSXOW,Microtubule (MT),microtubule-disrupting,Mc-Val-Cit-PABC,ADCC003413,Half Maximal Inhibitory Concentration (IC50),1,=,3.77,3.77,nM,1,DU145 cells,Prostate carcinoma,https://adcdb.idrblab.net/data/adc/details/DRG0HVHRQ,data/raw/adcdb_idrblab/adc_details/DRG0HVHRQ.html
DRG0HVHRQ,ChmAb-B B7-H3-ADC,Investigative,chmAb-B,TAR0GLSWQ,CD276 antigen (CD276),PAY0FSXOW,Monomethyl auristatin E,PAY0FSXOW,Microtubule (MT),microtubule-disrupting,Mc-Val-Cit-PABC,ADCC003417,Half Maximal Inhibitory Concentration (IC50),1,>,> 100,100.0,nM,1,Raji cells,EBV-related Burkitt lymphoma,https://adcdb.idrblab.net/data/adc/details/DRG0HVHRQ,data/raw/adcdb_idrblab/adc_details/DRG0HVHRQ.html
DRG0HZNEP,Tmab-SPP-DM1,Investigative,Trastuzumab,TAR0THKZD,Receptor tyrosine-protein kinase erbB-2 (HER2),PAY0JCIBW,Mertansine DM1,PAY0JCIBW,Microtubule (MT),microtubule-disrupting,N-succinimidyl 4-(2-pyridyldithio) pentanoate (SPP),ADCC002210,Half Maximal Inhibitory Concentration (IC50),1,=,0.22,0.22,nM,1,SK-BR-3 cells,Breast adenocarcinoma,https://adcdb.idrblab.net/data/adc/details/DRG0HZNEP,data/raw/adcdb_idrblab/adc_details/DRG0HZNEP.html
DRG0HZNEP,Tmab-SPP-DM1,Investigative,Trastuzumab,TAR0THKZD,Receptor tyrosine-protein kinase erbB-2 (HER2),PAY0JCIBW,Mertansine DM1,PAY0JCIBW,Microtubule (MT),microtubule-disrupting,N-succinimidyl 4-(2-pyridyldithio) pentanoate (SPP),ADCC002211,Half Maximal Inhibitory Concentration (IC50),1,=,4.26,4.26,nM,1,BT-474 cells,Invasive breast carcinoma,https://adcdb.idrblab.net/data/adc/details/DRG0HZNEP,data/raw/adcdb_idrblab/adc_details/DRG0HZNEP.html
DRG0HZNEP,Tmab-SPP-DM1,Investigative,Trastuzumab,TAR0THKZD,Receptor tyrosine-protein kinase erbB-2 (HER2),PAY0JCIBW,Mertansine DM1,PAY0JCIBW,Microtubule (MT),microtubule-disrupting,N-succinimidyl 4-(2-pyridyldithio) pentanoate (SPP),ADCC002213,Half Maximal Inhibitory Concentration (IC50),1,=,41.37,41.37,nM,1,MDA-MB-468 cells,Breast adenocarcinoma,https://adcdb.idrblab.net/data/adc/details/DRG0HZNEP,data/raw/adcdb_idrblab/adc_details/DRG0HZNEP.html
DRG0HZNEP,Tmab-SPP-DM1,Investigative,Trastuzumab,TAR0THKZD,Receptor tyrosine-protein kinase erbB-2 (HER2),PAY0JCIBW,Mertansine DM1,PAY0JCIBW,Microtubule (MT),microtubule-disrupting,N-succinimidyl 4-(2-pyridyldithio) pentanoate (SPP),ADCC002212,Half Maximal Inhibitory Concentration (IC50),1,>,> 100,100.0,nM,1,MCF-7 cells,Invasive breast carcinoma,https://adcdb.idrblab.net/data/adc/details/DRG0HZNEP,data/raw/adcdb_idrblab/adc_details/DRG0HZNEP.html
DRG0IBFEK,Cetux Cys-vc-MMAE,Investigative,Cetuximab,TAR0UYFIF,Epidermal growth factor receptor (EGFR),PAY0FSXOW,Monomethyl auristatin E,PAY0FSXOW,Microtubule (MT),microtubule-disrupting,Mc-Val-Cit-PABC,ADCC006140,Half Maximal Inhibitory Concentration (IC50),1,=,0.03,0.03,nM,1,U-87MG cells,Glioblastoma,https://adcdb.idrblab.net/data/adc/details/DRG0IBFEK,data/raw/adcdb_idrblab/adc_details/DRG0IBFEK.html
DRG0IEEQN,MSLN-Mal-PEG4-Eribulin,Investigative,Amatuximab,TAR0NEZUA,Mesothelin (MSLN),PAY0JAEKD,Eribulin,PAY0JAEKD,Microtubule (MT),microtubule-disrupting,Mal-PEG4,ADCC006359,Half Maximal Inhibitory Concentration (IC50),1,=,32,32.0,nM,1,NCI-H2110 cells,Lung non-small cell carcinoma,https://adcdb.idrblab.net/data/adc/details/DRG0IEEQN,data/raw/adcdb_idrblab/adc_details/DRG0IEEQN.html
DRG0IEEQN,MSLN-Mal-PEG4-Eribulin,Investigative,Amatuximab,TAR0NEZUA,Mesothelin (MSLN),PAY0JAEKD,Eribulin,PAY0JAEKD,Microtubule (MT),microtubule-disrupting,Mal-PEG4,ADCC006346,Half Maximal Inhibitory Concentration (IC50),1,=,76,76.0,nM,1,IGROV-1 cells,Ovarian endometrioid adenocarcinoma,https://adcdb.idrblab.net/data/adc/details/DRG0IEEQN,data/raw/adcdb_idrblab/adc_details/DRG0IEEQN.html
DRG0IEEQN,MSLN-Mal-PEG4-Eribulin,Investigative,Amatuximab,TAR0NEZUA,Mesothelin (MSLN),PAY0JAEKD,Eribulin,PAY0JAEKD,Microtubule (MT),microtubule-disrupting,Mal-PEG4,ADCC006386,Half Maximal Inhibitory Concentration (IC50),1,>,> 100,100.0,nM,1,SJSA-1 cells,Osteosarcoma,https://adcdb.idrblab.net/data/adc/details/DRG0IEEQN,data/raw/adcdb_idrblab/adc_details/DRG0IEEQN.html
DRG0IEEQN,MSLN-Mal-PEG4-Eribulin,Investigative,Amatuximab,TAR0NEZUA,Mesothelin (MSLN),PAY0JAEKD,Eribulin,PAY0JAEKD,Microtubule (MT),microtubule-disrupting,Mal-PEG4,ADCC006372,Half Maximal Inhibitory Concentration (IC50),1,>,> 100,100.0,nM,1,A431 cells,Skin squamous cell carcinoma,https://adcdb.idrblab.net/data/adc/details/DRG0IEEQN,data/raw/adcdb_idrblab/adc_details/DRG0IEEQN.html
DRG0IFKGK,Anti-KIT NEG086-SMCC-DM1,Investigative,Anti-KIT mAb NEG086,TAR0SDULL,Mast/stem cell growth factor receptor Kit (KIT),PAY0JCIBW,Mertansine DM1,PAY0JCIBW,Microtubule (MT),microtubule-disrupting,Succinimidyl-4-(N-maleimidomethyl)cyclohexane-1-carboxylate (SMCC),ADCC008156,Max inhibition rate (MIR),0,=,54,54.0,%,0,CVCL_7040,Gastrointestinal stromal tumor,https://adcdb.idrblab.net/data/adc/details/DRG0IFKGK,data/raw/adcdb_idrblab/adc_details/DRG0IFKGK.html
DRG0IFKGK,Anti-KIT NEG086-SMCC-DM1,Investigative,Anti-KIT mAb NEG086,TAR0SDULL,Mast/stem cell growth factor receptor Kit (KIT),PAY0JCIBW,Mertansine DM1,PAY0JCIBW,Microtubule (MT),microtubule-disrupting,Succinimidyl-4-(N-maleimidomethyl)cyclohexane-1-carboxylate (SMCC),ADCC008151,Max inhibition rate (MIR),0,=,69,69.0,%,0,CVCL_7044,Gastrointestinal stromal tumor,https://adcdb.idrblab.net/data/adc/details/DRG0IFKGK,data/raw/adcdb_idrblab/adc_details/DRG0IFKGK.html
DRG0IFKGK,Anti-KIT NEG086-SMCC-DM1,Investigative,Anti-KIT mAb NEG086,TAR0SDULL,Mast/stem cell growth factor receptor Kit (KIT),PAY0JCIBW,Mertansine DM1,PAY0JCIBW,Microtubule (MT),microtubule-disrupting,Succinimidyl-4-(N-maleimidomethyl)cyclohexane-1-carboxylate (SMCC),ADCC008146,Max inhibition rate (MIR),0,=,74,74.0,%,0,CVCL_4976,Gastrointestinal stromal tumor,https://adcdb.idrblab.net/data/adc/details/DRG0IFKGK,data/raw/adcdb_idrblab/adc_details/DRG0IFKGK.html
DRG0IFKGK,Anti-KIT NEG086-SMCC-DM1,Investigative,Anti-KIT mAb NEG086,TAR0SDULL,Mast/stem cell growth factor receptor Kit (KIT),PAY0JCIBW,Mertansine DM1,PAY0JCIBW,Microtubule (MT),microtubule-disrupting,Succinimidyl-4-(N-maleimidomethyl)cyclohexane-1-carboxylate (SMCC),ADCC008171,Max inhibition rate (MIR),0,=,80,80.0,%,0,CVCL_0614,Acute myeloid leukemia,https://adcdb.idrblab.net/data/adc/details/DRG0IFKGK,data/raw/adcdb_idrblab/adc_details/DRG0IFKGK.html
DRG0IFKGK,Anti-KIT NEG086-SMCC-DM1,Investigative,Anti-KIT mAb NEG086,TAR0SDULL,Mast/stem cell growth factor receptor Kit (KIT),PAY0JCIBW,Mertansine DM1,PAY0JCIBW,Microtubule (MT),microtubule-disrupting,Succinimidyl-4-(N-maleimidomethyl)cyclohexane-1-carboxylate (SMCC),ADCC008181,Max inhibition rate (MIR),0,=,91,91.0,%,0,CVCL_0418,Breast adenocarcinoma,https://adcdb.idrblab.net/data/adc/details/DRG0IFKGK,data/raw/adcdb_idrblab/adc_details/DRG0IFKGK.html
DRG0IFKGK,Anti-KIT NEG086-SMCC-DM1,Investigative,Anti-KIT mAb NEG086,TAR0SDULL,Mast/stem cell growth factor receptor Kit (KIT),PAY0JCIBW,Mertansine DM1,PAY0JCIBW,Microtubule (MT),microtubule-disrupting,Succinimidyl-4-(N-maleimidomethyl)cyclohexane-1-carboxylate (SMCC),ADCC008166,Max inhibition rate (MIR),0,=,98,98.0,%,0,CVCL_1453,Lung small cell carcinoma,https://adcdb.idrblab.net/data/adc/details/DRG0IFKGK,data/raw/adcdb_idrblab/adc_details/DRG0IFKGK.html
DRG0IFKGK,Anti-KIT NEG086-SMCC-DM1,Investigative,Anti-KIT mAb NEG086,TAR0SDULL,Mast/stem cell growth factor receptor Kit (KIT),PAY0JCIBW,Mertansine DM1,PAY0JCIBW,Microtubule (MT),microtubule-disrupting,Succinimidyl-4-(N-maleimidomethyl)cyclohexane-1-carboxylate (SMCC),ADCC008176,Max inhibition rate (MIR),0,=,99,99.0,%,0,CVCL_0589,Myeloid leukemia with maturation,https://adcdb.idrblab.net/data/adc/details/DRG0IFKGK,data/raw/adcdb_idrblab/adc_details/DRG0IFKGK.html
DRG0IFKGK,Anti-KIT NEG086-SMCC-DM1,Investigative,Anti-KIT mAb NEG086,TAR0SDULL,Mast/stem cell growth factor receptor Kit (KIT),PAY0JCIBW,Mertansine DM1,PAY0JCIBW,Microtubule (MT),microtubule-disrupting,Succinimidyl-4-(N-maleimidomethyl)cyclohexane-1-carboxylate (SMCC),ADCC008161,Max inhibition rate (MIR),0,=,99,99.0,%,0,CVCL_1569,Lung small cell carcinoma,https://adcdb.idrblab.net/data/adc/details/DRG0IFKGK,data/raw/adcdb_idrblab/adc_details/DRG0IFKGK.html
DRG0IFKGK,Anti-KIT NEG086-SMCC-DM1,Investigative,Anti-KIT mAb NEG086,TAR0SDULL,Mast/stem cell growth factor receptor Kit (KIT),PAY0JCIBW,Mertansine DM1,PAY0JCIBW,Microtubule (MT),microtubule-disrupting,Succinimidyl-4-(N-maleimidomethyl)cyclohexane-1-carboxylate (SMCC),ADCC008106,Half Maximal Inhibitory Concentration (IC50),1,=,0.01,0.01,nM,1,CVCL_4976,Gastrointestinal stromal tumor,https://adcdb.idrblab.net/data/adc/details/DRG0IFKGK,data/raw/adcdb_idrblab/adc_details/DRG0IFKGK.html
DRG0IFKGK,Anti-KIT NEG086-SMCC-DM1,Investigative,Anti-KIT mAb NEG086,TAR0SDULL,Mast/stem cell growth factor receptor Kit (KIT),PAY0JCIBW,Mertansine DM1,PAY0JCIBW,Microtubule (MT),microtubule-disrupting,Succinimidyl-4-(N-maleimidomethyl)cyclohexane-1-carboxylate (SMCC),ADCC008121,Half Maximal Inhibitory Concentration (IC50),1,=,0.03,0.03,nM,1,CVCL_1569,Lung small cell carcinoma,https://adcdb.idrblab.net/data/adc/details/DRG0IFKGK,data/raw/adcdb_idrblab/adc_details/DRG0IFKGK.html
DRG0IFKGK,Anti-KIT NEG086-SMCC-DM1,Investigative,Anti-KIT mAb NEG086,TAR0SDULL,Mast/stem cell growth factor receptor Kit (KIT),PAY0JCIBW,Mertansine DM1,PAY0JCIBW,Microtubule (MT),microtubule-disrupting,Succinimidyl-4-(N-maleimidomethyl)cyclohexane-1-carboxylate (SMCC),ADCC008116,Half Maximal Inhibitory Concentration (IC50),1,=,0.06,0.06,nM,1,CVCL_7040,Gastrointestinal stromal tumor,https://adcdb.idrblab.net/data/adc/details/DRG0IFKGK,data/raw/adcdb_idrblab/adc_details/DRG0IFKGK.html
DRG0IFKGK,Anti-KIT NEG086-SMCC-DM1,Investigative,Anti-KIT mAb NEG086,TAR0SDULL,Mast/stem cell growth factor receptor Kit (KIT),PAY0JCIBW,Mertansine DM1,PAY0JCIBW,Microtubule (MT),microtubule-disrupting,Succinimidyl-4-(N-maleimidomethyl)cyclohexane-1-carboxylate (SMCC),ADCC008111,Half Maximal Inhibitory Concentration (IC50),1,=,0.43,0.43,nM,1,CVCL_7044,Gastrointestinal stromal tumor,https://adcdb.idrblab.net/data/adc/details/DRG0IFKGK,data/raw/adcdb_idrblab/adc_details/DRG0IFKGK.html
DRG0IFKGK,Anti-KIT NEG086-SMCC-DM1,Investigative,Anti-KIT mAb NEG086,TAR0SDULL,Mast/stem cell growth factor receptor Kit (KIT),PAY0JCIBW,Mertansine DM1,PAY0JCIBW,Microtubule (MT),microtubule-disrupting,Succinimidyl-4-(N-maleimidomethyl)cyclohexane-1-carboxylate (SMCC),ADCC008131,Half Maximal Inhibitory Concentration (IC50),1,=,0.52,0.52,nM,1,CVCL_0614,Acute myeloid leukemia,https://adcdb.idrblab.net/data/adc/details/DRG0IFKGK,data/raw/adcdb_idrblab/adc_details/DRG0IFKGK.html
DRG0IFKGK,Anti-KIT NEG086-SMCC-DM1,Investigative,Anti-KIT mAb NEG086,TAR0SDULL,Mast/stem cell growth factor receptor Kit (KIT),PAY0JCIBW,Mertansine DM1,PAY0JCIBW,Microtubule (MT),microtubule-disrupting,Succinimidyl-4-(N-maleimidomethyl)cyclohexane-1-carboxylate (SMCC),ADCC008126,Half Maximal Inhibitory Concentration (IC50),1,=,0.83,0.83,nM,1,CVCL_1453,Lung small cell carcinoma,https://adcdb.idrblab.net/data/adc/details/DRG0IFKGK,data/raw/adcdb_idrblab/adc_details/DRG0IFKGK.html
DRG0IFKGK,Anti-KIT NEG086-SMCC-DM1,Investigative,Anti-KIT mAb NEG086,TAR0SDULL,Mast/stem cell growth factor receptor Kit (KIT),PAY0JCIBW,Mertansine DM1,PAY0JCIBW,Microtubule (MT),microtubule-disrupting,Succinimidyl-4-(N-maleimidomethyl)cyclohexane-1-carboxylate (SMCC),ADCC008136,Half Maximal Inhibitory Concentration (IC50),1,=,4.22,4.22,nM,1,CVCL_0589,Myeloid leukemia with maturation,https://adcdb.idrblab.net/data/adc/details/DRG0IFKGK,data/raw/adcdb_idrblab/adc_details/DRG0IFKGK.html
DRG0IFKGK,Anti-KIT NEG086-SMCC-DM1,Investigative,Anti-KIT mAb NEG086,TAR0SDULL,Mast/stem cell growth factor receptor Kit (KIT),PAY0JCIBW,Mertansine DM1,PAY0JCIBW,Microtubule (MT),microtubule-disrupting,Succinimidyl-4-(N-maleimidomethyl)cyclohexane-1-carboxylate (SMCC),ADCC008141,Half Maximal Inhibitory Concentration (IC50),1,=,16.92,16.92,nM,1,CVCL_0418,Breast adenocarcinoma,https://adcdb.idrblab.net/data/adc/details/DRG0IFKGK,data/raw/adcdb_idrblab/adc_details/DRG0IFKGK.html
DRG0IWWAX,PD-L1 ADC 1,Investigative,Avelumab,TAR0SYQPS,Programmed cell death 1 ligand 1 (PD-L1),PAY0FSXOW,Monomethyl auristatin E,PAY0FSXOW,Microtubule (MT),microtubule-disrupting,Mc-Val-Ala-PABC,ADCC002581,Half Maximal Inhibitory Concentration (IC50),1,=,265.3,265.3,nM,1,SK-MES-1 cells,Lung squamous cell carcinoma,https://adcdb.idrblab.net/data/adc/details/DRG0IWWAX,data/raw/adcdb_idrblab/adc_details/DRG0IWWAX.html
DRG0IWWAX,PD-L1 ADC 1,Investigative,Avelumab,TAR0SYQPS,Programmed cell death 1 ligand 1 (PD-L1),PAY0FSXOW,Monomethyl auristatin E,PAY0FSXOW,Microtubule (MT),microtubule-disrupting,Mc-Val-Ala-PABC,ADCC002582,Half Maximal Inhibitory Concentration (IC50),1,>,> 663.08,663.08,nM,1,AsPC-1 cells,Pancreatic ductal adenocarcinoma,https://adcdb.idrblab.net/data/adc/details/DRG0IWWAX,data/raw/adcdb_idrblab/adc_details/DRG0IWWAX.html
DRG0IWWAX,PD-L1 ADC 1,Investigative,Avelumab,TAR0SYQPS,Programmed cell death 1 ligand 1 (PD-L1),PAY0FSXOW,Monomethyl auristatin E,PAY0FSXOW,Microtubule (MT),microtubule-disrupting,Mc-Val-Ala-PABC,ADCC002580,Half Maximal Inhibitory Concentration (IC50),1,>,> 663.08,663.08,nM,1,MDA-MB-231 cells,Breast adenocarcinoma,https://adcdb.idrblab.net/data/adc/details/DRG0IWWAX,data/raw/adcdb_idrblab/adc_details/DRG0IWWAX.html
DRG0IWWAX,PD-L1 ADC 1,Investigative,Avelumab,TAR0SYQPS,Programmed cell death 1 ligand 1 (PD-L1),PAY0FSXOW,Monomethyl auristatin E,PAY0FSXOW,Microtubule (MT),microtubule-disrupting,Mc-Val-Ala-PABC,ADCC002579,Half Maximal Inhibitory Concentration (IC50),1,>,> 663.08,663.08,nM,1,Calu-1 cells,Lung squamous cell carcinoma,https://adcdb.idrblab.net/data/adc/details/DRG0IWWAX,data/raw/adcdb_idrblab/adc_details/DRG0IWWAX.html
DRG0JBKMD,Labetuzumab govitecan,Phase 2 (discontinued),Labetuzumab,TAR0MKNCY,Carcinoembryonic antigen-related cell adhesion molecule 5 (CEACAM5),PAY0BKPAH,SN-38,PAY0BKPAH,DNA topoisomerase 1 (TOP1),Topo-I inhibitor,CL2A,ADCC000739,Half Maximal Inhibitory Concentration (IC50),1,=,1.23,1.23,nM,1,22RV1 cells,Prostate carcinoma,https://adcdb.idrblab.net/data/adc/details/DRG0JBKMD,data/raw/adcdb_idrblab/adc_details/DRG0JBKMD.html
DRG0JBKMD,Labetuzumab govitecan,Phase 2 (discontinued),Labetuzumab,TAR0MKNCY,Carcinoembryonic antigen-related cell adhesion molecule 5 (CEACAM5),PAY0BKPAH,SN-38,PAY0BKPAH,DNA topoisomerase 1 (TOP1),Topo-I inhibitor,CL2A,ADCC000738,Half Maximal Inhibitory Concentration (IC50),1,=,4.04,4.04,nM,1,DU145 cells,Prostate carcinoma,https://adcdb.idrblab.net/data/adc/details/DRG0JBKMD,data/raw/adcdb_idrblab/adc_details/DRG0JBKMD.html
DRG0JBKMD,Labetuzumab govitecan,Phase 2 (discontinued),Labetuzumab,TAR0MKNCY,Carcinoembryonic antigen-related cell adhesion molecule 5 (CEACAM5),PAY0BKPAH,SN-38,PAY0BKPAH,DNA topoisomerase 1 (TOP1),Topo-I inhibitor,CL2A,ADCC000740,Half Maximal Inhibitory Concentration (IC50),1,=,140,140.0,nM,1,MSKCC EF1 cells,Prostate cancer,https://adcdb.idrblab.net/data/adc/details/DRG0JBKMD,data/raw/adcdb_idrblab/adc_details/DRG0JBKMD.html
DRG0JBKMD,Labetuzumab govitecan,Phase 2 (discontinued),Labetuzumab,TAR0MKNCY,Carcinoembryonic antigen-related cell adhesion molecule 5 (CEACAM5),PAY0BKPAH,SN-38,PAY0BKPAH,DNA topoisomerase 1 (TOP1),Topo-I inhibitor,CL2A,ADCC000741,Half Maximal Inhibitory Concentration (IC50),1,=,3.32,3.32,uM,1,NCI-H660 cells,Prostate small cell carcinoma,https://adcdb.idrblab.net/data/adc/details/DRG0JBKMD,data/raw/adcdb_idrblab/adc_details/DRG0JBKMD.html
DRG0JDEVM,Cet-DM1,Investigative,Cetuximab,TAR0UYFIF,Epidermal growth factor receptor (EGFR),PAY0JCIBW,Mertansine DM1,PAY0JCIBW,Microtubule (MT),microtubule-disrupting,Succinimidyl-4-(N-maleimidomethyl)cyclohexane-1-carboxylate (SMCC),ADCC002314,Half Maximal Inhibitory Concentration (IC50),1,=,0.85,0.85,nM,1,HCC1954 T-DM1R (T-DM1 resistance) cells,Breast ductal carcinoma,https://adcdb.idrblab.net/data/adc/details/DRG0JDEVM,data/raw/adcdb_idrblab/adc_details/DRG0JDEVM.html
DRG0JDEVM,Cet-DM1,Investigative,Cetuximab,TAR0UYFIF,Epidermal growth factor receptor (EGFR),PAY0JCIBW,Mertansine DM1,PAY0JCIBW,Microtubule (MT),microtubule-disrupting,Succinimidyl-4-(N-maleimidomethyl)cyclohexane-1-carboxylate (SMCC),ADCC002313,Half Maximal Inhibitory Concentration (IC50),1,=,0.85,0.85,nM,1,HCC1954 T-DM1R (T-DM1 resistance) cells,Breast ductal carcinoma,https://adcdb.idrblab.net/data/adc/details/DRG0JDEVM,data/raw/adcdb_idrblab/adc_details/DRG0JDEVM.html
DRG0JDEVM,Cet-DM1,Investigative,Cetuximab,TAR0UYFIF,Epidermal growth factor receptor (EGFR),PAY0JCIBW,Mertansine DM1,PAY0JCIBW,Microtubule (MT),microtubule-disrupting,Succinimidyl-4-(N-maleimidomethyl)cyclohexane-1-carboxylate (SMCC),ADCC002312,Half Maximal Inhibitory Concentration (IC50),1,=,1.41,1.41,nM,1,HCC1954 cells,Breast ductal carcinoma,https://adcdb.idrblab.net/data/adc/details/DRG0JDEVM,data/raw/adcdb_idrblab/adc_details/DRG0JDEVM.html
DRG0JDEVM,Cet-DM1,Investigative,Cetuximab,TAR0UYFIF,Epidermal growth factor receptor (EGFR),PAY0JCIBW,Mertansine DM1,PAY0JCIBW,Microtubule (MT),microtubule-disrupting,Succinimidyl-4-(N-maleimidomethyl)cyclohexane-1-carboxylate (SMCC),ADCC002315,Half Maximal Inhibitory Concentration (IC50),1,=,3.52,3.52,nM,1,HCC1954 T-DM1R (T-DM1 resistance) cells,Breast ductal carcinoma,https://adcdb.idrblab.net/data/adc/details/DRG0JDEVM,data/raw/adcdb_idrblab/adc_details/DRG0JDEVM.html
DRG0JDEVM,Cet-DM1,Investigative,Cetuximab,TAR0UYFIF,Epidermal growth factor receptor (EGFR),PAY0JCIBW,Mertansine DM1,PAY0JCIBW,Microtubule (MT),microtubule-disrupting,Succinimidyl-4-(N-maleimidomethyl)cyclohexane-1-carboxylate (SMCC),ADCC002316,Half Maximal Inhibitory Concentration (IC50),1,=,7.68,7.68,nM,1,HCC1954 T-DM1R (T-DM1 resistance) cells,Breast ductal carcinoma,https://adcdb.idrblab.net/data/adc/details/DRG0JDEVM,data/raw/adcdb_idrblab/adc_details/DRG0JDEVM.html
DRG0JEVIM,Disitamab vedotin,Approved in 2021,Hertuzumab,TAR0THKZD,Receptor tyrosine-protein kinase erbB-2 (HER2),PAY0FSXOW,Monomethyl auristatin E,PAY0FSXOW,Microtubule (MT),microtubule-disrupting,Mc-Val-Cit-PABC,ADCC000382,Half Maximal Inhibitory Concentration (IC50),1,=,4.91,4.91,ng/mL,0,SK-BR-3 cells,Breast adenocarcinoma,https://adcdb.idrblab.net/data/adc/details/DRG0JEVIM,data/raw/adcdb_idrblab/adc_details/DRG0JEVIM.html
DRG0JEVIM,Disitamab vedotin,Approved in 2021,Hertuzumab,TAR0THKZD,Receptor tyrosine-protein kinase erbB-2 (HER2),PAY0FSXOW,Monomethyl auristatin E,PAY0FSXOW,Microtubule (MT),microtubule-disrupting,Mc-Val-Cit-PABC,ADCC000384,Half Maximal Inhibitory Concentration (IC50),1,=,11.28,11.28,ng/mL,0,SK-OV-3 cells,Ovarian serous cystadenocarcinoma,https://adcdb.idrblab.net/data/adc/details/DRG0JEVIM,data/raw/adcdb_idrblab/adc_details/DRG0JEVIM.html
DRG0JEVIM,Disitamab vedotin,Approved in 2021,Hertuzumab,TAR0THKZD,Receptor tyrosine-protein kinase erbB-2 (HER2),PAY0FSXOW,Monomethyl auristatin E,PAY0FSXOW,Microtubule (MT),microtubule-disrupting,Mc-Val-Cit-PABC,ADCC000383,Half Maximal Inhibitory Concentration (IC50),1,=,14.54,14.54,ng/mL,0,NCI-N87 cells,Gastric tubular adenocarcinoma,https://adcdb.idrblab.net/data/adc/details/DRG0JEVIM,data/raw/adcdb_idrblab/adc_details/DRG0JEVIM.html
DRG0JOHND,Gemtuzumab ozogamicin,"Approved in 2000 (withdrawn in 2010, approved again in 2017)",Gemtuzumab,TAR0OVWVF,Myeloid cell surface antigen CD33 (CD33),PAY0RZSDY,N-acetyl-gamma-calicheamicin,PAY0RZSDY,Human deoxyribonucleic acid (hDNA),DNA-damaging,AcButDMH,ADCC004873,Half Maximal Inhibitory Concentration (IC50),1,=,20,20.0,pM,1,ML-2 cells,Acute myeloid leukemia,https://adcdb.idrblab.net/data/adc/details/DRG0JOHND,data/raw/adcdb_idrblab/adc_details/DRG0JOHND.html
DRG0JOHND,Gemtuzumab ozogamicin,"Approved in 2000 (withdrawn in 2010, approved again in 2017)",Gemtuzumab,TAR0OVWVF,Myeloid cell surface antigen CD33 (CD33),PAY0RZSDY,N-acetyl-gamma-calicheamicin,PAY0RZSDY,Human deoxyribonucleic acid (hDNA),DNA-damaging,AcButDMH,ADCC004881,Half Maximal Inhibitory Concentration (IC50),1,=,30,30.0,pM,1,EoL-1 cells,Chronic eosinophilic leukemia,https://adcdb.idrblab.net/data/adc/details/DRG0JOHND,data/raw/adcdb_idrblab/adc_details/DRG0JOHND.html
DRG0JOHND,Gemtuzumab ozogamicin,"Approved in 2000 (withdrawn in 2010, approved again in 2017)",Gemtuzumab,TAR0OVWVF,Myeloid cell surface antigen CD33 (CD33),PAY0RZSDY,N-acetyl-gamma-calicheamicin,PAY0RZSDY,Human deoxyribonucleic acid (hDNA),DNA-damaging,AcButDMH,ADCC004879,Half Maximal Inhibitory Concentration (IC50),1,=,30,30.0,pM,1,MOLM-13 cells,Adult acute myeloid leukemia,https://adcdb.idrblab.net/data/adc/details/DRG0JOHND,data/raw/adcdb_idrblab/adc_details/DRG0JOHND.html
DRG0JOHND,Gemtuzumab ozogamicin,"Approved in 2000 (withdrawn in 2010, approved again in 2017)",Gemtuzumab,TAR0OVWVF,Myeloid cell surface antigen CD33 (CD33),PAY0RZSDY,N-acetyl-gamma-calicheamicin,PAY0RZSDY,Human deoxyribonucleic acid (hDNA),DNA-damaging,AcButDMH,ADCC004875,Half Maximal Inhibitory Concentration (IC50),1,=,40,40.0,pM,1,SKNO-1 cells,Adult acute myeloid leukemia,https://adcdb.idrblab.net/data/adc/details/DRG0JOHND,data/raw/adcdb_idrblab/adc_details/DRG0JOHND.html
DRG0JOHND,Gemtuzumab ozogamicin,"Approved in 2000 (withdrawn in 2010, approved again in 2017)",Gemtuzumab,TAR0OVWVF,Myeloid cell surface antigen CD33 (CD33),PAY0RZSDY,N-acetyl-gamma-calicheamicin,PAY0RZSDY,Human deoxyribonucleic acid (hDNA),DNA-damaging,AcButDMH,ADCC004872,Half Maximal Inhibitory Concentration (IC50),1,=,70,70.0,pM,1,MV4-11 cells,Childhood acute monocytic leukemia,https://adcdb.idrblab.net/data/adc/details/DRG0JOHND,data/raw/adcdb_idrblab/adc_details/DRG0JOHND.html
DRG0JOHND,Gemtuzumab ozogamicin,"Approved in 2000 (withdrawn in 2010, approved again in 2017)",Gemtuzumab,TAR0OVWVF,Myeloid cell surface antigen CD33 (CD33),PAY0RZSDY,N-acetyl-gamma-calicheamicin,PAY0RZSDY,Human deoxyribonucleic acid (hDNA),DNA-damaging,AcButDMH,ADCC004884,Half Maximal Inhibitory Concentration (IC50),1,=,90,90.0,pM,1,OCI-AML-1 cells,Adult acute myeloid leukemia,https://adcdb.idrblab.net/data/adc/details/DRG0JOHND,data/raw/adcdb_idrblab/adc_details/DRG0JOHND.html
DRG0JOHND,Gemtuzumab ozogamicin,"Approved in 2000 (withdrawn in 2010, approved again in 2017)",Gemtuzumab,TAR0OVWVF,Myeloid cell surface antigen CD33 (CD33),PAY0RZSDY,N-acetyl-gamma-calicheamicin,PAY0RZSDY,Human deoxyribonucleic acid (hDNA),DNA-damaging,AcButDMH,ADCC004874,Half Maximal Inhibitory Concentration (IC50),1,=,90,90.0,pM,1,HL-60 cells,Adult acute myeloid leukemia,https://adcdb.idrblab.net/data/adc/details/DRG0JOHND,data/raw/adcdb_idrblab/adc_details/DRG0JOHND.html
DRG0JOHND,Gemtuzumab ozogamicin,"Approved in 2000 (withdrawn in 2010, approved again in 2017)",Gemtuzumab,TAR0OVWVF,Myeloid cell surface antigen CD33 (CD33),PAY0RZSDY,N-acetyl-gamma-calicheamicin,PAY0RZSDY,Human deoxyribonucleic acid (hDNA),DNA-damaging,AcButDMH,ADCC004937,Half Maximal Inhibitory Concentration (IC50),1,=,0.1,0.1,nM,1,Kasumi-6 cells,Acute myeloid leukemia,https://adcdb.idrblab.net/data/adc/details/DRG0JOHND,data/raw/adcdb_idrblab/adc_details/DRG0JOHND.html
DRG0JOHND,Gemtuzumab ozogamicin,"Approved in 2000 (withdrawn in 2010, approved again in 2017)",Gemtuzumab,TAR0OVWVF,Myeloid cell surface antigen CD33 (CD33),PAY0RZSDY,N-acetyl-gamma-calicheamicin,PAY0RZSDY,Human deoxyribonucleic acid (hDNA),DNA-damaging,AcButDMH,ADCC004936,Half Maximal Inhibitory Concentration (IC50),1,=,0.1,0.1,nM,1,AML-193 cells,Acute myeloid leukemia,https://adcdb.idrblab.net/data/adc/details/DRG0JOHND,data/raw/adcdb_idrblab/adc_details/DRG0JOHND.html
DRG0JOHND,Gemtuzumab ozogamicin,"Approved in 2000 (withdrawn in 2010, approved again in 2017)",Gemtuzumab,TAR0OVWVF,Myeloid cell surface antigen CD33 (CD33),PAY0RZSDY,N-acetyl-gamma-calicheamicin,PAY0RZSDY,Human deoxyribonucleic acid (hDNA),DNA-damaging,AcButDMH,ADCC004878,Half Maximal Inhibitory Concentration (IC50),1,=,0.1,0.1,nM,1,OCI-AML-4 cells,Acute myeloid leukemia,https://adcdb.idrblab.net/data/adc/details/DRG0JOHND,data/raw/adcdb_idrblab/adc_details/DRG0JOHND.html
DRG0JOHND,Gemtuzumab ozogamicin,"Approved in 2000 (withdrawn in 2010, approved again in 2017)",Gemtuzumab,TAR0OVWVF,Myeloid cell surface antigen CD33 (CD33),PAY0RZSDY,N-acetyl-gamma-calicheamicin,PAY0RZSDY,Human deoxyribonucleic acid (hDNA),DNA-damaging,AcButDMH,ADCC004925,Half Maximal Inhibitory Concentration (IC50),1,>,> 0.41,0.41,nM,1,KOPN-8 cells,Leukemia,https://adcdb.idrblab.net/data/adc/details/DRG0JOHND,data/raw/adcdb_idrblab/adc_details/DRG0JOHND.html
DRG0JOHND,Gemtuzumab ozogamicin,"Approved in 2000 (withdrawn in 2010, approved again in 2017)",Gemtuzumab,TAR0OVWVF,Myeloid cell surface antigen CD33 (CD33),PAY0RZSDY,N-acetyl-gamma-calicheamicin,PAY0RZSDY,Human deoxyribonucleic acid (hDNA),DNA-damaging,AcButDMH,ADCC004914,Half Maximal Inhibitory Concentration (IC50),1,=,0.43,0.43,nM,1,MOLT-4 cells,Adult T acute lymphoblastic leukemia,https://adcdb.idrblab.net/data/adc/details/DRG0JOHND,data/raw/adcdb_idrblab/adc_details/DRG0JOHND.html
DRG0JOHND,Gemtuzumab ozogamicin,"Approved in 2000 (withdrawn in 2010, approved again in 2017)",Gemtuzumab,TAR0OVWVF,Myeloid cell surface antigen CD33 (CD33),PAY0RZSDY,N-acetyl-gamma-calicheamicin,PAY0RZSDY,Human deoxyribonucleic acid (hDNA),DNA-damaging,AcButDMH,ADCC004924,Half Maximal Inhibitory Concentration (IC50),1,=,0.45,0.45,nM,1,SKM-1 cells,Acute myeloid leukemia,https://adcdb.idrblab.net/data/adc/details/DRG0JOHND,data/raw/adcdb_idrblab/adc_details/DRG0JOHND.html
DRG0JOHND,Gemtuzumab ozogamicin,"Approved in 2000 (withdrawn in 2010, approved again in 2017)",Gemtuzumab,TAR0OVWVF,Myeloid cell surface antigen CD33 (CD33),PAY0RZSDY,N-acetyl-gamma-calicheamicin,PAY0RZSDY,Human deoxyribonucleic acid (hDNA),DNA-damaging,AcButDMH,ADCC004882,Half Maximal Inhibitory Concentration (IC50),1,=,0.52,0.52,nM,1,HNT-34 cells,Acute myeloid leukemia,https://adcdb.idrblab.net/data/adc/details/DRG0JOHND,data/raw/adcdb_idrblab/adc_details/DRG0JOHND.html
DRG0JOHND,Gemtuzumab ozogamicin,"Approved in 2000 (withdrawn in 2010, approved again in 2017)",Gemtuzumab,TAR0OVWVF,Myeloid cell surface antigen CD33 (CD33),PAY0RZSDY,N-acetyl-gamma-calicheamicin,PAY0RZSDY,Human deoxyribonucleic acid (hDNA),DNA-damaging,AcButDMH,ADCC004910,Half Maximal Inhibitory Concentration (IC50),1,=,0.56,0.56,nM,1,RS4 11 cells,Adult B acute lymphoblastic leukemia,https://adcdb.idrblab.net/data/adc/details/DRG0JOHND,data/raw/adcdb_idrblab/adc_details/DRG0JOHND.html
DRG0JOHND,Gemtuzumab ozogamicin,"Approved in 2000 (withdrawn in 2010, approved again in 2017)",Gemtuzumab,TAR0OVWVF,Myeloid cell surface antigen CD33 (CD33),PAY0RZSDY,N-acetyl-gamma-calicheamicin,PAY0RZSDY,Human deoxyribonucleic acid (hDNA),DNA-damaging,AcButDMH,ADCC004916,Half Maximal Inhibitory Concentration (IC50),1,=,0.58,0.58,nM,1,Reh cells,B acute lymphoblastic leukemia,https://adcdb.idrblab.net/data/adc/details/DRG0JOHND,data/raw/adcdb_idrblab/adc_details/DRG0JOHND.html
DRG0JOHND,Gemtuzumab ozogamicin,"Approved in 2000 (withdrawn in 2010, approved again in 2017)",Gemtuzumab,TAR0OVWVF,Myeloid cell surface antigen CD33 (CD33),PAY0RZSDY,N-acetyl-gamma-calicheamicin,PAY0RZSDY,Human deoxyribonucleic acid (hDNA),DNA-damaging,AcButDMH,ADCC004915,Half Maximal Inhibitory Concentration (IC50),1,=,1.47,1.47,nM,1,LC4-1 cells,B acute lymphoblastic leukemia,https://adcdb.idrblab.net/data/adc/details/DRG0JOHND,data/raw/adcdb_idrblab/adc_details/DRG0JOHND.html
DRG0JOHND,Gemtuzumab ozogamicin,"Approved in 2000 (withdrawn in 2010, approved again in 2017)",Gemtuzumab,TAR0OVWVF,Myeloid cell surface antigen CD33 (CD33),PAY0RZSDY,N-acetyl-gamma-calicheamicin,PAY0RZSDY,Human deoxyribonucleic acid (hDNA),DNA-damaging,AcButDMH,ADCC004920,Half Maximal Inhibitory Concentration (IC50),1,=,1.78,1.78,nM,1,SUP-B15 cells,B-lymphoblastic leukemia,https://adcdb.idrblab.net/data/adc/details/DRG0JOHND,data/raw/adcdb_idrblab/adc_details/DRG0JOHND.html
DRG0JOHND,Gemtuzumab ozogamicin,"Approved in 2000 (withdrawn in 2010, approved again in 2017)",Gemtuzumab,TAR0OVWVF,Myeloid cell surface antigen CD33 (CD33),PAY0RZSDY,N-acetyl-gamma-calicheamicin,PAY0RZSDY,Human deoxyribonucleic acid (hDNA),DNA-damaging,AcButDMH,ADCC004922,Half Maximal Inhibitory Concentration (IC50),1,=,2.57,2.57,nM,1,THP-1 cells,Childhood acute monocytic leukemia,https://adcdb.idrblab.net/data/adc/details/DRG0JOHND,data/raw/adcdb_idrblab/adc_details/DRG0JOHND.html
DRG0JOHND,Gemtuzumab ozogamicin,"Approved in 2000 (withdrawn in 2010, approved again in 2017)",Gemtuzumab,TAR0OVWVF,Myeloid cell surface antigen CD33 (CD33),PAY0RZSDY,N-acetyl-gamma-calicheamicin,PAY0RZSDY,Human deoxyribonucleic acid (hDNA),DNA-damaging,AcButDMH,ADCC004912,Half Maximal Inhibitory Concentration (IC50),1,=,2.92,2.92,nM,1,TALL-1 cells,T acute lymphoblastic leukemia,https://adcdb.idrblab.net/data/adc/details/DRG0JOHND,data/raw/adcdb_idrblab/adc_details/DRG0JOHND.html
DRG0JOHND,Gemtuzumab ozogamicin,"Approved in 2000 (withdrawn in 2010, approved again in 2017)",Gemtuzumab,TAR0OVWVF,Myeloid cell surface antigen CD33 (CD33),PAY0RZSDY,N-acetyl-gamma-calicheamicin,PAY0RZSDY,Human deoxyribonucleic acid (hDNA),DNA-damaging,AcButDMH,ADCC004917,Half Maximal Inhibitory Concentration (IC50),1,=,3.31,3.31,nM,1,LOUCY cells,Adult T acute lymphoblastic leukemia,https://adcdb.idrblab.net/data/adc/details/DRG0JOHND,data/raw/adcdb_idrblab/adc_details/DRG0JOHND.html
DRG0JOHND,Gemtuzumab ozogamicin,"Approved in 2000 (withdrawn in 2010, approved again in 2017)",Gemtuzumab,TAR0OVWVF,Myeloid cell surface antigen CD33 (CD33),PAY0RZSDY,N-acetyl-gamma-calicheamicin,PAY0RZSDY,Human deoxyribonucleic acid (hDNA),DNA-damaging,AcButDMH,ADCC004913,Half Maximal Inhibitory Concentration (IC50),1,=,8.02,8.02,nM,1,NALM-16 cells,Childhood B acute lymphoblastic leukemia,https://adcdb.idrblab.net/data/adc/details/DRG0JOHND,data/raw/adcdb_idrblab/adc_details/DRG0JOHND.html
DRG0JOHND,Gemtuzumab ozogamicin,"Approved in 2000 (withdrawn in 2010, approved again in 2017)",Gemtuzumab,TAR0OVWVF,Myeloid cell surface antigen CD33 (CD33),PAY0RZSDY,N-acetyl-gamma-calicheamicin,PAY0RZSDY,Human deoxyribonucleic acid (hDNA),DNA-damaging,AcButDMH,ADCC004918,Half Maximal Inhibitory Concentration (IC50),1,=,8.03,8.03,nM,1,ATN-1 cells,T acute lymphoblastic leukemia,https://adcdb.idrblab.net/data/adc/details/DRG0JOHND,data/raw/adcdb_idrblab/adc_details/DRG0JOHND.html
DRG0JOHND,Gemtuzumab ozogamicin,"Approved in 2000 (withdrawn in 2010, approved again in 2017)",Gemtuzumab,TAR0OVWVF,Myeloid cell surface antigen CD33 (CD33),PAY0RZSDY,N-acetyl-gamma-calicheamicin,PAY0RZSDY,Human deoxyribonucleic acid (hDNA),DNA-damaging,AcButDMH,ADCC004911,Half Maximal Inhibitory Concentration (IC50),1,=,8.56,8.56,nM,1,CCRF-CEM cells,T acute lymphoblastic leukemia,https://adcdb.idrblab.net/data/adc/details/DRG0JOHND,data/raw/adcdb_idrblab/adc_details/DRG0JOHND.html
DRG0JOHND,Gemtuzumab ozogamicin,"Approved in 2000 (withdrawn in 2010, approved again in 2017)",Gemtuzumab,TAR0OVWVF,Myeloid cell surface antigen CD33 (CD33),PAY0RZSDY,N-acetyl-gamma-calicheamicin,PAY0RZSDY,Human deoxyribonucleic acid (hDNA),DNA-damaging,AcButDMH,ADCC004919,Half Maximal Inhibitory Concentration (IC50),1,=,8.61,8.61,nM,1,SUP-T1 cells,T lymphoblastic lymphoma,https://adcdb.idrblab.net/data/adc/details/DRG0JOHND,data/raw/adcdb_idrblab/adc_details/DRG0JOHND.html
DRG0JOHND,Gemtuzumab ozogamicin,"Approved in 2000 (withdrawn in 2010, approved again in 2017)",Gemtuzumab,TAR0OVWVF,Myeloid cell surface antigen CD33 (CD33),PAY0RZSDY,N-acetyl-gamma-calicheamicin,PAY0RZSDY,Human deoxyribonucleic acid (hDNA),DNA-damaging,AcButDMH,ADCC004923,Half Maximal Inhibitory Concentration (IC50),1,=,8.91,8.91,nM,1,ARH-77 cells,Leukemia,https://adcdb.idrblab.net/data/adc/details/DRG0JOHND,data/raw/adcdb_idrblab/adc_details/DRG0JOHND.html
DRG0JOHND,Gemtuzumab ozogamicin,"Approved in 2000 (withdrawn in 2010, approved again in 2017)",Gemtuzumab,TAR0OVWVF,Myeloid cell surface antigen CD33 (CD33),PAY0RZSDY,N-acetyl-gamma-calicheamicin,PAY0RZSDY,Human deoxyribonucleic acid (hDNA),DNA-damaging,AcButDMH,ADCC004921,Half Maximal Inhibitory Concentration (IC50),1,=,10.2,10.2,nM,1,Jurkat E6.1 cells,Leukemia,https://adcdb.idrblab.net/data/adc/details/DRG0JOHND,data/raw/adcdb_idrblab/adc_details/DRG0JOHND.html
DRG0JOHND,Gemtuzumab ozogamicin,"Approved in 2000 (withdrawn in 2010, approved again in 2017)",Gemtuzumab,TAR0OVWVF,Myeloid cell surface antigen CD33 (CD33),PAY0RZSDY,N-acetyl-gamma-calicheamicin,PAY0RZSDY,Human deoxyribonucleic acid (hDNA),DNA-damaging,AcButDMH,ADCC004929,Half Maximal Inhibitory Concentration (IC50),1,>,> 20,20.0,nM,1,GDM-1 cells,Acute myeloid leukemia,https://adcdb.idrblab.net/data/adc/details/DRG0JOHND,data/raw/adcdb_idrblab/adc_details/DRG0JOHND.html
DRG0JOHND,Gemtuzumab ozogamicin,"Approved in 2000 (withdrawn in 2010, approved again in 2017)",Gemtuzumab,TAR0OVWVF,Myeloid cell surface antigen CD33 (CD33),PAY0RZSDY,N-acetyl-gamma-calicheamicin,PAY0RZSDY,Human deoxyribonucleic acid (hDNA),DNA-damaging,AcButDMH,ADCC004928,Half Maximal Inhibitory Concentration (IC50),1,>,> 20,20.0,nM,1,TF-1a cells,Acute erythroid leukemia,https://adcdb.idrblab.net/data/adc/details/DRG0JOHND,data/raw/adcdb_idrblab/adc_details/DRG0JOHND.html
DRG0JOHND,Gemtuzumab ozogamicin,"Approved in 2000 (withdrawn in 2010, approved again in 2017)",Gemtuzumab,TAR0OVWVF,Myeloid cell surface antigen CD33 (CD33),PAY0RZSDY,N-acetyl-gamma-calicheamicin,PAY0RZSDY,Human deoxyribonucleic acid (hDNA),DNA-damaging,AcButDMH,ADCC004927,Half Maximal Inhibitory Concentration (IC50),1,>,> 20,20.0,nM,1,KU812 cells,Chronic myeloid leukemia,https://adcdb.idrblab.net/data/adc/details/DRG0JOHND,data/raw/adcdb_idrblab/adc_details/DRG0JOHND.html
DRG0JOHND,Gemtuzumab ozogamicin,"Approved in 2000 (withdrawn in 2010, approved again in 2017)",Gemtuzumab,TAR0OVWVF,Myeloid cell surface antigen CD33 (CD33),PAY0RZSDY,N-acetyl-gamma-calicheamicin,PAY0RZSDY,Human deoxyribonucleic acid (hDNA),DNA-damaging,AcButDMH,ADCC004926,Half Maximal Inhibitory Concentration (IC50),1,>,> 20,20.0,nM,1,CMK-11-5 cells,Acute megakaryoblastic leukemia,https://adcdb.idrblab.net/data/adc/details/DRG0JOHND,data/raw/adcdb_idrblab/adc_details/DRG0JOHND.html
DRG0JOHND,Gemtuzumab ozogamicin,"Approved in 2000 (withdrawn in 2010, approved again in 2017)",Gemtuzumab,TAR0OVWVF,Myeloid cell surface antigen CD33 (CD33),PAY0RZSDY,N-acetyl-gamma-calicheamicin,PAY0RZSDY,Human deoxyribonucleic acid (hDNA),DNA-damaging,AcButDMH,ADCC004889,Half Maximal Inhibitory Concentration (IC50),1,>,> 20,20.0,nM,1,PLB-985 cells,Adult acute myeloid leukemia,https://adcdb.idrblab.net/data/adc/details/DRG0JOHND,data/raw/adcdb_idrblab/adc_details/DRG0JOHND.html
DRG0JOHND,Gemtuzumab ozogamicin,"Approved in 2000 (withdrawn in 2010, approved again in 2017)",Gemtuzumab,TAR0OVWVF,Myeloid cell surface antigen CD33 (CD33),PAY0RZSDY,N-acetyl-gamma-calicheamicin,PAY0RZSDY,Human deoxyribonucleic acid (hDNA),DNA-damaging,AcButDMH,ADCC004888,Half Maximal Inhibitory Concentration (IC50),1,>,> 20,20.0,nM,1,OCI-M1 cells,Acute myeloid leukemia,https://adcdb.idrblab.net/data/adc/details/DRG0JOHND,data/raw/adcdb_idrblab/adc_details/DRG0JOHND.html
DRG0JOHND,Gemtuzumab ozogamicin,"Approved in 2000 (withdrawn in 2010, approved again in 2017)",Gemtuzumab,TAR0OVWVF,Myeloid cell surface antigen CD33 (CD33),PAY0RZSDY,N-acetyl-gamma-calicheamicin,PAY0RZSDY,Human deoxyribonucleic acid (hDNA),DNA-damaging,AcButDMH,ADCC004887,Half Maximal Inhibitory Concentration (IC50),1,>,> 20,20.0,nM,1,Kasumi-1 cells,Myeloid leukemia with maturation,https://adcdb.idrblab.net/data/adc/details/DRG0JOHND,data/raw/adcdb_idrblab/adc_details/DRG0JOHND.html
DRG0JOHND,Gemtuzumab ozogamicin,"Approved in 2000 (withdrawn in 2010, approved again in 2017)",Gemtuzumab,TAR0OVWVF,Myeloid cell surface antigen CD33 (CD33),PAY0RZSDY,N-acetyl-gamma-calicheamicin,PAY0RZSDY,Human deoxyribonucleic acid (hDNA),DNA-damaging,AcButDMH,ADCC004886,Half Maximal Inhibitory Concentration (IC50),1,>,> 20,20.0,nM,1,NOMO-1 cells,Acute monocytic leukemia,https://adcdb.idrblab.net/data/adc/details/DRG0JOHND,data/raw/adcdb_idrblab/adc_details/DRG0JOHND.html
DRG0JOHND,Gemtuzumab ozogamicin,"Approved in 2000 (withdrawn in 2010, approved again in 2017)",Gemtuzumab,TAR0OVWVF,Myeloid cell surface antigen CD33 (CD33),PAY0RZSDY,N-acetyl-gamma-calicheamicin,PAY0RZSDY,Human deoxyribonucleic acid (hDNA),DNA-damaging,AcButDMH,ADCC004885,Half Maximal Inhibitory Concentration (IC50),1,>,> 20,20.0,nM,1,KG-1a cells,Leukemia,https://adcdb.idrblab.net/data/adc/details/DRG0JOHND,data/raw/adcdb_idrblab/adc_details/DRG0JOHND.html
DRG0JOHND,Gemtuzumab ozogamicin,"Approved in 2000 (withdrawn in 2010, approved again in 2017)",Gemtuzumab,TAR0OVWVF,Myeloid cell surface antigen CD33 (CD33),PAY0RZSDY,N-acetyl-gamma-calicheamicin,PAY0RZSDY,Human deoxyribonucleic acid (hDNA),DNA-damaging,AcButDMH,ADCC004883,Half Maximal Inhibitory Concentration (IC50),1,>,> 20,20.0,nM,1,Kasumi-3 cells,Adult acute myeloid leukemia,https://adcdb.idrblab.net/data/adc/details/DRG0JOHND,data/raw/adcdb_idrblab/adc_details/DRG0JOHND.html
DRG0JOHND,Gemtuzumab ozogamicin,"Approved in 2000 (withdrawn in 2010, approved again in 2017)",Gemtuzumab,TAR0OVWVF,Myeloid cell surface antigen CD33 (CD33),PAY0RZSDY,N-acetyl-gamma-calicheamicin,PAY0RZSDY,Human deoxyribonucleic acid (hDNA),DNA-damaging,AcButDMH,ADCC004880,Half Maximal Inhibitory Concentration (IC50),1,>,> 20,20.0,nM,1,AML-193 cells,Acute myeloid leukemia,https://adcdb.idrblab.net/data/adc/details/DRG0JOHND,data/raw/adcdb_idrblab/adc_details/DRG0JOHND.html
DRG0JOHND,Gemtuzumab ozogamicin,"Approved in 2000 (withdrawn in 2010, approved again in 2017)",Gemtuzumab,TAR0OVWVF,Myeloid cell surface antigen CD33 (CD33),PAY0RZSDY,N-acetyl-gamma-calicheamicin,PAY0RZSDY,Human deoxyribonucleic acid (hDNA),DNA-damaging,AcButDMH,ADCC004877,Half Maximal Inhibitory Concentration (IC50),1,>,> 20,20.0,nM,1,Kasumi-6 cells,Acute myeloid leukemia,https://adcdb.idrblab.net/data/adc/details/DRG0JOHND,data/raw/adcdb_idrblab/adc_details/DRG0JOHND.html
DRG0JOHND,Gemtuzumab ozogamicin,"Approved in 2000 (withdrawn in 2010, approved again in 2017)",Gemtuzumab,TAR0OVWVF,Myeloid cell surface antigen CD33 (CD33),PAY0RZSDY,N-acetyl-gamma-calicheamicin,PAY0RZSDY,Human deoxyribonucleic acid (hDNA),DNA-damaging,AcButDMH,ADCC004876,Half Maximal Inhibitory Concentration (IC50),1,>,> 20,20.0,nM,1,F-36P cells,Myelodysplastic syndrome,https://adcdb.idrblab.net/data/adc/details/DRG0JOHND,data/raw/adcdb_idrblab/adc_details/DRG0JOHND.html
DRG0JTAOC,NBT062-SMCC-DM1,Investigative,Indatuximab,TAR0SERWS,Syndecan-1 (SDC1),PAY0JCIBW,Mertansine DM1,PAY0JCIBW,Microtubule (MT),microtubule-disrupting,Succinimidyl-4-(N-maleimidomethyl)cyclohexane-1-carboxylate (SMCC),ADCC003884,Half Maximal Inhibitory Concentration (IC50),1,=,0.1,0.1,nM,1,MOLP-8 cells,Plasma cell myeloma,https://adcdb.idrblab.net/data/adc/details/DRG0JTAOC,data/raw/adcdb_idrblab/adc_details/DRG0JTAOC.html
DRG0JTAOC,NBT062-SMCC-DM1,Investigative,Indatuximab,TAR0SERWS,Syndecan-1 (SDC1),PAY0JCIBW,Mertansine DM1,PAY0JCIBW,Microtubule (MT),microtubule-disrupting,Succinimidyl-4-(N-maleimidomethyl)cyclohexane-1-carboxylate (SMCC),ADCC003887,Half Maximal Inhibitory Concentration (IC50),1,>,> 100,100.0,nM,1,BJAB cells,Burkitt lymphoma,https://adcdb.idrblab.net/data/adc/details/DRG0JTAOC,data/raw/adcdb_idrblab/adc_details/DRG0JTAOC.html
DRG0JWBNH,Brentuximab vedotin,Approved in 2011,Brentuximab,TAR0QPCSQ,Tumor necrosis factor receptor superfamily member 8 (TNFRSF8),PAY0FSXOW,Monomethyl auristatin E,PAY0FSXOW,Microtubule (MT),microtubule-disrupting,Mc-Val-Cit-PABC,ADCC000295,Half Maximal Inhibitory Concentration (IC50),1,=,1.9,1.9,pM,1,Karpas-299 cells,ALK-positive anaplastic large cell lymphoma,https://adcdb.idrblab.net/data/adc/details/DRG0JWBNH,data/raw/adcdb_idrblab/adc_details/DRG0JWBNH.html
DRG0JWBNH,Brentuximab vedotin,Approved in 2011,Brentuximab,TAR0QPCSQ,Tumor necrosis factor receptor superfamily member 8 (TNFRSF8),PAY0FSXOW,Monomethyl auristatin E,PAY0FSXOW,Microtubule (MT),microtubule-disrupting,Mc-Val-Cit-PABC,ADCC000297,Half Maximal Inhibitory Concentration (IC50),1,=,6.7,6.7,pM,1,L-540 cells,Hodgkin lymphoma,https://adcdb.idrblab.net/data/adc/details/DRG0JWBNH,data/raw/adcdb_idrblab/adc_details/DRG0JWBNH.html
DRG0JWBNH,Brentuximab vedotin,Approved in 2011,Brentuximab,TAR0QPCSQ,Tumor necrosis factor receptor superfamily member 8 (TNFRSF8),PAY0FSXOW,Monomethyl auristatin E,PAY0FSXOW,Microtubule (MT),microtubule-disrupting,Mc-Val-Cit-PABC,ADCC000298,Half Maximal Inhibitory Concentration (IC50),1,=,14.2,14.2,pM,1,HL-60 cells,Adult acute myeloid leukemia,https://adcdb.idrblab.net/data/adc/details/DRG0JWBNH,data/raw/adcdb_idrblab/adc_details/DRG0JWBNH.html
DRG0JWBNH,Brentuximab vedotin,Approved in 2011,Brentuximab,TAR0QPCSQ,Tumor necrosis factor receptor superfamily member 8 (TNFRSF8),PAY0FSXOW,Monomethyl auristatin E,PAY0FSXOW,Microtubule (MT),microtubule-disrupting,Mc-Val-Cit-PABC,ADCC000296,Half Maximal Inhibitory Concentration (IC50),1,=,14.5,14.5,pM,1,SU-DHL-1 cells,Anaplastic large cell lymphoma,https://adcdb.idrblab.net/data/adc/details/DRG0JWBNH,data/raw/adcdb_idrblab/adc_details/DRG0JWBNH.html
DRG0JWBNH,Brentuximab vedotin,Approved in 2011,Brentuximab,TAR0QPCSQ,Tumor necrosis factor receptor superfamily member 8 (TNFRSF8),PAY0FSXOW,Monomethyl auristatin E,PAY0FSXOW,Microtubule (MT),microtubule-disrupting,Mc-Val-Cit-PABC,ADCC000399,Half Maximal Inhibitory Concentration (IC50),1,=,4.5,4.5,ng/mL,0,Karpas-299 cells,ALK-positive anaplastic large cell lymphoma,https://adcdb.idrblab.net/data/adc/details/DRG0JWBNH,data/raw/adcdb_idrblab/adc_details/DRG0JWBNH.html
DRG0JWBNH,Brentuximab vedotin,Approved in 2011,Brentuximab,TAR0QPCSQ,Tumor necrosis factor receptor superfamily member 8 (TNFRSF8),PAY0FSXOW,Monomethyl auristatin E,PAY0FSXOW,Microtubule (MT),microtubule-disrupting,Mc-Val-Cit-PABC,ADCC000401,Half Maximal Inhibitory Concentration (IC50),1,=,6,6.0,ng/mL,0,CESS cells,Adult acute myeloid leukemia,https://adcdb.idrblab.net/data/adc/details/DRG0JWBNH,data/raw/adcdb_idrblab/adc_details/DRG0JWBNH.html
DRG0JWBNH,Brentuximab vedotin,Approved in 2011,Brentuximab,TAR0QPCSQ,Tumor necrosis factor receptor superfamily member 8 (TNFRSF8),PAY0FSXOW,Monomethyl auristatin E,PAY0FSXOW,Microtubule (MT),microtubule-disrupting,Mc-Val-Cit-PABC,ADCC000400,Half Maximal Inhibitory Concentration (IC50),1,=,63,63.0,ng/mL,0,L540cy cells,Hodgkin's disease,https://adcdb.idrblab.net/data/adc/details/DRG0JWBNH,data/raw/adcdb_idrblab/adc_details/DRG0JWBNH.html
DRG0JWBNH,Brentuximab vedotin,Approved in 2011,Brentuximab,TAR0QPCSQ,Tumor necrosis factor receptor superfamily member 8 (TNFRSF8),PAY0FSXOW,Monomethyl auristatin E,PAY0FSXOW,Microtubule (MT),microtubule-disrupting,Mc-Val-Cit-PABC,ADCC000402,Half Maximal Inhibitory Concentration (IC50),1,=,90,90.0,ng/mL,0,KM-H2 cells,Hodgkin lymphoma,https://adcdb.idrblab.net/data/adc/details/DRG0JWBNH,data/raw/adcdb_idrblab/adc_details/DRG0JWBNH.html
DRG0JWBNH,Brentuximab vedotin,Approved in 2011,Brentuximab,TAR0QPCSQ,Tumor necrosis factor receptor superfamily member 8 (TNFRSF8),PAY0FSXOW,Monomethyl auristatin E,PAY0FSXOW,Microtubule (MT),microtubule-disrupting,Mc-Val-Cit-PABC,ADCC000301,Half Maximal Inhibitory Concentration (IC50),1,=,219.5,219.5,ng/mL,0,GCT 27 cells,Testicular teratoma,https://adcdb.idrblab.net/data/adc/details/DRG0JWBNH,data/raw/adcdb_idrblab/adc_details/DRG0JWBNH.html
DRG0JWBNH,Brentuximab vedotin,Approved in 2011,Brentuximab,TAR0QPCSQ,Tumor necrosis factor receptor superfamily member 8 (TNFRSF8),PAY0FSXOW,Monomethyl auristatin E,PAY0FSXOW,Microtubule (MT),microtubule-disrupting,Mc-Val-Cit-PABC,ADCC000303,Half Maximal Inhibitory Concentration (IC50),1,=,1013,1013.0,ng/mL,0,JAR cells,Gestational choriocarcinoma,https://adcdb.idrblab.net/data/adc/details/DRG0JWBNH,data/raw/adcdb_idrblab/adc_details/DRG0JWBNH.html
DRG0JWBNH,Brentuximab vedotin,Approved in 2011,Brentuximab,TAR0QPCSQ,Tumor necrosis factor receptor superfamily member 8 (TNFRSF8),PAY0FSXOW,Monomethyl auristatin E,PAY0FSXOW,Microtubule (MT),microtubule-disrupting,Mc-Val-Cit-PABC,ADCC000302,Half Maximal Inhibitory Concentration (IC50),1,=,1400.8,1400.8,ng/mL,0,NCC-IT cells,Testicular embryonal carcinoma,https://adcdb.idrblab.net/data/adc/details/DRG0JWBNH,data/raw/adcdb_idrblab/adc_details/DRG0JWBNH.html
DRG0JWBNH,Brentuximab vedotin,Approved in 2011,Brentuximab,TAR0QPCSQ,Tumor necrosis factor receptor superfamily member 8 (TNFRSF8),PAY0FSXOW,Monomethyl auristatin E,PAY0FSXOW,Microtubule (MT),microtubule-disrupting,Mc-Val-Cit-PABC,ADCC000300,Half Maximal Inhibitory Concentration (IC50),1,=,3300.00 1.30 9.90,3300.0,ng/mL ng/mL ng/mL,0,Karpas-299 cells WSU-NHL cells L540cy cells,ALK-positive anaplastic large cell lymphoma Diffuse large B-cell lymphoma Hodgkin's disease,https://adcdb.idrblab.net/data/adc/details/DRG0JWBNH,data/raw/adcdb_idrblab/adc_details/DRG0JWBNH.html
DRG0JWSPU,T-PBA,Investigative,Trastuzumab,TAR0THKZD,Receptor tyrosine-protein kinase erbB-2 (HER2),PAY0QKJME,PBD-based payload 37b3,PAY0QKJME,Human Deoxyribonucleic acid (hDNA),DNA-damaging,Mc-Val-Ala,ADCC006551,Half Maximal Inhibitory Concentration (IC50),1,=,5.4,5.4,nM,1,SK-OV-3 cells,Ovarian serous cystadenocarcinoma,https://adcdb.idrblab.net/data/adc/details/DRG0JWSPU,data/raw/adcdb_idrblab/adc_details/DRG0JWSPU.html
DRG0JWSPU,T-PBA,Investigative,Trastuzumab,TAR0THKZD,Receptor tyrosine-protein kinase erbB-2 (HER2),PAY0QKJME,PBD-based payload 37b3,PAY0QKJME,Human Deoxyribonucleic acid (hDNA),DNA-damaging,Mc-Val-Ala,ADCC006552,Half Maximal Inhibitory Concentration (IC50),1,=,56.1,56.1,nM,1,NCI-N87 cells,Gastric tubular adenocarcinoma,https://adcdb.idrblab.net/data/adc/details/DRG0JWSPU,data/raw/adcdb_idrblab/adc_details/DRG0JWSPU.html
DRG0JWSPU,T-PBA,Investigative,Trastuzumab,TAR0THKZD,Receptor tyrosine-protein kinase erbB-2 (HER2),PAY0QKJME,PBD-based payload 37b3,PAY0QKJME,Human Deoxyribonucleic acid (hDNA),DNA-damaging,Mc-Val-Ala,ADCC006553,Half Maximal Inhibitory Concentration (IC50),1,=,344.6,344.6,nM,1,MDA-MB-231 cells,Breast adenocarcinoma,https://adcdb.idrblab.net/data/adc/details/DRG0JWSPU,data/raw/adcdb_idrblab/adc_details/DRG0JWSPU.html
DRG0KONEC,FOLR1-Mal-PEG2-Eribulin,Investigative,Farletuzumab,TAR0QHAVI,Folate receptor alpha (FOLR1),PAY0JAEKD,Eribulin,PAY0JAEKD,Microtubule (MT),microtubule-disrupting,Mal-PEG2,ADCC006281,Half Maximal Inhibitory Concentration (IC50),1,=,0.33,0.33,nM,1,IGROV-1 cells,Ovarian endometrioid adenocarcinoma,https://adcdb.idrblab.net/data/adc/details/DRG0KONEC,data/raw/adcdb_idrblab/adc_details/DRG0KONEC.html
DRG0KONEC,FOLR1-Mal-PEG2-Eribulin,Investigative,Farletuzumab,TAR0QHAVI,Folate receptor alpha (FOLR1),PAY0JAEKD,Eribulin,PAY0JAEKD,Microtubule (MT),microtubule-disrupting,Mal-PEG2,ADCC006297,Half Maximal Inhibitory Concentration (IC50),1,=,38,38.0,nM,1,NCI-H2110 cells,Lung non-small cell carcinoma,https://adcdb.idrblab.net/data/adc/details/DRG0KONEC,data/raw/adcdb_idrblab/adc_details/DRG0KONEC.html
DRG0KONEC,FOLR1-Mal-PEG2-Eribulin,Investigative,Farletuzumab,TAR0QHAVI,Folate receptor alpha (FOLR1),PAY0JAEKD,Eribulin,PAY0JAEKD,Microtubule (MT),microtubule-disrupting,Mal-PEG2,ADCC006329,Half Maximal Inhibitory Concentration (IC50),1,>,> 100,100.0,nM,1,SJSA-1 cells,Osteosarcoma,https://adcdb.idrblab.net/data/adc/details/DRG0KONEC,data/raw/adcdb_idrblab/adc_details/DRG0KONEC.html
DRG0KONEC,FOLR1-Mal-PEG2-Eribulin,Investigative,Farletuzumab,TAR0QHAVI,Folate receptor alpha (FOLR1),PAY0JAEKD,Eribulin,PAY0JAEKD,Microtubule (MT),microtubule-disrupting,Mal-PEG2,ADCC006313,Half Maximal Inhibitory Concentration (IC50),1,>,> 100,100.0,nM,1,A431 cells,Skin squamous cell carcinoma,https://adcdb.idrblab.net/data/adc/details/DRG0KONEC,data/raw/adcdb_idrblab/adc_details/DRG0KONEC.html
DRG0KSALF,Anti-TNF ADC 112,Investigative,Anti-TNF mAb alpha-TNF,TAR0DEDPZ,Tumor necrosis factor receptor superfamily member 1A (TNFRSF1A),PAY0OCUAW,GRM cpd 24,PAY0OCUAW,Glucocorticoid receptor (NR3C1),Other,MP-Ala-Ala,ADCC001879,Half Maximal Effective Concentration (EC50),1,=,0.38,0.38,ug/mL,0,K-562 cells (TNF expression),Chronic myelogenous leukemia,https://adcdb.idrblab.net/data/adc/details/DRG0KSALF,data/raw/adcdb_idrblab/adc_details/DRG0KSALF.html
DRG0KSALF,Anti-TNF ADC 112,Investigative,Anti-TNF mAb alpha-TNF,TAR0DEDPZ,Tumor necrosis factor receptor superfamily member 1A (TNFRSF1A),PAY0OCUAW,GRM cpd 24,PAY0OCUAW,Glucocorticoid receptor (NR3C1),Other,MP-Ala-Ala,ADCC001880,Half Maximal Effective Concentration (EC50),1,=,6.4,6.4,ug/mL,0,K-562 cells,Chronic myelogenous leukemia,https://adcdb.idrblab.net/data/adc/details/DRG0KSALF,data/raw/adcdb_idrblab/adc_details/DRG0KSALF.html
DRG0KUNBK,Trastuzumab-MMAE conjugate DAR12,Investigative,Trastuzumab,TAR0THKZD,Receptor tyrosine-protein kinase erbB-2 (HER2),PAY0FSXOW,Monomethyl auristatin E,PAY0FSXOW,Microtubule (MT),microtubule-disrupting,"Man-beta-1,4-GlcNAc-DBCO-PEG5-VC-PAB",ADCC002260,Half Maximal Effective Concentration (EC50),1,>,> 10,10.0,uM,1,T-47D cells,Invasive breast carcinoma,https://adcdb.idrblab.net/data/adc/details/DRG0KUNBK,data/raw/adcdb_idrblab/adc_details/DRG0KUNBK.html
DRG0KUNBK,Trastuzumab-MMAE conjugate DAR12,Investigative,Trastuzumab,TAR0THKZD,Receptor tyrosine-protein kinase erbB-2 (HER2),PAY0FSXOW,Monomethyl auristatin E,PAY0FSXOW,Microtubule (MT),microtubule-disrupting,"Man-beta-1,4-GlcNAc-DBCO-PEG5-VC-PAB",ADCC002259,Half Maximal Effective Concentration (EC50),1,=,0.04 7.13,0.04,nM ng/mL,0,BT-474 cells,Invasive breast carcinoma,https://adcdb.idrblab.net/data/adc/details/DRG0KUNBK,data/raw/adcdb_idrblab/adc_details/DRG0KUNBK.html
DRG0KXYRT,Tras-Gly5-EDA-Nemo,Investigative,Trastuzumab,TAR0THKZD,Receptor tyrosine-protein kinase erbB-2 (HER2),PAY0AMOAM,Nemorubicin,PAY0AMOAM,DNA topoisomerase 2-alpha (TOP2A),DNA-damaging,Gly5-EDA,ADCC002524,Half Maximal Inhibitory Concentration (IC50),1,=,2.8,2.8,ng/mL,0,SK-BR-3 cells,Breast adenocarcinoma,https://adcdb.idrblab.net/data/adc/details/DRG0KXYRT,data/raw/adcdb_idrblab/adc_details/DRG0KXYRT.html
DRG0LDNPD,hBU12-mcMMAF,Investigative,Denintuzumab,TAR0EBTXG,B-lymphocyte antigen CD19 (CD19),PAY0QLDVX,Monomethyl auristatin F,PAY0QLDVX,Microtubule (MT),microtubule-disrupting,Maleimido-caproyl,ADCC005405,Half Maximal Inhibitory Concentration (IC50),1,=,12,12.0,ng/mL,0,Caki-1 cells,Clear cell renal cell carcinoma,https://adcdb.idrblab.net/data/adc/details/DRG0LDNPD,data/raw/adcdb_idrblab/adc_details/DRG0LDNPD.html
DRG0LDNPD,hBU12-mcMMAF,Investigative,Denintuzumab,TAR0EBTXG,B-lymphocyte antigen CD19 (CD19),PAY0QLDVX,Monomethyl auristatin F,PAY0QLDVX,Microtubule (MT),microtubule-disrupting,Maleimido-caproyl,ADCC005358,Half Maximal Inhibitory Concentration (IC50),1,=,34,34.0,ng/mL,0,786-O cells,Renal cell carcinoma,https://adcdb.idrblab.net/data/adc/details/DRG0LDNPD,data/raw/adcdb_idrblab/adc_details/DRG0LDNPD.html
DRG0LPINW,NBT062-SPP-DM1,Investigative,Indatuximab,TAR0SERWS,Syndecan-1 (SDC1),PAY0JCIBW,Mertansine DM1,PAY0JCIBW,Microtubule (MT),microtubule-disrupting,N-succinimidyl 4-(2-pyridyldithio) pentanoate (SPP),ADCC003883,Half Maximal Inhibitory Concentration (IC50),1,=,1.00-10.00,1.0,nM,1,MOLP-8 cells,Plasma cell myeloma,https://adcdb.idrblab.net/data/adc/details/DRG0LPINW,data/raw/adcdb_idrblab/adc_details/DRG0LPINW.html
DRG0LPINW,NBT062-SPP-DM1,Investigative,Indatuximab,TAR0SERWS,Syndecan-1 (SDC1),PAY0JCIBW,Mertansine DM1,PAY0JCIBW,Microtubule (MT),microtubule-disrupting,N-succinimidyl 4-(2-pyridyldithio) pentanoate (SPP),ADCC003886,Half Maximal Inhibitory Concentration (IC50),1,>,> 100,100.0,nM,1,BJAB cells,Burkitt lymphoma,https://adcdb.idrblab.net/data/adc/details/DRG0LPINW,data/raw/adcdb_idrblab/adc_details/DRG0LPINW.html
DRG0LQZSE,Naratuximab emtansine,Phase 2 (discontinued),Naratuximab,TAR0DPWRE,Leukocyte antigen CD37 (CD37),PAY0VZVPQ,DM1,PAY0VZVPQ,Microtubule (MT),microtubule-disrupting,Succinimidyl-4-(N-maleimidomethyl)cyclohexane-1-carboxylate (SMCC),ADCC000768,Half Maximal Inhibitory Concentration (IC50),1,<,< 0.1,0.1,nM,1,Granta-519 cells,Mantle cell lymphoma,https://adcdb.idrblab.net/data/adc/details/DRG0LQZSE,data/raw/adcdb_idrblab/adc_details/DRG0LQZSE.html
DRG0LQZSE,Naratuximab emtansine,Phase 2 (discontinued),Naratuximab,TAR0DPWRE,Leukocyte antigen CD37 (CD37),PAY0VZVPQ,DM1,PAY0VZVPQ,Microtubule (MT),microtubule-disrupting,Succinimidyl-4-(N-maleimidomethyl)cyclohexane-1-carboxylate (SMCC),ADCC000767,Half Maximal Inhibitory Concentration (IC50),1,<,< 0.1,0.1,nM,1,DoHH2 cells,Diffuse large B-cell lymphoma germinal center B-cell type,https://adcdb.idrblab.net/data/adc/details/DRG0LQZSE,data/raw/adcdb_idrblab/adc_details/DRG0LQZSE.html
DRG0LQZSE,Naratuximab emtansine,Phase 2 (discontinued),Naratuximab,TAR0DPWRE,Leukocyte antigen CD37 (CD37),PAY0VZVPQ,DM1,PAY0VZVPQ,Microtubule (MT),microtubule-disrupting,Succinimidyl-4-(N-maleimidomethyl)cyclohexane-1-carboxylate (SMCC),ADCC000766,Half Maximal Inhibitory Concentration (IC50),1,<,< 0.1,0.1,nM,1,Farage cells,Diffuse large B-cell lymphoma,https://adcdb.idrblab.net/data/adc/details/DRG0LQZSE,data/raw/adcdb_idrblab/adc_details/DRG0LQZSE.html
DRG0LQZSE,Naratuximab emtansine,Phase 2 (discontinued),Naratuximab,TAR0DPWRE,Leukocyte antigen CD37 (CD37),PAY0VZVPQ,DM1,PAY0VZVPQ,Microtubule (MT),microtubule-disrupting,Succinimidyl-4-(N-maleimidomethyl)cyclohexane-1-carboxylate (SMCC),ADCC000765,Half Maximal Inhibitory Concentration (IC50),1,<,< 0.1,0.1,nM,1,BJAB cells,Burkitt lymphoma,https://adcdb.idrblab.net/data/adc/details/DRG0LQZSE,data/raw/adcdb_idrblab/adc_details/DRG0LQZSE.html
DRG0LQZSE,Naratuximab emtansine,Phase 2 (discontinued),Naratuximab,TAR0DPWRE,Leukocyte antigen CD37 (CD37),PAY0VZVPQ,DM1,PAY0VZVPQ,Microtubule (MT),microtubule-disrupting,Succinimidyl-4-(N-maleimidomethyl)cyclohexane-1-carboxylate (SMCC),ADCC000769,Half Maximal Inhibitory Concentration (IC50),1,<,< 1,1.0,nM,1,JVM-2 cells,Mantle cell lymphoma,https://adcdb.idrblab.net/data/adc/details/DRG0LQZSE,data/raw/adcdb_idrblab/adc_details/DRG0LQZSE.html
DRG0MBWYP,Anti-TNF ADC 124,Investigative,Anti-TNF mAb alpha-TNF,TAR0DEDPZ,Tumor necrosis factor receptor superfamily member 1A (TNFRSF1A),PAY0XXLHN,GRM cpd 19,PAY0XXLHN,Glucocorticoid receptor (NR3C1),Other,MP-Ala-Ala,ADCC001913,Half Maximal Effective Concentration (EC50),1,=,0.03,0.03,ug/mL,0,K-562 cells (TNF expression),Chronic myelogenous leukemia,https://adcdb.idrblab.net/data/adc/details/DRG0MBWYP,data/raw/adcdb_idrblab/adc_details/DRG0MBWYP.html
DRG0MBWYP,Anti-TNF ADC 124,Investigative,Anti-TNF mAb alpha-TNF,TAR0DEDPZ,Tumor necrosis factor receptor superfamily member 1A (TNFRSF1A),PAY0XXLHN,GRM cpd 19,PAY0XXLHN,Glucocorticoid receptor (NR3C1),Other,MP-Ala-Ala,ADCC001914,Half Maximal Effective Concentration (EC50),1,=,50,50.0,ug/mL,0,K-562 cells,Chronic myelogenous leukemia,https://adcdb.idrblab.net/data/adc/details/DRG0MBWYP,data/raw/adcdb_idrblab/adc_details/DRG0MBWYP.html
DRG0MCWQA,Enapotamab vedotin,Phase 1/2 (discontinued),Enapotamab,TAR0PMKUR,Tyrosine-protein kinase receptor UFO (AXL),PAY0FSXOW,Monomethyl auristatin E,PAY0FSXOW,Microtubule (MT),microtubule-disrupting,Mc-Val-Cit-PABC,ADCC007045,Half Maximal Inhibitory Concentration (IC50),1,=,0.08,0.08,nM,1,LCLC-103H cells,Lung large cell carcinoma,https://adcdb.idrblab.net/data/adc/details/DRG0MCWQA,data/raw/adcdb_idrblab/adc_details/DRG0MCWQA.html
DRG0MCWQA,Enapotamab vedotin,Phase 1/2 (discontinued),Enapotamab,TAR0PMKUR,Tyrosine-protein kinase receptor UFO (AXL),PAY0FSXOW,Monomethyl auristatin E,PAY0FSXOW,Microtubule (MT),microtubule-disrupting,Mc-Val-Cit-PABC,ADCC007048,Half Maximal Inhibitory Concentration (IC50),1,=,0.09,0.09,nM,1,PC-9 cells,Lung adenocarcinoma,https://adcdb.idrblab.net/data/adc/details/DRG0MCWQA,data/raw/adcdb_idrblab/adc_details/DRG0MCWQA.html
DRG0MCWQA,Enapotamab vedotin,Phase 1/2 (discontinued),Enapotamab,TAR0PMKUR,Tyrosine-protein kinase receptor UFO (AXL),PAY0FSXOW,Monomethyl auristatin E,PAY0FSXOW,Microtubule (MT),microtubule-disrupting,Mc-Val-Cit-PABC,ADCC007047,Half Maximal Inhibitory Concentration (IC50),1,=,0.09,0.09,nM,1,MDA-MB-231 cells,Breast adenocarcinoma,https://adcdb.idrblab.net/data/adc/details/DRG0MCWQA,data/raw/adcdb_idrblab/adc_details/DRG0MCWQA.html
DRG0MCWQA,Enapotamab vedotin,Phase 1/2 (discontinued),Enapotamab,TAR0PMKUR,Tyrosine-protein kinase receptor UFO (AXL),PAY0FSXOW,Monomethyl auristatin E,PAY0FSXOW,Microtubule (MT),microtubule-disrupting,Mc-Val-Cit-PABC,ADCC007046,Half Maximal Inhibitory Concentration (IC50),1,=,0.17,0.17,nM,1,Calu-1 cells,Lung squamous cell carcinoma,https://adcdb.idrblab.net/data/adc/details/DRG0MCWQA,data/raw/adcdb_idrblab/adc_details/DRG0MCWQA.html
DRG0MCWQA,Enapotamab vedotin,Phase 1/2 (discontinued),Enapotamab,TAR0PMKUR,Tyrosine-protein kinase receptor UFO (AXL),PAY0FSXOW,Monomethyl auristatin E,PAY0FSXOW,Microtubule (MT),microtubule-disrupting,Mc-Val-Cit-PABC,ADCC007051,Half Maximal Inhibitory Concentration (IC50),1,>,> 100,100.0,nM,1,MDA-MB-453 cells,Breast adenocarcinoma,https://adcdb.idrblab.net/data/adc/details/DRG0MCWQA,data/raw/adcdb_idrblab/adc_details/DRG0MCWQA.html
DRG0MCWQA,Enapotamab vedotin,Phase 1/2 (discontinued),Enapotamab,TAR0PMKUR,Tyrosine-protein kinase receptor UFO (AXL),PAY0FSXOW,Monomethyl auristatin E,PAY0FSXOW,Microtubule (MT),microtubule-disrupting,Mc-Val-Cit-PABC,ADCC007050,Half Maximal Inhibitory Concentration (IC50),1,>,> 100,100.0,nM,1,NCI-H460 cells,Lung large cell carcinoma,https://adcdb.idrblab.net/data/adc/details/DRG0MCWQA,data/raw/adcdb_idrblab/adc_details/DRG0MCWQA.html
DRG0MCWQA,Enapotamab vedotin,Phase 1/2 (discontinued),Enapotamab,TAR0PMKUR,Tyrosine-protein kinase receptor UFO (AXL),PAY0FSXOW,Monomethyl auristatin E,PAY0FSXOW,Microtubule (MT),microtubule-disrupting,Mc-Val-Cit-PABC,ADCC000894,Half Maximal Inhibitory Concentration (IC50),1,=,5.5,5.5,ng/mL,0,A-875 cells,Melanoma,https://adcdb.idrblab.net/data/adc/details/DRG0MCWQA,data/raw/adcdb_idrblab/adc_details/DRG0MCWQA.html
DRG0MCWQA,Enapotamab vedotin,Phase 1/2 (discontinued),Enapotamab,TAR0PMKUR,Tyrosine-protein kinase receptor UFO (AXL),PAY0FSXOW,Monomethyl auristatin E,PAY0FSXOW,Microtubule (MT),microtubule-disrupting,Mc-Val-Cit-PABC,ADCC000890,Half Maximal Inhibitory Concentration (IC50),1,=,15.34,15.34,ng/mL,0,SK-MEL-28 cells (BRAF inhibitor resistant),Cutaneous melanoma,https://adcdb.idrblab.net/data/adc/details/DRG0MCWQA,data/raw/adcdb_idrblab/adc_details/DRG0MCWQA.html
DRG0MCWQA,Enapotamab vedotin,Phase 1/2 (discontinued),Enapotamab,TAR0PMKUR,Tyrosine-protein kinase receptor UFO (AXL),PAY0FSXOW,Monomethyl auristatin E,PAY0FSXOW,Microtubule (MT),microtubule-disrupting,Mc-Val-Cit-PABC,ADCC000879,Half Maximal Inhibitory Concentration (IC50),1,=,20.7,20.7,ng/mL,0,LCLC-103H cells,Lung large cell carcinoma,https://adcdb.idrblab.net/data/adc/details/DRG0MCWQA,data/raw/adcdb_idrblab/adc_details/DRG0MCWQA.html
DRG0MCWQA,Enapotamab vedotin,Phase 1/2 (discontinued),Enapotamab,TAR0PMKUR,Tyrosine-protein kinase receptor UFO (AXL),PAY0FSXOW,Monomethyl auristatin E,PAY0FSXOW,Microtubule (MT),microtubule-disrupting,Mc-Val-Cit-PABC,ADCC000881,Half Maximal Inhibitory Concentration (IC50),1,=,24.3,24.3,ng/mL,0,MDA-MB-231 cells,Breast adenocarcinoma,https://adcdb.idrblab.net/data/adc/details/DRG0MCWQA,data/raw/adcdb_idrblab/adc_details/DRG0MCWQA.html
DRG0MCWQA,Enapotamab vedotin,Phase 1/2 (discontinued),Enapotamab,TAR0PMKUR,Tyrosine-protein kinase receptor UFO (AXL),PAY0FSXOW,Monomethyl auristatin E,PAY0FSXOW,Microtubule (MT),microtubule-disrupting,Mc-Val-Cit-PABC,ADCC000893,Half Maximal Inhibitory Concentration (IC50),1,=,42.06,42.06,ng/mL,0,SK-MEL-147 cells,Melanoma,https://adcdb.idrblab.net/data/adc/details/DRG0MCWQA,data/raw/adcdb_idrblab/adc_details/DRG0MCWQA.html
DRG0MCWQA,Enapotamab vedotin,Phase 1/2 (discontinued),Enapotamab,TAR0PMKUR,Tyrosine-protein kinase receptor UFO (AXL),PAY0FSXOW,Monomethyl auristatin E,PAY0FSXOW,Microtubule (MT),microtubule-disrupting,Mc-Val-Cit-PABC,ADCC000878,Half Maximal Inhibitory Concentration (IC50),1,=,68.54,68.54,ng/mL,0,Calu-1 cells,Lung squamous cell carcinoma,https://adcdb.idrblab.net/data/adc/details/DRG0MCWQA,data/raw/adcdb_idrblab/adc_details/DRG0MCWQA.html
DRG0MCWQA,Enapotamab vedotin,Phase 1/2 (discontinued),Enapotamab,TAR0PMKUR,Tyrosine-protein kinase receptor UFO (AXL),PAY0FSXOW,Monomethyl auristatin E,PAY0FSXOW,Microtubule (MT),microtubule-disrupting,Mc-Val-Cit-PABC,ADCC000892,Half Maximal Inhibitory Concentration (IC50),1,=,189.3,189.3,ng/mL,0,SK-MEL-2 cells (MEK inhibitor-resistant),Melanoma,https://adcdb.idrblab.net/data/adc/details/DRG0MCWQA,data/raw/adcdb_idrblab/adc_details/DRG0MCWQA.html
DRG0MCWQA,Enapotamab vedotin,Phase 1/2 (discontinued),Enapotamab,TAR0PMKUR,Tyrosine-protein kinase receptor UFO (AXL),PAY0FSXOW,Monomethyl auristatin E,PAY0FSXOW,Microtubule (MT),microtubule-disrupting,Mc-Val-Cit-PABC,ADCC000876,Half Maximal Inhibitory Concentration (IC50),1,=,190.9,190.9,ng/mL,0,A431 cells,Skin squamous cell carcinoma,https://adcdb.idrblab.net/data/adc/details/DRG0MCWQA,data/raw/adcdb_idrblab/adc_details/DRG0MCWQA.html
DRG0MCWQA,Enapotamab vedotin,Phase 1/2 (discontinued),Enapotamab,TAR0PMKUR,Tyrosine-protein kinase receptor UFO (AXL),PAY0FSXOW,Monomethyl auristatin E,PAY0FSXOW,Microtubule (MT),microtubule-disrupting,Mc-Val-Cit-PABC,ADCC000897,Half Maximal Inhibitory Concentration (IC50),1,=,370.4,370.4,ng/mL,0,A375/R cells,Amelanotic melanoma,https://adcdb.idrblab.net/data/adc/details/DRG0MCWQA,data/raw/adcdb_idrblab/adc_details/DRG0MCWQA.html
DRG0MCWQA,Enapotamab vedotin,Phase 1/2 (discontinued),Enapotamab,TAR0PMKUR,Tyrosine-protein kinase receptor UFO (AXL),PAY0FSXOW,Monomethyl auristatin E,PAY0FSXOW,Microtubule (MT),microtubule-disrupting,Mc-Val-Cit-PABC,ADCC000895,Half Maximal Inhibitory Concentration (IC50),1,=,887.2,887.2,ng/mL,0,SK-MEL-5 cells,Cutaneous melanoma,https://adcdb.idrblab.net/data/adc/details/DRG0MCWQA,data/raw/adcdb_idrblab/adc_details/DRG0MCWQA.html
DRG0MCWQA,Enapotamab vedotin,Phase 1/2 (discontinued),Enapotamab,TAR0PMKUR,Tyrosine-protein kinase receptor UFO (AXL),PAY0FSXOW,Monomethyl auristatin E,PAY0FSXOW,Microtubule (MT),microtubule-disrupting,Mc-Val-Cit-PABC,ADCC000884,Half Maximal Inhibitory Concentration (IC50),1,=,1828.3,1828.3,ng/mL,0,NCI-H1299 cells,Lung large cell carcinoma,https://adcdb.idrblab.net/data/adc/details/DRG0MCWQA,data/raw/adcdb_idrblab/adc_details/DRG0MCWQA.html
DRG0MCWQA,Enapotamab vedotin,Phase 1/2 (discontinued),Enapotamab,TAR0PMKUR,Tyrosine-protein kinase receptor UFO (AXL),PAY0FSXOW,Monomethyl auristatin E,PAY0FSXOW,Microtubule (MT),microtubule-disrupting,Mc-Val-Cit-PABC,ADCC000885,Half Maximal Inhibitory Concentration (IC50),1,=,2090.3,2090.3,ng/mL,0,SK-OV-3 cells,Ovarian serous cystadenocarcinoma,https://adcdb.idrblab.net/data/adc/details/DRG0MCWQA,data/raw/adcdb_idrblab/adc_details/DRG0MCWQA.html
DRG0MCWQA,Enapotamab vedotin,Phase 1/2 (discontinued),Enapotamab,TAR0PMKUR,Tyrosine-protein kinase receptor UFO (AXL),PAY0FSXOW,Monomethyl auristatin E,PAY0FSXOW,Microtubule (MT),microtubule-disrupting,Mc-Val-Cit-PABC,ADCC000877,Half Maximal Inhibitory Concentration (IC50),1,=,2895.7,2895.7,ng/mL,0,BxPC-3 cells,Pancreatic ductal adenocarcinoma,https://adcdb.idrblab.net/data/adc/details/DRG0MCWQA,data/raw/adcdb_idrblab/adc_details/DRG0MCWQA.html
DRG0MCWQA,Enapotamab vedotin,Phase 1/2 (discontinued),Enapotamab,TAR0PMKUR,Tyrosine-protein kinase receptor UFO (AXL),PAY0FSXOW,Monomethyl auristatin E,PAY0FSXOW,Microtubule (MT),microtubule-disrupting,Mc-Val-Cit-PABC,ADCC000883,Half Maximal Inhibitory Concentration (IC50),1,=,6881,6881.0,ng/mL,0,NCI-H661 cells,Lung large cell carcinoma,https://adcdb.idrblab.net/data/adc/details/DRG0MCWQA,data/raw/adcdb_idrblab/adc_details/DRG0MCWQA.html
DRG0MCWQA,Enapotamab vedotin,Phase 1/2 (discontinued),Enapotamab,TAR0PMKUR,Tyrosine-protein kinase receptor UFO (AXL),PAY0FSXOW,Monomethyl auristatin E,PAY0FSXOW,Microtubule (MT),microtubule-disrupting,Mc-Val-Cit-PABC,ADCC000891,Half Maximal Inhibitory Concentration (IC50),1,>,> 10,10.0,ug/mL,0,SK-MEL-2 cells,Melanoma,https://adcdb.idrblab.net/data/adc/details/DRG0MCWQA,data/raw/adcdb_idrblab/adc_details/DRG0MCWQA.html
DRG0MCWQA,Enapotamab vedotin,Phase 1/2 (discontinued),Enapotamab,TAR0PMKUR,Tyrosine-protein kinase receptor UFO (AXL),PAY0FSXOW,Monomethyl auristatin E,PAY0FSXOW,Microtubule (MT),microtubule-disrupting,Mc-Val-Cit-PABC,ADCC000889,Half Maximal Inhibitory Concentration (IC50),1,>,> 10,10.0,ug/mL,0,SK-MEL-28 cells,Cutaneous melanoma,https://adcdb.idrblab.net/data/adc/details/DRG0MCWQA,data/raw/adcdb_idrblab/adc_details/DRG0MCWQA.html
DRG0MCWQA,Enapotamab vedotin,Phase 1/2 (discontinued),Enapotamab,TAR0PMKUR,Tyrosine-protein kinase receptor UFO (AXL),PAY0FSXOW,Monomethyl auristatin E,PAY0FSXOW,Microtubule (MT),microtubule-disrupting,Mc-Val-Cit-PABC,ADCC000888,Half Maximal Inhibitory Concentration (IC50),1,>,> 10,10.0,ug/mL,0,SK-MEL-5 cells,Cutaneous melanoma,https://adcdb.idrblab.net/data/adc/details/DRG0MCWQA,data/raw/adcdb_idrblab/adc_details/DRG0MCWQA.html
DRG0MCWQA,Enapotamab vedotin,Phase 1/2 (discontinued),Enapotamab,TAR0PMKUR,Tyrosine-protein kinase receptor UFO (AXL),PAY0FSXOW,Monomethyl auristatin E,PAY0FSXOW,Microtubule (MT),microtubule-disrupting,Mc-Val-Cit-PABC,ADCC000887,Half Maximal Inhibitory Concentration (IC50),1,>,> 10,10.0,ug/mL,0,NCI-N87 cells,Gastric tubular adenocarcinoma,https://adcdb.idrblab.net/data/adc/details/DRG0MCWQA,data/raw/adcdb_idrblab/adc_details/DRG0MCWQA.html
DRG0MCWQA,Enapotamab vedotin,Phase 1/2 (discontinued),Enapotamab,TAR0PMKUR,Tyrosine-protein kinase receptor UFO (AXL),PAY0FSXOW,Monomethyl auristatin E,PAY0FSXOW,Microtubule (MT),microtubule-disrupting,Mc-Val-Cit-PABC,ADCC000886,Half Maximal Inhibitory Concentration (IC50),1,>,> 10,10.0,ug/mL,0,HPAF-II cells,Pancreatic ductal adenocarcinoma,https://adcdb.idrblab.net/data/adc/details/DRG0MCWQA,data/raw/adcdb_idrblab/adc_details/DRG0MCWQA.html
DRG0MCWQA,Enapotamab vedotin,Phase 1/2 (discontinued),Enapotamab,TAR0PMKUR,Tyrosine-protein kinase receptor UFO (AXL),PAY0FSXOW,Monomethyl auristatin E,PAY0FSXOW,Microtubule (MT),microtubule-disrupting,Mc-Val-Cit-PABC,ADCC000882,Half Maximal Inhibitory Concentration (IC50),1,>,> 10,10.0,ug/mL,0,NCI-H226 cells,Pleural epithelioid mesothelioma,https://adcdb.idrblab.net/data/adc/details/DRG0MCWQA,data/raw/adcdb_idrblab/adc_details/DRG0MCWQA.html
DRG0MCWQA,Enapotamab vedotin,Phase 1/2 (discontinued),Enapotamab,TAR0PMKUR,Tyrosine-protein kinase receptor UFO (AXL),PAY0FSXOW,Monomethyl auristatin E,PAY0FSXOW,Microtubule (MT),microtubule-disrupting,Mc-Val-Cit-PABC,ADCC000880,Half Maximal Inhibitory Concentration (IC50),1,>,> 10,10.0,ug/mL,0,LS174T cells,Colon adenocarcinoma,https://adcdb.idrblab.net/data/adc/details/DRG0MCWQA,data/raw/adcdb_idrblab/adc_details/DRG0MCWQA.html
DRG0MJNCJ,Anti-TNF ADC 108,Investigative,Anti-TNF mAb alpha-TNF,TAR0DEDPZ,Tumor necrosis factor receptor superfamily member 1A (TNFRSF1A),PAY0XXLHN,GRM cpd 19,PAY0XXLHN,Glucocorticoid receptor (NR3C1),Other,MP-Ala-Ala,ADCC001871,Half Maximal Effective Concentration (EC50),1,=,0.16,0.16,ug/mL,0,K-562 cells (TNF expression),Chronic myelogenous leukemia,https://adcdb.idrblab.net/data/adc/details/DRG0MJNCJ,data/raw/adcdb_idrblab/adc_details/DRG0MJNCJ.html
DRG0MJNCJ,Anti-TNF ADC 108,Investigative,Anti-TNF mAb alpha-TNF,TAR0DEDPZ,Tumor necrosis factor receptor superfamily member 1A (TNFRSF1A),PAY0XXLHN,GRM cpd 19,PAY0XXLHN,Glucocorticoid receptor (NR3C1),Other,MP-Ala-Ala,ADCC001872,Half Maximal Effective Concentration (EC50),1,=,4.7,4.7,ug/mL,0,K-562 cells,Chronic myelogenous leukemia,https://adcdb.idrblab.net/data/adc/details/DRG0MJNCJ,data/raw/adcdb_idrblab/adc_details/DRG0MJNCJ.html
DRG0MKPHL,Anti-TNF ADC 110,Investigative,Anti-TNF mAb alpha-TNF,TAR0DEDPZ,Tumor necrosis factor receptor superfamily member 1A (TNFRSF1A),PAY0JBVNE,GRM cpd 22,PAY0JBVNE,Glucocorticoid receptor (NR3C1),Other,MP-Ala-Ala,ADCC001875,Half Maximal Effective Concentration (EC50),1,=,0.19,0.19,ug/mL,0,K-562 cells (TNF expression),Chronic myelogenous leukemia,https://adcdb.idrblab.net/data/adc/details/DRG0MKPHL,data/raw/adcdb_idrblab/adc_details/DRG0MKPHL.html
DRG0MKPHL,Anti-TNF ADC 110,Investigative,Anti-TNF mAb alpha-TNF,TAR0DEDPZ,Tumor necrosis factor receptor superfamily member 1A (TNFRSF1A),PAY0JBVNE,GRM cpd 22,PAY0JBVNE,Glucocorticoid receptor (NR3C1),Other,MP-Ala-Ala,ADCC001876,Half Maximal Effective Concentration (EC50),1,=,2.9,2.9,ug/mL,0,K-562 cells,Chronic myelogenous leukemia,https://adcdb.idrblab.net/data/adc/details/DRG0MKPHL,data/raw/adcdb_idrblab/adc_details/DRG0MKPHL.html
DRG0MNHFT,Trastuzumab-SG3600 high DAR,Investigative,Trastuzumab,TAR0THKZD,Receptor tyrosine-protein kinase erbB-2 (HER2),PAY0DZNQW,N10-beta-glucuronide SG3200,PAY0DZNQW,Human Deoxyribonucleic acid (hDNA),DNA-damaging,Mal-PEG8-Val-Ala-PABC,ADCC001444,Half Maximal Inhibitory Concentration (IC50),1,=,3.6,3.6,ng/mL,0,MDA-MB-231 cells,Breast adenocarcinoma,https://adcdb.idrblab.net/data/adc/details/DRG0MNHFT,data/raw/adcdb_idrblab/adc_details/DRG0MNHFT.html
DRG0MNHFT,Trastuzumab-SG3600 high DAR,Investigative,Trastuzumab,TAR0THKZD,Receptor tyrosine-protein kinase erbB-2 (HER2),PAY0DZNQW,N10-beta-glucuronide SG3200,PAY0DZNQW,Human Deoxyribonucleic acid (hDNA),DNA-damaging,Mal-PEG8-Val-Ala-PABC,ADCC001443,Half Maximal Inhibitory Concentration (IC50),1,=,5.37,5.37,ng/mL,0,SK-OV-3 cells,Ovarian serous cystadenocarcinoma,https://adcdb.idrblab.net/data/adc/details/DRG0MNHFT,data/raw/adcdb_idrblab/adc_details/DRG0MNHFT.html
DRG0MNHFT,Trastuzumab-SG3600 high DAR,Investigative,Trastuzumab,TAR0THKZD,Receptor tyrosine-protein kinase erbB-2 (HER2),PAY0DZNQW,N10-beta-glucuronide SG3200,PAY0DZNQW,Human Deoxyribonucleic acid (hDNA),DNA-damaging,Mal-PEG8-Val-Ala-PABC,ADCC001447,Half Maximal Inhibitory Concentration (IC50),1,=,5.9,5.9,ng/mL,0,NCI-N87 cells,Gastric tubular adenocarcinoma,https://adcdb.idrblab.net/data/adc/details/DRG0MNHFT,data/raw/adcdb_idrblab/adc_details/DRG0MNHFT.html
DRG0MNHFT,Trastuzumab-SG3600 high DAR,Investigative,Trastuzumab,TAR0THKZD,Receptor tyrosine-protein kinase erbB-2 (HER2),PAY0DZNQW,N10-beta-glucuronide SG3200,PAY0DZNQW,Human Deoxyribonucleic acid (hDNA),DNA-damaging,Mal-PEG8-Val-Ala-PABC,ADCC001446,Half Maximal Inhibitory Concentration (IC50),1,=,36.1,36.1,ng/mL,0,JIMT-1 cells,Breast ductal carcinoma,https://adcdb.idrblab.net/data/adc/details/DRG0MNHFT,data/raw/adcdb_idrblab/adc_details/DRG0MNHFT.html
DRG0MNHFT,Trastuzumab-SG3600 high DAR,Investigative,Trastuzumab,TAR0THKZD,Receptor tyrosine-protein kinase erbB-2 (HER2),PAY0DZNQW,N10-beta-glucuronide SG3200,PAY0DZNQW,Human Deoxyribonucleic acid (hDNA),DNA-damaging,Mal-PEG8-Val-Ala-PABC,ADCC001445,Half Maximal Inhibitory Concentration (IC50),1,>,> 10,10.0,ug/mL,0,MCF-7 cells,Invasive breast carcinoma,https://adcdb.idrblab.net/data/adc/details/DRG0MNHFT,data/raw/adcdb_idrblab/adc_details/DRG0MNHFT.html
DRG0MOFZM,Anti-KIT NEG087-SMCC-DM1,Investigative,Anti-KIT mAb NEG087,TAR0SDULL,Mast/stem cell growth factor receptor Kit (KIT),PAY0JCIBW,Mertansine DM1,PAY0JCIBW,Microtubule (MT),microtubule-disrupting,Succinimidyl-4-(N-maleimidomethyl)cyclohexane-1-carboxylate (SMCC),ADCC008157,Max inhibition rate (MIR),0,=,57,57.0,%,0,CVCL_7040,Gastrointestinal stromal tumor,https://adcdb.idrblab.net/data/adc/details/DRG0MOFZM,data/raw/adcdb_idrblab/adc_details/DRG0MOFZM.html
DRG0MOFZM,Anti-KIT NEG087-SMCC-DM1,Investigative,Anti-KIT mAb NEG087,TAR0SDULL,Mast/stem cell growth factor receptor Kit (KIT),PAY0JCIBW,Mertansine DM1,PAY0JCIBW,Microtubule (MT),microtubule-disrupting,Succinimidyl-4-(N-maleimidomethyl)cyclohexane-1-carboxylate (SMCC),ADCC008152,Max inhibition rate (MIR),0,=,70,70.0,%,0,CVCL_7044,Gastrointestinal stromal tumor,https://adcdb.idrblab.net/data/adc/details/DRG0MOFZM,data/raw/adcdb_idrblab/adc_details/DRG0MOFZM.html
DRG0MOFZM,Anti-KIT NEG087-SMCC-DM1,Investigative,Anti-KIT mAb NEG087,TAR0SDULL,Mast/stem cell growth factor receptor Kit (KIT),PAY0JCIBW,Mertansine DM1,PAY0JCIBW,Microtubule (MT),microtubule-disrupting,Succinimidyl-4-(N-maleimidomethyl)cyclohexane-1-carboxylate (SMCC),ADCC008147,Max inhibition rate (MIR),0,=,78,78.0,%,0,CVCL_4976,Gastrointestinal stromal tumor,https://adcdb.idrblab.net/data/adc/details/DRG0MOFZM,data/raw/adcdb_idrblab/adc_details/DRG0MOFZM.html
DRG0MOFZM,Anti-KIT NEG087-SMCC-DM1,Investigative,Anti-KIT mAb NEG087,TAR0SDULL,Mast/stem cell growth factor receptor Kit (KIT),PAY0JCIBW,Mertansine DM1,PAY0JCIBW,Microtubule (MT),microtubule-disrupting,Succinimidyl-4-(N-maleimidomethyl)cyclohexane-1-carboxylate (SMCC),ADCC008172,Max inhibition rate (MIR),0,=,80,80.0,%,0,CVCL_0614,Acute myeloid leukemia,https://adcdb.idrblab.net/data/adc/details/DRG0MOFZM,data/raw/adcdb_idrblab/adc_details/DRG0MOFZM.html
DRG0MOFZM,Anti-KIT NEG087-SMCC-DM1,Investigative,Anti-KIT mAb NEG087,TAR0SDULL,Mast/stem cell growth factor receptor Kit (KIT),PAY0JCIBW,Mertansine DM1,PAY0JCIBW,Microtubule (MT),microtubule-disrupting,Succinimidyl-4-(N-maleimidomethyl)cyclohexane-1-carboxylate (SMCC),ADCC008182,Max inhibition rate (MIR),0,=,90,90.0,%,0,CVCL_0418,Breast adenocarcinoma,https://adcdb.idrblab.net/data/adc/details/DRG0MOFZM,data/raw/adcdb_idrblab/adc_details/DRG0MOFZM.html
DRG0MOFZM,Anti-KIT NEG087-SMCC-DM1,Investigative,Anti-KIT mAb NEG087,TAR0SDULL,Mast/stem cell growth factor receptor Kit (KIT),PAY0JCIBW,Mertansine DM1,PAY0JCIBW,Microtubule (MT),microtubule-disrupting,Succinimidyl-4-(N-maleimidomethyl)cyclohexane-1-carboxylate (SMCC),ADCC008167,Max inhibition rate (MIR),0,=,98,98.0,%,0,CVCL_1453,Lung small cell carcinoma,https://adcdb.idrblab.net/data/adc/details/DRG0MOFZM,data/raw/adcdb_idrblab/adc_details/DRG0MOFZM.html
DRG0MOFZM,Anti-KIT NEG087-SMCC-DM1,Investigative,Anti-KIT mAb NEG087,TAR0SDULL,Mast/stem cell growth factor receptor Kit (KIT),PAY0JCIBW,Mertansine DM1,PAY0JCIBW,Microtubule (MT),microtubule-disrupting,Succinimidyl-4-(N-maleimidomethyl)cyclohexane-1-carboxylate (SMCC),ADCC008177,Max inhibition rate (MIR),0,=,99,99.0,%,0,CVCL_0589,Myeloid leukemia with maturation,https://adcdb.idrblab.net/data/adc/details/DRG0MOFZM,data/raw/adcdb_idrblab/adc_details/DRG0MOFZM.html
DRG0MOFZM,Anti-KIT NEG087-SMCC-DM1,Investigative,Anti-KIT mAb NEG087,TAR0SDULL,Mast/stem cell growth factor receptor Kit (KIT),PAY0JCIBW,Mertansine DM1,PAY0JCIBW,Microtubule (MT),microtubule-disrupting,Succinimidyl-4-(N-maleimidomethyl)cyclohexane-1-carboxylate (SMCC),ADCC008162,Max inhibition rate (MIR),0,=,99,99.0,%,0,CVCL_1569,Lung small cell carcinoma,https://adcdb.idrblab.net/data/adc/details/DRG0MOFZM,data/raw/adcdb_idrblab/adc_details/DRG0MOFZM.html
DRG0MOFZM,Anti-KIT NEG087-SMCC-DM1,Investigative,Anti-KIT mAb NEG087,TAR0SDULL,Mast/stem cell growth factor receptor Kit (KIT),PAY0JCIBW,Mertansine DM1,PAY0JCIBW,Microtubule (MT),microtubule-disrupting,Succinimidyl-4-(N-maleimidomethyl)cyclohexane-1-carboxylate (SMCC),ADCC008107,Half Maximal Inhibitory Concentration (IC50),1,=,0.01,0.01,nM,1,CVCL_4976,Gastrointestinal stromal tumor,https://adcdb.idrblab.net/data/adc/details/DRG0MOFZM,data/raw/adcdb_idrblab/adc_details/DRG0MOFZM.html
DRG0MOFZM,Anti-KIT NEG087-SMCC-DM1,Investigative,Anti-KIT mAb NEG087,TAR0SDULL,Mast/stem cell growth factor receptor Kit (KIT),PAY0JCIBW,Mertansine DM1,PAY0JCIBW,Microtubule (MT),microtubule-disrupting,Succinimidyl-4-(N-maleimidomethyl)cyclohexane-1-carboxylate (SMCC),ADCC008122,Half Maximal Inhibitory Concentration (IC50),1,=,0.03,0.03,nM,1,CVCL_1569,Lung small cell carcinoma,https://adcdb.idrblab.net/data/adc/details/DRG0MOFZM,data/raw/adcdb_idrblab/adc_details/DRG0MOFZM.html
DRG0MOFZM,Anti-KIT NEG087-SMCC-DM1,Investigative,Anti-KIT mAb NEG087,TAR0SDULL,Mast/stem cell growth factor receptor Kit (KIT),PAY0JCIBW,Mertansine DM1,PAY0JCIBW,Microtubule (MT),microtubule-disrupting,Succinimidyl-4-(N-maleimidomethyl)cyclohexane-1-carboxylate (SMCC),ADCC008117,Half Maximal Inhibitory Concentration (IC50),1,=,0.05,0.05,nM,1,CVCL_7040,Gastrointestinal stromal tumor,https://adcdb.idrblab.net/data/adc/details/DRG0MOFZM,data/raw/adcdb_idrblab/adc_details/DRG0MOFZM.html
DRG0MOFZM,Anti-KIT NEG087-SMCC-DM1,Investigative,Anti-KIT mAb NEG087,TAR0SDULL,Mast/stem cell growth factor receptor Kit (KIT),PAY0JCIBW,Mertansine DM1,PAY0JCIBW,Microtubule (MT),microtubule-disrupting,Succinimidyl-4-(N-maleimidomethyl)cyclohexane-1-carboxylate (SMCC),ADCC008112,Half Maximal Inhibitory Concentration (IC50),1,=,0.41,0.41,nM,1,CVCL_7044,Gastrointestinal stromal tumor,https://adcdb.idrblab.net/data/adc/details/DRG0MOFZM,data/raw/adcdb_idrblab/adc_details/DRG0MOFZM.html
DRG0MOFZM,Anti-KIT NEG087-SMCC-DM1,Investigative,Anti-KIT mAb NEG087,TAR0SDULL,Mast/stem cell growth factor receptor Kit (KIT),PAY0JCIBW,Mertansine DM1,PAY0JCIBW,Microtubule (MT),microtubule-disrupting,Succinimidyl-4-(N-maleimidomethyl)cyclohexane-1-carboxylate (SMCC),ADCC008127,Half Maximal Inhibitory Concentration (IC50),1,=,1.5,1.5,nM,1,CVCL_1453,Lung small cell carcinoma,https://adcdb.idrblab.net/data/adc/details/DRG0MOFZM,data/raw/adcdb_idrblab/adc_details/DRG0MOFZM.html
DRG0MOFZM,Anti-KIT NEG087-SMCC-DM1,Investigative,Anti-KIT mAb NEG087,TAR0SDULL,Mast/stem cell growth factor receptor Kit (KIT),PAY0JCIBW,Mertansine DM1,PAY0JCIBW,Microtubule (MT),microtubule-disrupting,Succinimidyl-4-(N-maleimidomethyl)cyclohexane-1-carboxylate (SMCC),ADCC008132,Half Maximal Inhibitory Concentration (IC50),1,=,3.24,3.24,nM,1,CVCL_0614,Acute myeloid leukemia,https://adcdb.idrblab.net/data/adc/details/DRG0MOFZM,data/raw/adcdb_idrblab/adc_details/DRG0MOFZM.html
DRG0MOFZM,Anti-KIT NEG087-SMCC-DM1,Investigative,Anti-KIT mAb NEG087,TAR0SDULL,Mast/stem cell growth factor receptor Kit (KIT),PAY0JCIBW,Mertansine DM1,PAY0JCIBW,Microtubule (MT),microtubule-disrupting,Succinimidyl-4-(N-maleimidomethyl)cyclohexane-1-carboxylate (SMCC),ADCC008137,Half Maximal Inhibitory Concentration (IC50),1,=,6.07,6.07,nM,1,CVCL_0589,Myeloid leukemia with maturation,https://adcdb.idrblab.net/data/adc/details/DRG0MOFZM,data/raw/adcdb_idrblab/adc_details/DRG0MOFZM.html
DRG0MOFZM,Anti-KIT NEG087-SMCC-DM1,Investigative,Anti-KIT mAb NEG087,TAR0SDULL,Mast/stem cell growth factor receptor Kit (KIT),PAY0JCIBW,Mertansine DM1,PAY0JCIBW,Microtubule (MT),microtubule-disrupting,Succinimidyl-4-(N-maleimidomethyl)cyclohexane-1-carboxylate (SMCC),ADCC008142,Half Maximal Inhibitory Concentration (IC50),1,=,45.43,45.43,nM,1,CVCL_0418,Breast adenocarcinoma,https://adcdb.idrblab.net/data/adc/details/DRG0MOFZM,data/raw/adcdb_idrblab/adc_details/DRG0MOFZM.html
DRG0MQFRJ,Anti-TNF ADC 126,Investigative,Anti-TNF mAb alpha-TNF,TAR0DEDPZ,Tumor necrosis factor receptor superfamily member 1A (TNFRSF1A),PAY0OQPXP,GRM cpd 20,PAY0OQPXP,Glucocorticoid receptor (NR3C1),Other,MP-Ala-Ala,ADCC001917,Half Maximal Effective Concentration (EC50),1,=,0.03,0.03,ug/mL,0,K-562 cells (TNF expression),Chronic myelogenous leukemia,https://adcdb.idrblab.net/data/adc/details/DRG0MQFRJ,data/raw/adcdb_idrblab/adc_details/DRG0MQFRJ.html
DRG0MQFRJ,Anti-TNF ADC 126,Investigative,Anti-TNF mAb alpha-TNF,TAR0DEDPZ,Tumor necrosis factor receptor superfamily member 1A (TNFRSF1A),PAY0OQPXP,GRM cpd 20,PAY0OQPXP,Glucocorticoid receptor (NR3C1),Other,MP-Ala-Ala,ADCC001918,Half Maximal Effective Concentration (EC50),1,=,50,50.0,ug/mL,0,K-562 cells,Chronic myelogenous leukemia,https://adcdb.idrblab.net/data/adc/details/DRG0MQFRJ,data/raw/adcdb_idrblab/adc_details/DRG0MQFRJ.html
DRG0NDXRU,Belantamab mafodotin,"Approved in 2020 (withdrawn in 2022, approved again in 2025)",Belantamab,TAR0KQONX,Tumor necrosis factor receptor superfamily member 17 (TNFRSF17),PAY0QLDVX,Monomethyl auristatin F,PAY0QLDVX,Microtubule (MT),microtubule-disrupting,Maleimido-caproyl,ADCC006562,Half Maximal Effective Concentration (EC50),1,=,30.6,30.6,ug/mL,0,EL4 cells (BCMA expression),Thymoma,https://adcdb.idrblab.net/data/adc/details/DRG0NDXRU,data/raw/adcdb_idrblab/adc_details/DRG0NDXRU.html
DRG0NEMOV,Losatuxizumab vedotin,Phase 1 (discontinued),Losatuxizumab,TAR0UYFIF,Epidermal growth factor receptor (EGFR),PAY0FSXOW,Monomethyl auristatin E,PAY0FSXOW,Microtubule (MT),microtubule-disrupting,Mc-Val-Cit-PABC,ADCC006945,Tumor Growth Inhibition value (TGI),0,=,≈ 89.8,89.8,%,0,MSTO-211H cells,Pleural biphasic mesothelioma,https://adcdb.idrblab.net/data/adc/details/DRG0NEMOV,data/raw/adcdb_idrblab/adc_details/DRG0NEMOV.html
DRG0NEMOV,Losatuxizumab vedotin,Phase 1 (discontinued),Losatuxizumab,TAR0UYFIF,Epidermal growth factor receptor (EGFR),PAY0FSXOW,Monomethyl auristatin E,PAY0FSXOW,Microtubule (MT),microtubule-disrupting,Mc-Val-Cit-PABC,ADCC000722,Half Maximal Inhibitory Concentration (IC50),1,=,0.2,0.2,nM,1,U87MGde2-7 cells (EGFRvIII overexpression),Glioblastoma,https://adcdb.idrblab.net/data/adc/details/DRG0NEMOV,data/raw/adcdb_idrblab/adc_details/DRG0NEMOV.html
DRG0NEMOV,Losatuxizumab vedotin,Phase 1 (discontinued),Losatuxizumab,TAR0UYFIF,Epidermal growth factor receptor (EGFR),PAY0FSXOW,Monomethyl auristatin E,PAY0FSXOW,Microtubule (MT),microtubule-disrupting,Mc-Val-Cit-PABC,ADCC000723,Half Maximal Inhibitory Concentration (IC50),1,=,1,1.0,nM,1,A431 cells,Skin squamous cell carcinoma,https://adcdb.idrblab.net/data/adc/details/DRG0NEMOV,data/raw/adcdb_idrblab/adc_details/DRG0NEMOV.html
DRG0NEMOV,Losatuxizumab vedotin,Phase 1 (discontinued),Losatuxizumab,TAR0UYFIF,Epidermal growth factor receptor (EGFR),PAY0FSXOW,Monomethyl auristatin E,PAY0FSXOW,Microtubule (MT),microtubule-disrupting,Mc-Val-Cit-PABC,ADCC000726,Half Maximal Inhibitory Concentration (IC50),1,=,4,4.0,nM,1,NCI-H1703 cells,Lung squamous cell carcinoma,https://adcdb.idrblab.net/data/adc/details/DRG0NEMOV,data/raw/adcdb_idrblab/adc_details/DRG0NEMOV.html
DRG0NEMOV,Losatuxizumab vedotin,Phase 1 (discontinued),Losatuxizumab,TAR0UYFIF,Epidermal growth factor receptor (EGFR),PAY0FSXOW,Monomethyl auristatin E,PAY0FSXOW,Microtubule (MT),microtubule-disrupting,Mc-Val-Cit-PABC,ADCC000729,Half Maximal Inhibitory Concentration (IC50),1,=,8,8.0,nM,1,LoVo cells,Colon adenocarcinoma,https://adcdb.idrblab.net/data/adc/details/DRG0NEMOV,data/raw/adcdb_idrblab/adc_details/DRG0NEMOV.html
DRG0NEMOV,Losatuxizumab vedotin,Phase 1 (discontinued),Losatuxizumab,TAR0UYFIF,Epidermal growth factor receptor (EGFR),PAY0FSXOW,Monomethyl auristatin E,PAY0FSXOW,Microtubule (MT),microtubule-disrupting,Mc-Val-Cit-PABC,ADCC000728,Half Maximal Inhibitory Concentration (IC50),1,=,8,8.0,nM,1,NCI-H292 cells,Lung mucoepidermoid carcinoma,https://adcdb.idrblab.net/data/adc/details/DRG0NEMOV,data/raw/adcdb_idrblab/adc_details/DRG0NEMOV.html
DRG0NEMOV,Losatuxizumab vedotin,Phase 1 (discontinued),Losatuxizumab,TAR0UYFIF,Epidermal growth factor receptor (EGFR),PAY0FSXOW,Monomethyl auristatin E,PAY0FSXOW,Microtubule (MT),microtubule-disrupting,Mc-Val-Cit-PABC,ADCC000724,Half Maximal Inhibitory Concentration (IC50),1,=,11,11.0,nM,1,HCC827ER cells,Lung adenocarcinoma,https://adcdb.idrblab.net/data/adc/details/DRG0NEMOV,data/raw/adcdb_idrblab/adc_details/DRG0NEMOV.html
DRG0NEMOV,Losatuxizumab vedotin,Phase 1 (discontinued),Losatuxizumab,TAR0UYFIF,Epidermal growth factor receptor (EGFR),PAY0FSXOW,Monomethyl auristatin E,PAY0FSXOW,Microtubule (MT),microtubule-disrupting,Mc-Val-Cit-PABC,ADCC000725,Half Maximal Inhibitory Concentration (IC50),1,=,69,69.0,nM,1,EBC-1 cells,Lung squamous cell carcinoma,https://adcdb.idrblab.net/data/adc/details/DRG0NEMOV,data/raw/adcdb_idrblab/adc_details/DRG0NEMOV.html
DRG0NEMOV,Losatuxizumab vedotin,Phase 1 (discontinued),Losatuxizumab,TAR0UYFIF,Epidermal growth factor receptor (EGFR),PAY0FSXOW,Monomethyl auristatin E,PAY0FSXOW,Microtubule (MT),microtubule-disrupting,Mc-Val-Cit-PABC,ADCC000727,Half Maximal Inhibitory Concentration (IC50),1,=,80,80.0,nM,1,NCI-H441 cells,Lung papillary adenocarcinoma,https://adcdb.idrblab.net/data/adc/details/DRG0NEMOV,data/raw/adcdb_idrblab/adc_details/DRG0NEMOV.html
DRG0NEMOV,Losatuxizumab vedotin,Phase 1 (discontinued),Losatuxizumab,TAR0UYFIF,Epidermal growth factor receptor (EGFR),PAY0FSXOW,Monomethyl auristatin E,PAY0FSXOW,Microtubule (MT),microtubule-disrupting,Mc-Val-Cit-PABC,ADCC000731,Half Maximal Inhibitory Concentration (IC50),1,>,> 1000,1000.0,nM,1,SW620 cells,Colon adenocarcinoma,https://adcdb.idrblab.net/data/adc/details/DRG0NEMOV,data/raw/adcdb_idrblab/adc_details/DRG0NEMOV.html
DRG0NEMOV,Losatuxizumab vedotin,Phase 1 (discontinued),Losatuxizumab,TAR0UYFIF,Epidermal growth factor receptor (EGFR),PAY0FSXOW,Monomethyl auristatin E,PAY0FSXOW,Microtubule (MT),microtubule-disrupting,Mc-Val-Cit-PABC,ADCC000730,Half Maximal Inhibitory Concentration (IC50),1,>,> 1000,1000.0,nM,1,HCT 15 cells,Colon adenocarcinoma,https://adcdb.idrblab.net/data/adc/details/DRG0NEMOV,data/raw/adcdb_idrblab/adc_details/DRG0NEMOV.html
DRG0NGUFC,ChmAb-A B7-H3-ADC,Investigative,chmAb-A,TAR0GLSWQ,CD276 antigen (CD276),PAY0FSXOW,Monomethyl auristatin E,PAY0FSXOW,Microtubule (MT),microtubule-disrupting,Mc-Val-Cit-PABC,ADCC003408,Half Maximal Inhibitory Concentration (IC50),1,=,0.61,0.61,nM,1,Hs 700T cells,Neoplasm,https://adcdb.idrblab.net/data/adc/details/DRG0NGUFC,data/raw/adcdb_idrblab/adc_details/DRG0NGUFC.html
DRG0NGUFC,ChmAb-A B7-H3-ADC,Investigative,chmAb-A,TAR0GLSWQ,CD276 antigen (CD276),PAY0FSXOW,Monomethyl auristatin E,PAY0FSXOW,Microtubule (MT),microtubule-disrupting,Mc-Val-Cit-PABC,ADCC003388,Half Maximal Inhibitory Concentration (IC50),1,=,0.7,0.7,nM,1,A375.S2 cells,Amelanotic melanoma,https://adcdb.idrblab.net/data/adc/details/DRG0NGUFC,data/raw/adcdb_idrblab/adc_details/DRG0NGUFC.html
DRG0NGUFC,ChmAb-A B7-H3-ADC,Investigative,chmAb-A,TAR0GLSWQ,CD276 antigen (CD276),PAY0FSXOW,Monomethyl auristatin E,PAY0FSXOW,Microtubule (MT),microtubule-disrupting,Mc-Val-Cit-PABC,ADCC003392,Half Maximal Inhibitory Concentration (IC50),1,=,1,1.0,nM,1,Calu-6 cells,Lung adenocarcinoma,https://adcdb.idrblab.net/data/adc/details/DRG0NGUFC,data/raw/adcdb_idrblab/adc_details/DRG0NGUFC.html
DRG0NGUFC,ChmAb-A B7-H3-ADC,Investigative,chmAb-A,TAR0GLSWQ,CD276 antigen (CD276),PAY0FSXOW,Monomethyl auristatin E,PAY0FSXOW,Microtubule (MT),microtubule-disrupting,Mc-Val-Cit-PABC,ADCC003396,Half Maximal Inhibitory Concentration (IC50),1,=,1.52,1.52,nM,1,NCI-H1703 cells,Lung squamous cell carcinoma,https://adcdb.idrblab.net/data/adc/details/DRG0NGUFC,data/raw/adcdb_idrblab/adc_details/DRG0NGUFC.html
DRG0NGUFC,ChmAb-A B7-H3-ADC,Investigative,chmAb-A,TAR0GLSWQ,CD276 antigen (CD276),PAY0FSXOW,Monomethyl auristatin E,PAY0FSXOW,Microtubule (MT),microtubule-disrupting,Mc-Val-Cit-PABC,ADCC003384,Half Maximal Inhibitory Concentration (IC50),1,=,8.1,8.1,nM,1,MDA-MB-468 cells,Breast adenocarcinoma,https://adcdb.idrblab.net/data/adc/details/DRG0NGUFC,data/raw/adcdb_idrblab/adc_details/DRG0NGUFC.html
DRG0NGUFC,ChmAb-A B7-H3-ADC,Investigative,chmAb-A,TAR0GLSWQ,CD276 antigen (CD276),PAY0FSXOW,Monomethyl auristatin E,PAY0FSXOW,Microtubule (MT),microtubule-disrupting,Mc-Val-Cit-PABC,ADCC003404,Half Maximal Inhibitory Concentration (IC50),1,=,8.33,8.33,nM,1,PA-1 cells,Ovarian mixed germ cell tumor,https://adcdb.idrblab.net/data/adc/details/DRG0NGUFC,data/raw/adcdb_idrblab/adc_details/DRG0NGUFC.html
DRG0NGUFC,ChmAb-A B7-H3-ADC,Investigative,chmAb-A,TAR0GLSWQ,CD276 antigen (CD276),PAY0FSXOW,Monomethyl auristatin E,PAY0FSXOW,Microtubule (MT),microtubule-disrupting,Mc-Val-Cit-PABC,ADCC003380,Half Maximal Inhibitory Concentration (IC50),1,=,9.1,9.1,nM,1,JIMT-1 cells,Breast ductal carcinoma,https://adcdb.idrblab.net/data/adc/details/DRG0NGUFC,data/raw/adcdb_idrblab/adc_details/DRG0NGUFC.html
DRG0NGUFC,ChmAb-A B7-H3-ADC,Investigative,chmAb-A,TAR0GLSWQ,CD276 antigen (CD276),PAY0FSXOW,Monomethyl auristatin E,PAY0FSXOW,Microtubule (MT),microtubule-disrupting,Mc-Val-Cit-PABC,ADCC003412,Half Maximal Inhibitory Concentration (IC50),1,=,20.15,20.15,nM,1,DU145 cells,Prostate carcinoma,https://adcdb.idrblab.net/data/adc/details/DRG0NGUFC,data/raw/adcdb_idrblab/adc_details/DRG0NGUFC.html
DRG0NGUFC,ChmAb-A B7-H3-ADC,Investigative,chmAb-A,TAR0GLSWQ,CD276 antigen (CD276),PAY0FSXOW,Monomethyl auristatin E,PAY0FSXOW,Microtubule (MT),microtubule-disrupting,Mc-Val-Cit-PABC,ADCC003400,Half Maximal Inhibitory Concentration (IC50),1,=,26.98,26.98,nM,1,NCI-H1975 cells,Lung adenocarcinoma,https://adcdb.idrblab.net/data/adc/details/DRG0NGUFC,data/raw/adcdb_idrblab/adc_details/DRG0NGUFC.html
DRG0NGUFC,ChmAb-A B7-H3-ADC,Investigative,chmAb-A,TAR0GLSWQ,CD276 antigen (CD276),PAY0FSXOW,Monomethyl auristatin E,PAY0FSXOW,Microtubule (MT),microtubule-disrupting,Mc-Val-Cit-PABC,ADCC003416,Half Maximal Inhibitory Concentration (IC50),1,>,> 100,100.0,nM,1,Raji cells,EBV-related Burkitt lymphoma,https://adcdb.idrblab.net/data/adc/details/DRG0NGUFC,data/raw/adcdb_idrblab/adc_details/DRG0NGUFC.html
DRG0NLDTF,Anti-TNF ADC 127,Investigative,Anti-TNF mAb alpha-TNF,TAR0DEDPZ,Tumor necrosis factor receptor superfamily member 1A (TNFRSF1A),PAY0ECADG,GRM cpd 25,PAY0ECADG,Glucocorticoid receptor (NR3C1),Other,MP-Ala-Ala,ADCC001927,Half Maximal Effective Concentration (EC50),1,=,0.03,0.03,ug/mL,0,K-562 cells (TNF expression),Chronic myelogenous leukemia,https://adcdb.idrblab.net/data/adc/details/DRG0NLDTF,data/raw/adcdb_idrblab/adc_details/DRG0NLDTF.html
DRG0NLDTF,Anti-TNF ADC 127,Investigative,Anti-TNF mAb alpha-TNF,TAR0DEDPZ,Tumor necrosis factor receptor superfamily member 1A (TNFRSF1A),PAY0ECADG,GRM cpd 25,PAY0ECADG,Glucocorticoid receptor (NR3C1),Other,MP-Ala-Ala,ADCC001928,Half Maximal Effective Concentration (EC50),1,=,50,50.0,ug/mL,0,K-562 cells,Chronic myelogenous leukemia,https://adcdb.idrblab.net/data/adc/details/DRG0NLDTF,data/raw/adcdb_idrblab/adc_details/DRG0NLDTF.html
DRG0NNKAQ,Ifinatamab deruxtecan,New Drug Application,Ifinatamab,TAR0GLSWQ,CD276 antigen (CD276),PAY0WSZPJ,DXd,PAY0WSZPJ,DNA topoisomerase 1 (TOP1),Topo-I inhibitor,Mc-Gly-Gly-Phe-Gly,ADCC000787,Half Maximal Inhibitory Concentration (IC50),1,=,0.36,0.36,nM,1,MFE-280 cells,Endometrial adenocarcinoma,https://adcdb.idrblab.net/data/adc/details/DRG0NNKAQ,data/raw/adcdb_idrblab/adc_details/DRG0NNKAQ.html
DRG0NNKAQ,Ifinatamab deruxtecan,New Drug Application,Ifinatamab,TAR0GLSWQ,CD276 antigen (CD276),PAY0WSZPJ,DXd,PAY0WSZPJ,DNA topoisomerase 1 (TOP1),Topo-I inhibitor,Mc-Gly-Gly-Phe-Gly,ADCC000786,Half Maximal Inhibitory Concentration (IC50),1,=,0.37,0.37,nM,1,Rh41 cells,Alveolar rhabdomyosarcoma,https://adcdb.idrblab.net/data/adc/details/DRG0NNKAQ,data/raw/adcdb_idrblab/adc_details/DRG0NNKAQ.html
DRG0NNKAQ,Ifinatamab deruxtecan,New Drug Application,Ifinatamab,TAR0GLSWQ,CD276 antigen (CD276),PAY0WSZPJ,DXd,PAY0WSZPJ,DNA topoisomerase 1 (TOP1),Topo-I inhibitor,Mc-Gly-Gly-Phe-Gly,ADCC000785,Half Maximal Inhibitory Concentration (IC50),1,=,0.55,0.55,nM,1,CCRF-CEM cells,T acute lymphoblastic leukemia,https://adcdb.idrblab.net/data/adc/details/DRG0NNKAQ,data/raw/adcdb_idrblab/adc_details/DRG0NNKAQ.html
DRG0NPYPV,T-CpHK-Mal-ADC,Investigative,Trastuzumab-CpHK,TAR0THKZD,Receptor tyrosine-protein kinase erbB-2 (HER2),PAY0FSXOW,Monomethyl auristatin E,PAY0FSXOW,Microtubule (MT),microtubule-disrupting,Mc-Val-Cit-PABC,ADCC002161,Half Maximal Inhibitory Concentration (IC50),1,=,0.2,0.2,nM,1,SK-BR-3 cells,Breast adenocarcinoma,https://adcdb.idrblab.net/data/adc/details/DRG0NPYPV,data/raw/adcdb_idrblab/adc_details/DRG0NPYPV.html
DRG0NPYPV,T-CpHK-Mal-ADC,Investigative,Trastuzumab-CpHK,TAR0THKZD,Receptor tyrosine-protein kinase erbB-2 (HER2),PAY0FSXOW,Monomethyl auristatin E,PAY0FSXOW,Microtubule (MT),microtubule-disrupting,Mc-Val-Cit-PABC,ADCC002162,Half Maximal Inhibitory Concentration (IC50),1,=,0.4,0.4,nM,1,NCI-N87 cells,Gastric tubular adenocarcinoma,https://adcdb.idrblab.net/data/adc/details/DRG0NPYPV,data/raw/adcdb_idrblab/adc_details/DRG0NPYPV.html
DRG0NPYPV,T-CpHK-Mal-ADC,Investigative,Trastuzumab-CpHK,TAR0THKZD,Receptor tyrosine-protein kinase erbB-2 (HER2),PAY0FSXOW,Monomethyl auristatin E,PAY0FSXOW,Microtubule (MT),microtubule-disrupting,Mc-Val-Cit-PABC,ADCC002163,Half Maximal Inhibitory Concentration (IC50),1,=,45,45.0,nM,1,ZR-75-1 cells,Invasive breast carcinoma,https://adcdb.idrblab.net/data/adc/details/DRG0NPYPV,data/raw/adcdb_idrblab/adc_details/DRG0NPYPV.html
DRG0OHTUI,Trastuzumab-C239I-SG3249,Investigative,Trastuzumab,TAR0THKZD,Receptor tyrosine-protein kinase erbB-2 (HER2),PAY0LZRXU,SG3199,PAY0LZRXU,Human Deoxyribonucleic acid (hDNA),DNA-damaging,Mal-PEG8-Val-Ala-PABC,ADCC001419,Half Maximal Inhibitory Concentration (IC50),1,=,14.4,14.4,pM,1,SK-BR-3 cells,Breast adenocarcinoma,https://adcdb.idrblab.net/data/adc/details/DRG0OHTUI,data/raw/adcdb_idrblab/adc_details/DRG0OHTUI.html
DRG0OIVTW,Tras-Gly3-Vakl-Cit-PAB-PNU-159682,Investigative,Trastuzumab,TAR0THKZD,Receptor tyrosine-protein kinase erbB-2 (HER2),PAY0WKBCR,PNU-159682,PAY0WKBCR,DNA topoisomerase 2-alpha (TOP2A),DNA-damaging,Gly3-vcPAB,ADCC002528,Half Maximal Inhibitory Concentration (IC50),1,=,0.24,0.24,ng/mL,0,SK-BR-3 cells,Breast adenocarcinoma,https://adcdb.idrblab.net/data/adc/details/DRG0OIVTW,data/raw/adcdb_idrblab/adc_details/DRG0OIVTW.html
DRG0OIVTW,Tras-Gly3-Vakl-Cit-PAB-PNU-159682,Investigative,Trastuzumab,TAR0THKZD,Receptor tyrosine-protein kinase erbB-2 (HER2),PAY0WKBCR,PNU-159682,PAY0WKBCR,DNA topoisomerase 2-alpha (TOP2A),DNA-damaging,Gly3-vcPAB,ADCC002529,Half Maximal Inhibitory Concentration (IC50),1,=,12,12.0,ng/mL,0,T-47D cells,Invasive breast carcinoma,https://adcdb.idrblab.net/data/adc/details/DRG0OIVTW,data/raw/adcdb_idrblab/adc_details/DRG0OIVTW.html
DRG0OKMOL,Mil40-6,Investigative,Mil40,TAR0THKZD,Receptor tyrosine-protein kinase erbB-2 (HER2),PAY0ZVBAI,Active metabolite of irinotecan SN38,PAY0ZVBAI,DNA topoisomerase 1 (TOP1),Topo-I inhibitor,Mal-PEG2-Val-Ala-PABC,ADCC002409,Half Maximal Inhibitory Concentration (IC50),1,=,15.9,15.9,nM,1,BT474 HerDR cells,Invasive breast carcinoma,https://adcdb.idrblab.net/data/adc/details/DRG0OKMOL,data/raw/adcdb_idrblab/adc_details/DRG0OKMOL.html
DRG0OKMOL,Mil40-6,Investigative,Mil40,TAR0THKZD,Receptor tyrosine-protein kinase erbB-2 (HER2),PAY0ZVBAI,Active metabolite of irinotecan SN38,PAY0ZVBAI,DNA topoisomerase 1 (TOP1),Topo-I inhibitor,Mal-PEG2-Val-Ala-PABC,ADCC002408,Half Maximal Inhibitory Concentration (IC50),1,=,320.8,320.8,nM,1,SK-OV-3 cells,Ovarian serous cystadenocarcinoma,https://adcdb.idrblab.net/data/adc/details/DRG0OKMOL,data/raw/adcdb_idrblab/adc_details/DRG0OKMOL.html
DRG0OKMOL,Mil40-6,Investigative,Mil40,TAR0THKZD,Receptor tyrosine-protein kinase erbB-2 (HER2),PAY0ZVBAI,Active metabolite of irinotecan SN38,PAY0ZVBAI,DNA topoisomerase 1 (TOP1),Topo-I inhibitor,Mal-PEG2-Val-Ala-PABC,ADCC002411,Half Maximal Inhibitory Concentration (IC50),1,=,484.71,484.71,nM,1,MCF-7 cells,Invasive breast carcinoma,https://adcdb.idrblab.net/data/adc/details/DRG0OKMOL,data/raw/adcdb_idrblab/adc_details/DRG0OKMOL.html
DRG0OKMOL,Mil40-6,Investigative,Mil40,TAR0THKZD,Receptor tyrosine-protein kinase erbB-2 (HER2),PAY0ZVBAI,Active metabolite of irinotecan SN38,PAY0ZVBAI,DNA topoisomerase 1 (TOP1),Topo-I inhibitor,Mal-PEG2-Val-Ala-PABC,ADCC002410,Half Maximal Inhibitory Concentration (IC50),1,>,> 1000,1000.0,nM,1,MDA-MB-231 cells,Breast adenocarcinoma,https://adcdb.idrblab.net/data/adc/details/DRG0OKMOL,data/raw/adcdb_idrblab/adc_details/DRG0OKMOL.html
DRG0ONBQK,PD-L1 ADC 2,Investigative,Avelumab,TAR0SYQPS,Programmed cell death 1 ligand 1 (PD-L1),PAY0FSXOW,Monomethyl auristatin E,PAY0FSXOW,Microtubule (MT),microtubule-disrupting,Mc-Val-Cit-PABC,ADCC002585,Half Maximal Inhibitory Concentration (IC50),1,=,272.1,272.1,nM,1,SK-MES-1 cells,Lung squamous cell carcinoma,https://adcdb.idrblab.net/data/adc/details/DRG0ONBQK,data/raw/adcdb_idrblab/adc_details/DRG0ONBQK.html
DRG0ONBQK,PD-L1 ADC 2,Investigative,Avelumab,TAR0SYQPS,Programmed cell death 1 ligand 1 (PD-L1),PAY0FSXOW,Monomethyl auristatin E,PAY0FSXOW,Microtubule (MT),microtubule-disrupting,Mc-Val-Cit-PABC,ADCC002586,Half Maximal Inhibitory Concentration (IC50),1,>,> 653.93,653.93,nM,1,AsPC-1 cells,Pancreatic ductal adenocarcinoma,https://adcdb.idrblab.net/data/adc/details/DRG0ONBQK,data/raw/adcdb_idrblab/adc_details/DRG0ONBQK.html
DRG0ONBQK,PD-L1 ADC 2,Investigative,Avelumab,TAR0SYQPS,Programmed cell death 1 ligand 1 (PD-L1),PAY0FSXOW,Monomethyl auristatin E,PAY0FSXOW,Microtubule (MT),microtubule-disrupting,Mc-Val-Cit-PABC,ADCC002584,Half Maximal Inhibitory Concentration (IC50),1,>,> 653.93,653.93,nM,1,MDA-MB-231 cells,Breast adenocarcinoma,https://adcdb.idrblab.net/data/adc/details/DRG0ONBQK,data/raw/adcdb_idrblab/adc_details/DRG0ONBQK.html
DRG0ONBQK,PD-L1 ADC 2,Investigative,Avelumab,TAR0SYQPS,Programmed cell death 1 ligand 1 (PD-L1),PAY0FSXOW,Monomethyl auristatin E,PAY0FSXOW,Microtubule (MT),microtubule-disrupting,Mc-Val-Cit-PABC,ADCC002583,Half Maximal Inhibitory Concentration (IC50),1,>,> 653.93,653.93,nM,1,Calu-1 cells,Lung squamous cell carcinoma,https://adcdb.idrblab.net/data/adc/details/DRG0ONBQK,data/raw/adcdb_idrblab/adc_details/DRG0ONBQK.html
DRG0OTHET,"Trastuzumab-Glc-beta-1,4GlcNAc-MMAE",Investigative,Trastuzumab,TAR0THKZD,Receptor tyrosine-protein kinase erbB-2 (HER2),PAY0FSXOW,Monomethyl auristatin E,PAY0FSXOW,Microtubule (MT),microtubule-disrupting,"Glc-beta-1,4GlcNAc",ADCC002246,Half Maximal Effective Concentration (EC50),1,>,> 10,10.0,uM,1,T-47D cells,Invasive breast carcinoma,https://adcdb.idrblab.net/data/adc/details/DRG0OTHET,data/raw/adcdb_idrblab/adc_details/DRG0OTHET.html
DRG0OTHET,"Trastuzumab-Glc-beta-1,4GlcNAc-MMAE",Investigative,Trastuzumab,TAR0THKZD,Receptor tyrosine-protein kinase erbB-2 (HER2),PAY0FSXOW,Monomethyl auristatin E,PAY0FSXOW,Microtubule (MT),microtubule-disrupting,"Glc-beta-1,4GlcNAc",ADCC002245,Half Maximal Effective Concentration (EC50),1,=,0.04 6.39,0.04,nM ng/mL,0,BT-474 cells,Invasive breast carcinoma,https://adcdb.idrblab.net/data/adc/details/DRG0OTHET,data/raw/adcdb_idrblab/adc_details/DRG0OTHET.html
DRG0OTHET,"Trastuzumab-Glc-beta-1,4GlcNAc-MMAE",Investigative,Trastuzumab,TAR0THKZD,Receptor tyrosine-protein kinase erbB-2 (HER2),PAY0FSXOW,Monomethyl auristatin E,PAY0FSXOW,Microtubule (MT),microtubule-disrupting,"Glc-beta-1,4GlcNAc",ADCC002244,Half Maximal Effective Concentration (EC50),1,=,0.07 10.67,0.07,nM ng/mL,0,SK-BR-3 cells,Breast adenocarcinoma,https://adcdb.idrblab.net/data/adc/details/DRG0OTHET,data/raw/adcdb_idrblab/adc_details/DRG0OTHET.html
DRG0PBBKC,FOLR1-Mal-PEG4-Eribulin,Investigative,Farletuzumab,TAR0QHAVI,Folate receptor alpha (FOLR1),PAY0JAEKD,Eribulin,PAY0JAEKD,Microtubule (MT),microtubule-disrupting,Mal-PEG4,ADCC006282,Half Maximal Inhibitory Concentration (IC50),1,=,0.28,0.28,nM,1,IGROV-1 cells,Ovarian endometrioid adenocarcinoma,https://adcdb.idrblab.net/data/adc/details/DRG0PBBKC,data/raw/adcdb_idrblab/adc_details/DRG0PBBKC.html
DRG0PBBKC,FOLR1-Mal-PEG4-Eribulin,Investigative,Farletuzumab,TAR0QHAVI,Folate receptor alpha (FOLR1),PAY0JAEKD,Eribulin,PAY0JAEKD,Microtubule (MT),microtubule-disrupting,Mal-PEG4,ADCC006298,Half Maximal Inhibitory Concentration (IC50),1,=,22,22.0,nM,1,NCI-H2110 cells,Lung non-small cell carcinoma,https://adcdb.idrblab.net/data/adc/details/DRG0PBBKC,data/raw/adcdb_idrblab/adc_details/DRG0PBBKC.html
DRG0PBBKC,FOLR1-Mal-PEG4-Eribulin,Investigative,Farletuzumab,TAR0QHAVI,Folate receptor alpha (FOLR1),PAY0JAEKD,Eribulin,PAY0JAEKD,Microtubule (MT),microtubule-disrupting,Mal-PEG4,ADCC006330,Half Maximal Inhibitory Concentration (IC50),1,>,> 100,100.0,nM,1,SJSA-1 cells,Osteosarcoma,https://adcdb.idrblab.net/data/adc/details/DRG0PBBKC,data/raw/adcdb_idrblab/adc_details/DRG0PBBKC.html
DRG0PBBKC,FOLR1-Mal-PEG4-Eribulin,Investigative,Farletuzumab,TAR0QHAVI,Folate receptor alpha (FOLR1),PAY0JAEKD,Eribulin,PAY0JAEKD,Microtubule (MT),microtubule-disrupting,Mal-PEG4,ADCC006314,Half Maximal Inhibitory Concentration (IC50),1,>,> 100,100.0,nM,1,A431 cells,Skin squamous cell carcinoma,https://adcdb.idrblab.net/data/adc/details/DRG0PBBKC,data/raw/adcdb_idrblab/adc_details/DRG0PBBKC.html
DRG0PFZZF,Anti-KIT NEG085-SMCC-DM1,Investigative,Anti-KIT mAb NEG085,TAR0SDULL,Mast/stem cell growth factor receptor Kit (KIT),PAY0JCIBW,Mertansine DM1,PAY0JCIBW,Microtubule (MT),microtubule-disrupting,Succinimidyl-4-(N-maleimidomethyl)cyclohexane-1-carboxylate (SMCC),ADCC008155,Max inhibition rate (MIR),0,=,59,59.0,%,0,CVCL_7040,Gastrointestinal stromal tumor,https://adcdb.idrblab.net/data/adc/details/DRG0PFZZF,data/raw/adcdb_idrblab/adc_details/DRG0PFZZF.html
DRG0PFZZF,Anti-KIT NEG085-SMCC-DM1,Investigative,Anti-KIT mAb NEG085,TAR0SDULL,Mast/stem cell growth factor receptor Kit (KIT),PAY0JCIBW,Mertansine DM1,PAY0JCIBW,Microtubule (MT),microtubule-disrupting,Succinimidyl-4-(N-maleimidomethyl)cyclohexane-1-carboxylate (SMCC),ADCC008150,Max inhibition rate (MIR),0,=,71,71.0,%,0,CVCL_7044,Gastrointestinal stromal tumor,https://adcdb.idrblab.net/data/adc/details/DRG0PFZZF,data/raw/adcdb_idrblab/adc_details/DRG0PFZZF.html
DRG0PFZZF,Anti-KIT NEG085-SMCC-DM1,Investigative,Anti-KIT mAb NEG085,TAR0SDULL,Mast/stem cell growth factor receptor Kit (KIT),PAY0JCIBW,Mertansine DM1,PAY0JCIBW,Microtubule (MT),microtubule-disrupting,Succinimidyl-4-(N-maleimidomethyl)cyclohexane-1-carboxylate (SMCC),ADCC008145,Max inhibition rate (MIR),0,=,76,76.0,%,0,CVCL_4976,Gastrointestinal stromal tumor,https://adcdb.idrblab.net/data/adc/details/DRG0PFZZF,data/raw/adcdb_idrblab/adc_details/DRG0PFZZF.html
DRG0PFZZF,Anti-KIT NEG085-SMCC-DM1,Investigative,Anti-KIT mAb NEG085,TAR0SDULL,Mast/stem cell growth factor receptor Kit (KIT),PAY0JCIBW,Mertansine DM1,PAY0JCIBW,Microtubule (MT),microtubule-disrupting,Succinimidyl-4-(N-maleimidomethyl)cyclohexane-1-carboxylate (SMCC),ADCC008170,Max inhibition rate (MIR),0,=,80,80.0,%,0,CVCL_0614,Acute myeloid leukemia,https://adcdb.idrblab.net/data/adc/details/DRG0PFZZF,data/raw/adcdb_idrblab/adc_details/DRG0PFZZF.html
DRG0PFZZF,Anti-KIT NEG085-SMCC-DM1,Investigative,Anti-KIT mAb NEG085,TAR0SDULL,Mast/stem cell growth factor receptor Kit (KIT),PAY0JCIBW,Mertansine DM1,PAY0JCIBW,Microtubule (MT),microtubule-disrupting,Succinimidyl-4-(N-maleimidomethyl)cyclohexane-1-carboxylate (SMCC),ADCC008180,Max inhibition rate (MIR),0,=,90,90.0,%,0,CVCL_0418,Breast adenocarcinoma,https://adcdb.idrblab.net/data/adc/details/DRG0PFZZF,data/raw/adcdb_idrblab/adc_details/DRG0PFZZF.html
DRG0PFZZF,Anti-KIT NEG085-SMCC-DM1,Investigative,Anti-KIT mAb NEG085,TAR0SDULL,Mast/stem cell growth factor receptor Kit (KIT),PAY0JCIBW,Mertansine DM1,PAY0JCIBW,Microtubule (MT),microtubule-disrupting,Succinimidyl-4-(N-maleimidomethyl)cyclohexane-1-carboxylate (SMCC),ADCC008165,Max inhibition rate (MIR),0,=,98,98.0,%,0,CVCL_1453,Lung small cell carcinoma,https://adcdb.idrblab.net/data/adc/details/DRG0PFZZF,data/raw/adcdb_idrblab/adc_details/DRG0PFZZF.html
DRG0PFZZF,Anti-KIT NEG085-SMCC-DM1,Investigative,Anti-KIT mAb NEG085,TAR0SDULL,Mast/stem cell growth factor receptor Kit (KIT),PAY0JCIBW,Mertansine DM1,PAY0JCIBW,Microtubule (MT),microtubule-disrupting,Succinimidyl-4-(N-maleimidomethyl)cyclohexane-1-carboxylate (SMCC),ADCC008175,Max inhibition rate (MIR),0,=,99,99.0,%,0,CVCL_0589,Myeloid leukemia with maturation,https://adcdb.idrblab.net/data/adc/details/DRG0PFZZF,data/raw/adcdb_idrblab/adc_details/DRG0PFZZF.html
DRG0PFZZF,Anti-KIT NEG085-SMCC-DM1,Investigative,Anti-KIT mAb NEG085,TAR0SDULL,Mast/stem cell growth factor receptor Kit (KIT),PAY0JCIBW,Mertansine DM1,PAY0JCIBW,Microtubule (MT),microtubule-disrupting,Succinimidyl-4-(N-maleimidomethyl)cyclohexane-1-carboxylate (SMCC),ADCC008160,Max inhibition rate (MIR),0,=,99,99.0,%,0,CVCL_1569,Lung small cell carcinoma,https://adcdb.idrblab.net/data/adc/details/DRG0PFZZF,data/raw/adcdb_idrblab/adc_details/DRG0PFZZF.html
DRG0PFZZF,Anti-KIT NEG085-SMCC-DM1,Investigative,Anti-KIT mAb NEG085,TAR0SDULL,Mast/stem cell growth factor receptor Kit (KIT),PAY0JCIBW,Mertansine DM1,PAY0JCIBW,Microtubule (MT),microtubule-disrupting,Succinimidyl-4-(N-maleimidomethyl)cyclohexane-1-carboxylate (SMCC),ADCC008105,Half Maximal Inhibitory Concentration (IC50),1,=,0.01,0.01,nM,1,CVCL_4976,Gastrointestinal stromal tumor,https://adcdb.idrblab.net/data/adc/details/DRG0PFZZF,data/raw/adcdb_idrblab/adc_details/DRG0PFZZF.html
DRG0PFZZF,Anti-KIT NEG085-SMCC-DM1,Investigative,Anti-KIT mAb NEG085,TAR0SDULL,Mast/stem cell growth factor receptor Kit (KIT),PAY0JCIBW,Mertansine DM1,PAY0JCIBW,Microtubule (MT),microtubule-disrupting,Succinimidyl-4-(N-maleimidomethyl)cyclohexane-1-carboxylate (SMCC),ADCC008120,Half Maximal Inhibitory Concentration (IC50),1,=,0.03,0.03,nM,1,CVCL_1569,Lung small cell carcinoma,https://adcdb.idrblab.net/data/adc/details/DRG0PFZZF,data/raw/adcdb_idrblab/adc_details/DRG0PFZZF.html
DRG0PFZZF,Anti-KIT NEG085-SMCC-DM1,Investigative,Anti-KIT mAb NEG085,TAR0SDULL,Mast/stem cell growth factor receptor Kit (KIT),PAY0JCIBW,Mertansine DM1,PAY0JCIBW,Microtubule (MT),microtubule-disrupting,Succinimidyl-4-(N-maleimidomethyl)cyclohexane-1-carboxylate (SMCC),ADCC008115,Half Maximal Inhibitory Concentration (IC50),1,=,0.04,0.04,nM,1,CVCL_7040,Gastrointestinal stromal tumor,https://adcdb.idrblab.net/data/adc/details/DRG0PFZZF,data/raw/adcdb_idrblab/adc_details/DRG0PFZZF.html
DRG0PFZZF,Anti-KIT NEG085-SMCC-DM1,Investigative,Anti-KIT mAb NEG085,TAR0SDULL,Mast/stem cell growth factor receptor Kit (KIT),PAY0JCIBW,Mertansine DM1,PAY0JCIBW,Microtubule (MT),microtubule-disrupting,Succinimidyl-4-(N-maleimidomethyl)cyclohexane-1-carboxylate (SMCC),ADCC008110,Half Maximal Inhibitory Concentration (IC50),1,=,0.47,0.47,nM,1,CVCL_7044,Gastrointestinal stromal tumor,https://adcdb.idrblab.net/data/adc/details/DRG0PFZZF,data/raw/adcdb_idrblab/adc_details/DRG0PFZZF.html
DRG0PFZZF,Anti-KIT NEG085-SMCC-DM1,Investigative,Anti-KIT mAb NEG085,TAR0SDULL,Mast/stem cell growth factor receptor Kit (KIT),PAY0JCIBW,Mertansine DM1,PAY0JCIBW,Microtubule (MT),microtubule-disrupting,Succinimidyl-4-(N-maleimidomethyl)cyclohexane-1-carboxylate (SMCC),ADCC008125,Half Maximal Inhibitory Concentration (IC50),1,=,0.55,0.55,nM,1,CVCL_1453,Lung small cell carcinoma,https://adcdb.idrblab.net/data/adc/details/DRG0PFZZF,data/raw/adcdb_idrblab/adc_details/DRG0PFZZF.html
DRG0PFZZF,Anti-KIT NEG085-SMCC-DM1,Investigative,Anti-KIT mAb NEG085,TAR0SDULL,Mast/stem cell growth factor receptor Kit (KIT),PAY0JCIBW,Mertansine DM1,PAY0JCIBW,Microtubule (MT),microtubule-disrupting,Succinimidyl-4-(N-maleimidomethyl)cyclohexane-1-carboxylate (SMCC),ADCC008130,Half Maximal Inhibitory Concentration (IC50),1,=,0.64,0.64,nM,1,CVCL_0614,Acute myeloid leukemia,https://adcdb.idrblab.net/data/adc/details/DRG0PFZZF,data/raw/adcdb_idrblab/adc_details/DRG0PFZZF.html
DRG0PFZZF,Anti-KIT NEG085-SMCC-DM1,Investigative,Anti-KIT mAb NEG085,TAR0SDULL,Mast/stem cell growth factor receptor Kit (KIT),PAY0JCIBW,Mertansine DM1,PAY0JCIBW,Microtubule (MT),microtubule-disrupting,Succinimidyl-4-(N-maleimidomethyl)cyclohexane-1-carboxylate (SMCC),ADCC008135,Half Maximal Inhibitory Concentration (IC50),1,=,4.82,4.82,nM,1,CVCL_0589,Myeloid leukemia with maturation,https://adcdb.idrblab.net/data/adc/details/DRG0PFZZF,data/raw/adcdb_idrblab/adc_details/DRG0PFZZF.html
DRG0PFZZF,Anti-KIT NEG085-SMCC-DM1,Investigative,Anti-KIT mAb NEG085,TAR0SDULL,Mast/stem cell growth factor receptor Kit (KIT),PAY0JCIBW,Mertansine DM1,PAY0JCIBW,Microtubule (MT),microtubule-disrupting,Succinimidyl-4-(N-maleimidomethyl)cyclohexane-1-carboxylate (SMCC),ADCC008140,Half Maximal Inhibitory Concentration (IC50),1,=,46.83,46.83,nM,1,CVCL_0418,Breast adenocarcinoma,https://adcdb.idrblab.net/data/adc/details/DRG0PFZZF,data/raw/adcdb_idrblab/adc_details/DRG0PFZZF.html
DRG0PNJIT,Tisotumab vedotin,Approved in 2021,Tisotumab,TAR0ZIMMG,Tissue factor (F3),PAY0FSXOW,Monomethyl auristatin E,PAY0FSXOW,Microtubule (MT),microtubule-disrupting,Mc-Val-Cit-PABC,ADCC000005,Half Maximal Inhibitory Concentration (IC50),1,=,5,5.0,nM,1,HEL 92.1.7 cells (Multidrug resistance),Erythroleukemia,https://adcdb.idrblab.net/data/adc/details/DRG0PNJIT,data/raw/adcdb_idrblab/adc_details/DRG0PNJIT.html
DRG0PNJIT,Tisotumab vedotin,Approved in 2021,Tisotumab,TAR0ZIMMG,Tissue factor (F3),PAY0FSXOW,Monomethyl auristatin E,PAY0FSXOW,Microtubule (MT),microtubule-disrupting,Mc-Val-Cit-PABC,ADCC000007,Half Maximal Effective Concentration (EC50),1,=,14,14.0,nM,1,A431 cells,Skin squamous cell carcinoma,https://adcdb.idrblab.net/data/adc/details/DRG0PNJIT,data/raw/adcdb_idrblab/adc_details/DRG0PNJIT.html
DRG0PNJIT,Tisotumab vedotin,Approved in 2021,Tisotumab,TAR0ZIMMG,Tissue factor (F3),PAY0FSXOW,Monomethyl auristatin E,PAY0FSXOW,Microtubule (MT),microtubule-disrupting,Mc-Val-Cit-PABC,ADCC000006,Half Maximal Effective Concentration (EC50),1,=,14,14.0,nM,1,A431 cells,Skin squamous cell carcinoma,https://adcdb.idrblab.net/data/adc/details/DRG0PNJIT,data/raw/adcdb_idrblab/adc_details/DRG0PNJIT.html
DRG0PNJIT,Tisotumab vedotin,Approved in 2021,Tisotumab,TAR0ZIMMG,Tissue factor (F3),PAY0FSXOW,Monomethyl auristatin E,PAY0FSXOW,Microtubule (MT),microtubule-disrupting,Mc-Val-Cit-PABC,ADCC000001,Half Maximal Effective Concentration (EC50),1,=,14,14.0,nM,1,A431 cells,Skin squamous cell carcinoma,https://adcdb.idrblab.net/data/adc/details/DRG0PNJIT,data/raw/adcdb_idrblab/adc_details/DRG0PNJIT.html
DRG0PNJIT,Tisotumab vedotin,Approved in 2021,Tisotumab,TAR0ZIMMG,Tissue factor (F3),PAY0FSXOW,Monomethyl auristatin E,PAY0FSXOW,Microtubule (MT),microtubule-disrupting,Mc-Val-Cit-PABC,ADCC000002,Half Maximal Effective Concentration (EC50),1,=,411,411.0,ng/mL,0,HPAF-II cells,Pancreatic ductal adenocarcinoma,https://adcdb.idrblab.net/data/adc/details/DRG0PNJIT,data/raw/adcdb_idrblab/adc_details/DRG0PNJIT.html
DRG0PNJIT,Tisotumab vedotin,Approved in 2021,Tisotumab,TAR0ZIMMG,Tissue factor (F3),PAY0FSXOW,Monomethyl auristatin E,PAY0FSXOW,Microtubule (MT),microtubule-disrupting,Mc-Val-Cit-PABC,ADCC000003,Half Maximal Effective Concentration (EC50),1,>,> 10,10.0,ug/mL,0,HCT 116 cells,Colon carcinoma,https://adcdb.idrblab.net/data/adc/details/DRG0PNJIT,data/raw/adcdb_idrblab/adc_details/DRG0PNJIT.html
DRG0PNJIT,Tisotumab vedotin,Approved in 2021,Tisotumab,TAR0ZIMMG,Tissue factor (F3),PAY0FSXOW,Monomethyl auristatin E,PAY0FSXOW,Microtubule (MT),microtubule-disrupting,Mc-Val-Cit-PABC,ADCC000004,Half Maximal Effective Concentration (EC50),1,>,> 10,10.0,mg/mL,0,TOV-21G cells,Ovarian clear cell adenocarcinoma,https://adcdb.idrblab.net/data/adc/details/DRG0PNJIT,data/raw/adcdb_idrblab/adc_details/DRG0PNJIT.html
DRG0PTXBI,Hu-Alpha-EGFR (ACVC)-172,Investigative,"hu-alpha-EGFR(ACVC), cetuximab with A114C and V205C mutations",TAR0UYFIF,Epidermal growth factor receptor (EGFR),PAY0MQMQP,IMSA172,PAY0MQMQP,Stimulator of interferon genes protein (STING1),Other,Mc-Val-Cit-PABC,ADCC002308,Half Maximal Inhibitory Concentration (IC50),1,=,1.5,1.5,nM,1,THP1-Lucia ISG cells,Acute monocytic leukemia,https://adcdb.idrblab.net/data/adc/details/DRG0PTXBI,data/raw/adcdb_idrblab/adc_details/DRG0PTXBI.html
DRG0PTXBI,Hu-Alpha-EGFR (ACVC)-172,Investigative,"hu-alpha-EGFR(ACVC), cetuximab with A114C and V205C mutations",TAR0UYFIF,Epidermal growth factor receptor (EGFR),PAY0MQMQP,IMSA172,PAY0MQMQP,Stimulator of interferon genes protein (STING1),Other,Mc-Val-Cit-PABC,ADCC002309,Half Maximal Inhibitory Concentration (IC50),1,>,> 10,10.0,uM,1,THP1-Lucia ISG cells,Acute monocytic leukemia,https://adcdb.idrblab.net/data/adc/details/DRG0PTXBI,data/raw/adcdb_idrblab/adc_details/DRG0PTXBI.html
DRG0PXQWR,Depatuxizumab mafodotin,Phase 3 (discontinued),Depatuxizumab,TAR0UYFIF,Epidermal growth factor receptor (EGFR),PAY0QLDVX,Monomethyl auristatin F,PAY0QLDVX,Microtubule (MT),microtubule-disrupting,Maleimido-caproyl,ADCC006944,Tumor Growth Inhibition value (TGI),0,=,≈ 87.5,87.5,%,0,MSTO-211H cells,Pleural biphasic mesothelioma,https://adcdb.idrblab.net/data/adc/details/DRG0PXQWR,data/raw/adcdb_idrblab/adc_details/DRG0PXQWR.html
DRG0PXQWR,Depatuxizumab mafodotin,Phase 3 (discontinued),Depatuxizumab,TAR0UYFIF,Epidermal growth factor receptor (EGFR),PAY0QLDVX,Monomethyl auristatin F,PAY0QLDVX,Microtubule (MT),microtubule-disrupting,Maleimido-caproyl,ADCC006942,Half Maximal Inhibitory Concentration (IC50),1,=,10.00 - 35.00,10.0,ug/mL,0,NCI-H2052 cells,Pleural mesothelioma,https://adcdb.idrblab.net/data/adc/details/DRG0PXQWR,data/raw/adcdb_idrblab/adc_details/DRG0PXQWR.html
DRG0PXQWR,Depatuxizumab mafodotin,Phase 3 (discontinued),Depatuxizumab,TAR0UYFIF,Epidermal growth factor receptor (EGFR),PAY0QLDVX,Monomethyl auristatin F,PAY0QLDVX,Microtubule (MT),microtubule-disrupting,Maleimido-caproyl,ADCC006940,Half Maximal Inhibitory Concentration (IC50),1,=,10.00 - 35.00,10.0,ug/mL,0,NCI-H2052 cells,Pleural mesothelioma,https://adcdb.idrblab.net/data/adc/details/DRG0PXQWR,data/raw/adcdb_idrblab/adc_details/DRG0PXQWR.html
DRG0PXQWR,Depatuxizumab mafodotin,Phase 3 (discontinued),Depatuxizumab,TAR0UYFIF,Epidermal growth factor receptor (EGFR),PAY0QLDVX,Monomethyl auristatin F,PAY0QLDVX,Microtubule (MT),microtubule-disrupting,Maleimido-caproyl,ADCC006938,Half Maximal Inhibitory Concentration (IC50),1,=,10.00 - 35.00,10.0,ug/mL,0,NCI-H28 cells,Pleural mesothelioma,https://adcdb.idrblab.net/data/adc/details/DRG0PXQWR,data/raw/adcdb_idrblab/adc_details/DRG0PXQWR.html
DRG0PXQWR,Depatuxizumab mafodotin,Phase 3 (discontinued),Depatuxizumab,TAR0UYFIF,Epidermal growth factor receptor (EGFR),PAY0QLDVX,Monomethyl auristatin F,PAY0QLDVX,Microtubule (MT),microtubule-disrupting,Maleimido-caproyl,ADCC006936,Half Maximal Inhibitory Concentration (IC50),1,=,10.00 - 35.00,10.0,ug/mL,0,MSTO-211H cells,Pleural biphasic mesothelioma,https://adcdb.idrblab.net/data/adc/details/DRG0PXQWR,data/raw/adcdb_idrblab/adc_details/DRG0PXQWR.html
DRG0PZEQO,T-DM1-2.6,Investigative,Trastuzumab,TAR0THKZD,Receptor tyrosine-protein kinase erbB-2 (HER2),PAY0JCIBW,Mertansine DM1,PAY0JCIBW,Microtubule (MT),microtubule-disrupting,Succinimidyl-4-(N-maleimidomethyl)cyclohexane-1-carboxylate (SMCC),ADCC006794,Half Maximal Inhibitory Concentration (IC50),1,=,0.04,0.04,nM,1,SK-BR-3 cells,Breast adenocarcinoma,https://adcdb.idrblab.net/data/adc/details/DRG0PZEQO,data/raw/adcdb_idrblab/adc_details/DRG0PZEQO.html
DRG0PZEQO,T-DM1-2.6,Investigative,Trastuzumab,TAR0THKZD,Receptor tyrosine-protein kinase erbB-2 (HER2),PAY0JCIBW,Mertansine DM1,PAY0JCIBW,Microtubule (MT),microtubule-disrupting,Succinimidyl-4-(N-maleimidomethyl)cyclohexane-1-carboxylate (SMCC),ADCC006840,Half Maximal Inhibitory Concentration (IC50),1,=,1.05,1.05,nM,1,NCI-N87 cells,Gastric tubular adenocarcinoma,https://adcdb.idrblab.net/data/adc/details/DRG0PZEQO,data/raw/adcdb_idrblab/adc_details/DRG0PZEQO.html
DRG0PZEQO,T-DM1-2.6,Investigative,Trastuzumab,TAR0THKZD,Receptor tyrosine-protein kinase erbB-2 (HER2),PAY0JCIBW,Mertansine DM1,PAY0JCIBW,Microtubule (MT),microtubule-disrupting,Succinimidyl-4-(N-maleimidomethyl)cyclohexane-1-carboxylate (SMCC),ADCC006886,Half Maximal Inhibitory Concentration (IC50),1,>,> 66,66.0,nM,1,MDA-MB-231 cells,Breast adenocarcinoma,https://adcdb.idrblab.net/data/adc/details/DRG0PZEQO,data/raw/adcdb_idrblab/adc_details/DRG0PZEQO.html
DRG0PZVUG,Mil40-5,Investigative,Mil40,TAR0THKZD,Receptor tyrosine-protein kinase erbB-2 (HER2),PAY0ZVBAI,Active metabolite of irinotecan SN38,PAY0ZVBAI,DNA topoisomerase 1 (TOP1),Topo-I inhibitor,Mc-Val-Ala-PABC,ADCC002405,Half Maximal Inhibitory Concentration (IC50),1,=,14.5,14.5,nM,1,BT474 HerDR cells,Invasive breast carcinoma,https://adcdb.idrblab.net/data/adc/details/DRG0PZVUG,data/raw/adcdb_idrblab/adc_details/DRG0PZVUG.html
DRG0PZVUG,Mil40-5,Investigative,Mil40,TAR0THKZD,Receptor tyrosine-protein kinase erbB-2 (HER2),PAY0ZVBAI,Active metabolite of irinotecan SN38,PAY0ZVBAI,DNA topoisomerase 1 (TOP1),Topo-I inhibitor,Mc-Val-Ala-PABC,ADCC002404,Half Maximal Inhibitory Concentration (IC50),1,=,157.6,157.6,nM,1,SK-OV-3 cells,Ovarian serous cystadenocarcinoma,https://adcdb.idrblab.net/data/adc/details/DRG0PZVUG,data/raw/adcdb_idrblab/adc_details/DRG0PZVUG.html
DRG0PZVUG,Mil40-5,Investigative,Mil40,TAR0THKZD,Receptor tyrosine-protein kinase erbB-2 (HER2),PAY0ZVBAI,Active metabolite of irinotecan SN38,PAY0ZVBAI,DNA topoisomerase 1 (TOP1),Topo-I inhibitor,Mc-Val-Ala-PABC,ADCC002407,Half Maximal Inhibitory Concentration (IC50),1,>,> 1000,1000.0,nM,1,MCF-7 cells,Invasive breast carcinoma,https://adcdb.idrblab.net/data/adc/details/DRG0PZVUG,data/raw/adcdb_idrblab/adc_details/DRG0PZVUG.html
DRG0PZVUG,Mil40-5,Investigative,Mil40,TAR0THKZD,Receptor tyrosine-protein kinase erbB-2 (HER2),PAY0ZVBAI,Active metabolite of irinotecan SN38,PAY0ZVBAI,DNA topoisomerase 1 (TOP1),Topo-I inhibitor,Mc-Val-Ala-PABC,ADCC002406,Half Maximal Inhibitory Concentration (IC50),1,>,> 1000,1000.0,nM,1,MDA-MB-231 cells,Breast adenocarcinoma,https://adcdb.idrblab.net/data/adc/details/DRG0PZVUG,data/raw/adcdb_idrblab/adc_details/DRG0PZVUG.html
DRG0QBGIW,Anti-TNF ADC 116,Investigative,Anti-TNF mAb alpha-TNF,TAR0DEDPZ,Tumor necrosis factor receptor superfamily member 1A (TNFRSF1A),PAY0KYMOZ,GRM cpd 31,PAY0KYMOZ,Glucocorticoid receptor (NR3C1),Other,MP-Ala-Ala,ADCC001887,Half Maximal Effective Concentration (EC50),1,=,0.29,0.29,ug/mL,0,K-562 cells (TNF expression),Chronic myelogenous leukemia,https://adcdb.idrblab.net/data/adc/details/DRG0QBGIW,data/raw/adcdb_idrblab/adc_details/DRG0QBGIW.html
DRG0QBGIW,Anti-TNF ADC 116,Investigative,Anti-TNF mAb alpha-TNF,TAR0DEDPZ,Tumor necrosis factor receptor superfamily member 1A (TNFRSF1A),PAY0KYMOZ,GRM cpd 31,PAY0KYMOZ,Glucocorticoid receptor (NR3C1),Other,MP-Ala-Ala,ADCC001888,Half Maximal Effective Concentration (EC50),1,=,5.8,5.8,ug/mL,0,K-562 cells,Chronic myelogenous leukemia,https://adcdb.idrblab.net/data/adc/details/DRG0QBGIW,data/raw/adcdb_idrblab/adc_details/DRG0QBGIW.html
DRG0QCXIA,Anti-TNF ADC 104,Investigative,Anti-TNF mAb alpha-TNF,TAR0DEDPZ,Tumor necrosis factor receptor superfamily member 1A (TNFRSF1A),PAY0XMOKS,GRM cpd 5,PAY0XMOKS,Glucocorticoid receptor (NR3C1),Other,MP-Ala-Ala,ADCC001863,Half Maximal Effective Concentration (EC50),1,=,0.03,0.03,ug/mL,0,K-562 cells (TNF expression),Chronic myelogenous leukemia,https://adcdb.idrblab.net/data/adc/details/DRG0QCXIA,data/raw/adcdb_idrblab/adc_details/DRG0QCXIA.html
DRG0QCXIA,Anti-TNF ADC 104,Investigative,Anti-TNF mAb alpha-TNF,TAR0DEDPZ,Tumor necrosis factor receptor superfamily member 1A (TNFRSF1A),PAY0XMOKS,GRM cpd 5,PAY0XMOKS,Glucocorticoid receptor (NR3C1),Other,MP-Ala-Ala,ADCC001864,Half Maximal Effective Concentration (EC50),1,=,0.77,0.77,ug/mL,0,K-562 cells,Chronic myelogenous leukemia,https://adcdb.idrblab.net/data/adc/details/DRG0QCXIA,data/raw/adcdb_idrblab/adc_details/DRG0QCXIA.html
DRG0QGQWG,Lmab-CL2A-SN38,Investigative,Labetuzumab,TAR0MKNCY,Carcinoembryonic antigen-related cell adhesion molecule 5 (CEACAM5),PAY0ZVBAI,Active metabolite of irinotecan SN38,PAY0ZVBAI,DNA topoisomerase 1 (TOP1),Topo-I inhibitor,CL2E,ADCC001759,Half Maximal Effective Concentration (EC50),1,=,1.7,1.7,nM,1,Reh cells,B acute lymphoblastic leukemia,https://adcdb.idrblab.net/data/adc/details/DRG0QGQWG,data/raw/adcdb_idrblab/adc_details/DRG0QGQWG.html
DRG0QGQWG,Lmab-CL2A-SN38,Investigative,Labetuzumab,TAR0MKNCY,Carcinoembryonic antigen-related cell adhesion molecule 5 (CEACAM5),PAY0ZVBAI,Active metabolite of irinotecan SN38,PAY0ZVBAI,DNA topoisomerase 1 (TOP1),Topo-I inhibitor,CL2E,ADCC001758,Half Maximal Effective Concentration (EC50),1,=,2.8,2.8,nM,1,Raji cells,EBV-related Burkitt lymphoma,https://adcdb.idrblab.net/data/adc/details/DRG0QGQWG,data/raw/adcdb_idrblab/adc_details/DRG0QGQWG.html
DRG0QGQWG,Lmab-CL2A-SN38,Investigative,Labetuzumab,TAR0MKNCY,Carcinoembryonic antigen-related cell adhesion molecule 5 (CEACAM5),PAY0ZVBAI,Active metabolite of irinotecan SN38,PAY0ZVBAI,DNA topoisomerase 1 (TOP1),Topo-I inhibitor,CL2E,ADCC001757,Half Maximal Effective Concentration (EC50),1,=,5.1,5.1,nM,1,Ramos cells,Burkitt lymphoma,https://adcdb.idrblab.net/data/adc/details/DRG0QGQWG,data/raw/adcdb_idrblab/adc_details/DRG0QGQWG.html
DRG0QITMW,Labetuzumab-CL2E-SN-38,Investigative,Labetuzumab,TAR0MKNCY,Carcinoembryonic antigen-related cell adhesion molecule 5 (CEACAM5),PAY0ZVBAI,Active metabolite of irinotecan SN38,PAY0ZVBAI,DNA topoisomerase 1 (TOP1),Topo-I inhibitor,CL2E,ADCC006970,Half Maximal Effective Concentration (EC50),1,=,1.17,1.17,nM,1,JeKo-1 cells,Mantle cell lymphoma,https://adcdb.idrblab.net/data/adc/details/DRG0QITMW,data/raw/adcdb_idrblab/adc_details/DRG0QITMW.html
DRG0QITMW,Labetuzumab-CL2E-SN-38,Investigative,Labetuzumab,TAR0MKNCY,Carcinoembryonic antigen-related cell adhesion molecule 5 (CEACAM5),PAY0ZVBAI,Active metabolite of irinotecan SN38,PAY0ZVBAI,DNA topoisomerase 1 (TOP1),Topo-I inhibitor,CL2E,ADCC006966,Half Maximal Effective Concentration (EC50),1,=,3.73,3.73,nM,1,Raji cells,EBV-related Burkitt lymphoma,https://adcdb.idrblab.net/data/adc/details/DRG0QITMW,data/raw/adcdb_idrblab/adc_details/DRG0QITMW.html
DRG0QITMW,Labetuzumab-CL2E-SN-38,Investigative,Labetuzumab,TAR0MKNCY,Carcinoembryonic antigen-related cell adhesion molecule 5 (CEACAM5),PAY0ZVBAI,Active metabolite of irinotecan SN38,PAY0ZVBAI,DNA topoisomerase 1 (TOP1),Topo-I inhibitor,CL2E,ADCC006968,Half Maximal Effective Concentration (EC50),1,=,8.08,8.08,nM,1,Daudi cells,Burkitt lymphoma,https://adcdb.idrblab.net/data/adc/details/DRG0QITMW,data/raw/adcdb_idrblab/adc_details/DRG0QITMW.html
DRG0QITMW,Labetuzumab-CL2E-SN-38,Investigative,Labetuzumab,TAR0MKNCY,Carcinoembryonic antigen-related cell adhesion molecule 5 (CEACAM5),PAY0ZVBAI,Active metabolite of irinotecan SN38,PAY0ZVBAI,DNA topoisomerase 1 (TOP1),Topo-I inhibitor,CL2E,ADCC006974,Half Maximal Effective Concentration (EC50),1,>,> 50,50.0,nM,1,MN-60 cells,Burkitt lymphoma,https://adcdb.idrblab.net/data/adc/details/DRG0QITMW,data/raw/adcdb_idrblab/adc_details/DRG0QITMW.html
DRG0QITMW,Labetuzumab-CL2E-SN-38,Investigative,Labetuzumab,TAR0MKNCY,Carcinoembryonic antigen-related cell adhesion molecule 5 (CEACAM5),PAY0ZVBAI,Active metabolite of irinotecan SN38,PAY0ZVBAI,DNA topoisomerase 1 (TOP1),Topo-I inhibitor,CL2E,ADCC006973,Half Maximal Effective Concentration (EC50),1,>,> 50,50.0,nM,1,RS4 11 cells,Adult B acute lymphoblastic leukemia,https://adcdb.idrblab.net/data/adc/details/DRG0QITMW,data/raw/adcdb_idrblab/adc_details/DRG0QITMW.html
DRG0QITMW,Labetuzumab-CL2E-SN-38,Investigative,Labetuzumab,TAR0MKNCY,Carcinoembryonic antigen-related cell adhesion molecule 5 (CEACAM5),PAY0ZVBAI,Active metabolite of irinotecan SN38,PAY0ZVBAI,DNA topoisomerase 1 (TOP1),Topo-I inhibitor,CL2E,ADCC006972,Half Maximal Effective Concentration (EC50),1,>,> 50,50.0,nM,1,697 cells,Childhood B acute lymphoblastic leukemia,https://adcdb.idrblab.net/data/adc/details/DRG0QITMW,data/raw/adcdb_idrblab/adc_details/DRG0QITMW.html
DRG0QITMW,Labetuzumab-CL2E-SN-38,Investigative,Labetuzumab,TAR0MKNCY,Carcinoembryonic antigen-related cell adhesion molecule 5 (CEACAM5),PAY0ZVBAI,Active metabolite of irinotecan SN38,PAY0ZVBAI,DNA topoisomerase 1 (TOP1),Topo-I inhibitor,CL2E,ADCC006971,Half Maximal Effective Concentration (EC50),1,>,> 50,50.0,nM,1,Reh cells,B acute lymphoblastic leukemia,https://adcdb.idrblab.net/data/adc/details/DRG0QITMW,data/raw/adcdb_idrblab/adc_details/DRG0QITMW.html
DRG0QITMW,Labetuzumab-CL2E-SN-38,Investigative,Labetuzumab,TAR0MKNCY,Carcinoembryonic antigen-related cell adhesion molecule 5 (CEACAM5),PAY0ZVBAI,Active metabolite of irinotecan SN38,PAY0ZVBAI,DNA topoisomerase 1 (TOP1),Topo-I inhibitor,CL2E,ADCC006969,Half Maximal Effective Concentration (EC50),1,>,> 50,50.0,nM,1,WSU-FSCCL cells,Follicular lymphoma,https://adcdb.idrblab.net/data/adc/details/DRG0QITMW,data/raw/adcdb_idrblab/adc_details/DRG0QITMW.html
DRG0QITMW,Labetuzumab-CL2E-SN-38,Investigative,Labetuzumab,TAR0MKNCY,Carcinoembryonic antigen-related cell adhesion molecule 5 (CEACAM5),PAY0ZVBAI,Active metabolite of irinotecan SN38,PAY0ZVBAI,DNA topoisomerase 1 (TOP1),Topo-I inhibitor,CL2E,ADCC006967,Half Maximal Effective Concentration (EC50),1,>,> 50,50.0,nM,1,Ramos cells,Burkitt lymphoma,https://adcdb.idrblab.net/data/adc/details/DRG0QITMW,data/raw/adcdb_idrblab/adc_details/DRG0QITMW.html
DRG0QJGNH,Emab-CL2E-SN38,Investigative,Epratuzumab,TAR0XTCGM,B-cell receptor CD22 (CD22),PAY0ZVBAI,Active metabolite of irinotecan SN38,PAY0ZVBAI,DNA topoisomerase 1 (TOP1),Topo-I inhibitor,CL2E,ADCC001756,Half Maximal Effective Concentration (EC50),1,=,77.9,77.9,nM,1,Reh cells,B acute lymphoblastic leukemia,https://adcdb.idrblab.net/data/adc/details/DRG0QJGNH,data/raw/adcdb_idrblab/adc_details/DRG0QJGNH.html
DRG0QJGNH,Emab-CL2E-SN38,Investigative,Epratuzumab,TAR0XTCGM,B-cell receptor CD22 (CD22),PAY0ZVBAI,Active metabolite of irinotecan SN38,PAY0ZVBAI,DNA topoisomerase 1 (TOP1),Topo-I inhibitor,CL2E,ADCC001755,Half Maximal Effective Concentration (EC50),1,=,135.8,135.8,nM,1,Raji cells,EBV-related Burkitt lymphoma,https://adcdb.idrblab.net/data/adc/details/DRG0QJGNH,data/raw/adcdb_idrblab/adc_details/DRG0QJGNH.html
DRG0QJGNH,Emab-CL2E-SN38,Investigative,Epratuzumab,TAR0XTCGM,B-cell receptor CD22 (CD22),PAY0ZVBAI,Active metabolite of irinotecan SN38,PAY0ZVBAI,DNA topoisomerase 1 (TOP1),Topo-I inhibitor,CL2E,ADCC001754,Half Maximal Effective Concentration (EC50),1,=,152.3,152.3,nM,1,Ramos cells,Burkitt lymphoma,https://adcdb.idrblab.net/data/adc/details/DRG0QJGNH,data/raw/adcdb_idrblab/adc_details/DRG0QJGNH.html
DRG0QJUWT,AGS62P1,Phase 1 (discontinued),Anti-FLT3 IgG1κ mAb,TAR0BIRRP,Receptor-type tyrosine-protein kinase FLT3 (FLT3),PAY0IXEJQ,AGD-0182,PAY0IXEJQ,Microtubule (MT),microtubule-disrupting,Alkoxyamine linker,ADCC002033,Half Maximal Inhibitory Concentration (IC50),1,=,0.20-12.00,0.2,nM,1,Acute myeloid leukemia cells,Acute myeloid leukemia,https://adcdb.idrblab.net/data/adc/details/DRG0QJUWT,data/raw/adcdb_idrblab/adc_details/DRG0QJUWT.html
DRG0QLCMJ,PD-L1 ADC 3,Investigative,Atezolizumab,TAR0SYQPS,Programmed cell death 1 ligand 1 (PD-L1),PAY0FSXOW,Monomethyl auristatin E,PAY0FSXOW,Microtubule (MT),microtubule-disrupting,Mc-Val-Ala-PABC,ADCC002588,Half Maximal Effective Concentration (EC50),1,=,9.75,9.75,nM,1,PC-9 cells,Lung adenocarcinoma,https://adcdb.idrblab.net/data/adc/details/DRG0QLCMJ,data/raw/adcdb_idrblab/adc_details/DRG0QLCMJ.html
DRG0QLCMJ,PD-L1 ADC 3,Investigative,Atezolizumab,TAR0SYQPS,Programmed cell death 1 ligand 1 (PD-L1),PAY0FSXOW,Monomethyl auristatin E,PAY0FSXOW,Microtubule (MT),microtubule-disrupting,Mc-Val-Ala-PABC,ADCC002587,Half Maximal Effective Concentration (EC50),1,=,10.33,10.33,nM,1,MDA-MB-231 cells,Breast adenocarcinoma,https://adcdb.idrblab.net/data/adc/details/DRG0QLCMJ,data/raw/adcdb_idrblab/adc_details/DRG0QLCMJ.html
DRG0QLCMJ,PD-L1 ADC 3,Investigative,Atezolizumab,TAR0SYQPS,Programmed cell death 1 ligand 1 (PD-L1),PAY0FSXOW,Monomethyl auristatin E,PAY0FSXOW,Microtubule (MT),microtubule-disrupting,Mc-Val-Ala-PABC,ADCC002589,Half Maximal Effective Concentration (EC50),1,=,11.94,11.94,nM,1,A431 cells,Skin squamous cell carcinoma,https://adcdb.idrblab.net/data/adc/details/DRG0QLCMJ,data/raw/adcdb_idrblab/adc_details/DRG0QLCMJ.html
DRG0QMQFL,ChmAb-C B7-H3-ADC,Investigative,chmAb-C,TAR0GLSWQ,CD276 antigen (CD276),PAY0FSXOW,Monomethyl auristatin E,PAY0FSXOW,Microtubule (MT),microtubule-disrupting,Mc-Val-Cit-PABC,ADCC003402,Half Maximal Inhibitory Concentration (IC50),1,=,16,16.0,pM,1,NCI-H1975 cells,Lung adenocarcinoma,https://adcdb.idrblab.net/data/adc/details/DRG0QMQFL,data/raw/adcdb_idrblab/adc_details/DRG0QMQFL.html
DRG0QMQFL,ChmAb-C B7-H3-ADC,Investigative,chmAb-C,TAR0GLSWQ,CD276 antigen (CD276),PAY0FSXOW,Monomethyl auristatin E,PAY0FSXOW,Microtubule (MT),microtubule-disrupting,Mc-Val-Cit-PABC,ADCC003394,Half Maximal Inhibitory Concentration (IC50),1,=,30,30.0,pM,1,Calu-6 cells,Lung adenocarcinoma,https://adcdb.idrblab.net/data/adc/details/DRG0QMQFL,data/raw/adcdb_idrblab/adc_details/DRG0QMQFL.html
DRG0QMQFL,ChmAb-C B7-H3-ADC,Investigative,chmAb-C,TAR0GLSWQ,CD276 antigen (CD276),PAY0FSXOW,Monomethyl auristatin E,PAY0FSXOW,Microtubule (MT),microtubule-disrupting,Mc-Val-Cit-PABC,ADCC003398,Half Maximal Inhibitory Concentration (IC50),1,=,43,43.0,pM,1,NCI-H1703 cells,Lung squamous cell carcinoma,https://adcdb.idrblab.net/data/adc/details/DRG0QMQFL,data/raw/adcdb_idrblab/adc_details/DRG0QMQFL.html
DRG0QMQFL,ChmAb-C B7-H3-ADC,Investigative,chmAb-C,TAR0GLSWQ,CD276 antigen (CD276),PAY0FSXOW,Monomethyl auristatin E,PAY0FSXOW,Microtubule (MT),microtubule-disrupting,Mc-Val-Cit-PABC,ADCC003410,Half Maximal Inhibitory Concentration (IC50),1,=,0.11,0.11,nM,1,Hs 700T cells,Neoplasm,https://adcdb.idrblab.net/data/adc/details/DRG0QMQFL,data/raw/adcdb_idrblab/adc_details/DRG0QMQFL.html
DRG0QMQFL,ChmAb-C B7-H3-ADC,Investigative,chmAb-C,TAR0GLSWQ,CD276 antigen (CD276),PAY0FSXOW,Monomethyl auristatin E,PAY0FSXOW,Microtubule (MT),microtubule-disrupting,Mc-Val-Cit-PABC,ADCC003382,Half Maximal Inhibitory Concentration (IC50),1,=,0.12,0.12,nM,1,JIMT-1 cells,Breast ductal carcinoma,https://adcdb.idrblab.net/data/adc/details/DRG0QMQFL,data/raw/adcdb_idrblab/adc_details/DRG0QMQFL.html
DRG0QMQFL,ChmAb-C B7-H3-ADC,Investigative,chmAb-C,TAR0GLSWQ,CD276 antigen (CD276),PAY0FSXOW,Monomethyl auristatin E,PAY0FSXOW,Microtubule (MT),microtubule-disrupting,Mc-Val-Cit-PABC,ADCC003386,Half Maximal Inhibitory Concentration (IC50),1,=,0.2,0.2,nM,1,MDA-MB-468 cells,Breast adenocarcinoma,https://adcdb.idrblab.net/data/adc/details/DRG0QMQFL,data/raw/adcdb_idrblab/adc_details/DRG0QMQFL.html
DRG0QMQFL,ChmAb-C B7-H3-ADC,Investigative,chmAb-C,TAR0GLSWQ,CD276 antigen (CD276),PAY0FSXOW,Monomethyl auristatin E,PAY0FSXOW,Microtubule (MT),microtubule-disrupting,Mc-Val-Cit-PABC,ADCC003390,Half Maximal Inhibitory Concentration (IC50),1,=,0.27,0.27,nM,1,A375.S2 cells,Amelanotic melanoma,https://adcdb.idrblab.net/data/adc/details/DRG0QMQFL,data/raw/adcdb_idrblab/adc_details/DRG0QMQFL.html
DRG0QMQFL,ChmAb-C B7-H3-ADC,Investigative,chmAb-C,TAR0GLSWQ,CD276 antigen (CD276),PAY0FSXOW,Monomethyl auristatin E,PAY0FSXOW,Microtubule (MT),microtubule-disrupting,Mc-Val-Cit-PABC,ADCC003406,Half Maximal Inhibitory Concentration (IC50),1,=,0.41,0.41,nM,1,PA-1 cells,Ovarian mixed germ cell tumor,https://adcdb.idrblab.net/data/adc/details/DRG0QMQFL,data/raw/adcdb_idrblab/adc_details/DRG0QMQFL.html
DRG0QMQFL,ChmAb-C B7-H3-ADC,Investigative,chmAb-C,TAR0GLSWQ,CD276 antigen (CD276),PAY0FSXOW,Monomethyl auristatin E,PAY0FSXOW,Microtubule (MT),microtubule-disrupting,Mc-Val-Cit-PABC,ADCC003414,Half Maximal Inhibitory Concentration (IC50),1,=,0.47,0.47,nM,1,DU145 cells,Prostate carcinoma,https://adcdb.idrblab.net/data/adc/details/DRG0QMQFL,data/raw/adcdb_idrblab/adc_details/DRG0QMQFL.html
DRG0QMQFL,ChmAb-C B7-H3-ADC,Investigative,chmAb-C,TAR0GLSWQ,CD276 antigen (CD276),PAY0FSXOW,Monomethyl auristatin E,PAY0FSXOW,Microtubule (MT),microtubule-disrupting,Mc-Val-Cit-PABC,ADCC003418,Half Maximal Inhibitory Concentration (IC50),1,>,> 100,100.0,nM,1,Raji cells,EBV-related Burkitt lymphoma,https://adcdb.idrblab.net/data/adc/details/DRG0QMQFL,data/raw/adcdb_idrblab/adc_details/DRG0QMQFL.html
DRG0QQKLF,Mil40-8,Investigative,Mil40,TAR0THKZD,Receptor tyrosine-protein kinase erbB-2 (HER2),PAY0ZVBAI,Active metabolite of irinotecan SN38,PAY0ZVBAI,DNA topoisomerase 1 (TOP1),Topo-I inhibitor,Mal-PEG8-Val-Ala-PABC,ADCC002417,Half Maximal Inhibitory Concentration (IC50),1,=,235.6,235.6,nM,1,BT474 HerDR cells,Invasive breast carcinoma,https://adcdb.idrblab.net/data/adc/details/DRG0QQKLF,data/raw/adcdb_idrblab/adc_details/DRG0QQKLF.html
DRG0QQKLF,Mil40-8,Investigative,Mil40,TAR0THKZD,Receptor tyrosine-protein kinase erbB-2 (HER2),PAY0ZVBAI,Active metabolite of irinotecan SN38,PAY0ZVBAI,DNA topoisomerase 1 (TOP1),Topo-I inhibitor,Mal-PEG8-Val-Ala-PABC,ADCC002416,Half Maximal Inhibitory Concentration (IC50),1,=,283.8,283.8,nM,1,SK-OV-3 cells,Ovarian serous cystadenocarcinoma,https://adcdb.idrblab.net/data/adc/details/DRG0QQKLF,data/raw/adcdb_idrblab/adc_details/DRG0QQKLF.html
DRG0QQKLF,Mil40-8,Investigative,Mil40,TAR0THKZD,Receptor tyrosine-protein kinase erbB-2 (HER2),PAY0ZVBAI,Active metabolite of irinotecan SN38,PAY0ZVBAI,DNA topoisomerase 1 (TOP1),Topo-I inhibitor,Mal-PEG8-Val-Ala-PABC,ADCC002419,Half Maximal Inhibitory Concentration (IC50),1,>,> 1000,1000.0,nM,1,MCF-7 cells,Invasive breast carcinoma,https://adcdb.idrblab.net/data/adc/details/DRG0QQKLF,data/raw/adcdb_idrblab/adc_details/DRG0QQKLF.html
DRG0QQKLF,Mil40-8,Investigative,Mil40,TAR0THKZD,Receptor tyrosine-protein kinase erbB-2 (HER2),PAY0ZVBAI,Active metabolite of irinotecan SN38,PAY0ZVBAI,DNA topoisomerase 1 (TOP1),Topo-I inhibitor,Mal-PEG8-Val-Ala-PABC,ADCC002418,Half Maximal Inhibitory Concentration (IC50),1,>,> 1000,1000.0,nM,1,MDA-MB-231 cells,Breast adenocarcinoma,https://adcdb.idrblab.net/data/adc/details/DRG0QQKLF,data/raw/adcdb_idrblab/adc_details/DRG0QQKLF.html
DRG0QRXDE,"Trastuzumab-Gal-beta-1,4GlcNAc-MMAE",Investigative,Trastuzumab,TAR0THKZD,Receptor tyrosine-protein kinase erbB-2 (HER2),PAY0FSXOW,Monomethyl auristatin E,PAY0FSXOW,Microtubule (MT),microtubule-disrupting,"Gal-beta-1,4-GlcNAc",ADCC002249,Half Maximal Effective Concentration (EC50),1,>,> 10,10.0,uM,1,T-47D cells,Invasive breast carcinoma,https://adcdb.idrblab.net/data/adc/details/DRG0QRXDE,data/raw/adcdb_idrblab/adc_details/DRG0QRXDE.html
DRG0QRXDE,"Trastuzumab-Gal-beta-1,4GlcNAc-MMAE",Investigative,Trastuzumab,TAR0THKZD,Receptor tyrosine-protein kinase erbB-2 (HER2),PAY0FSXOW,Monomethyl auristatin E,PAY0FSXOW,Microtubule (MT),microtubule-disrupting,"Gal-beta-1,4-GlcNAc",ADCC002248,Half Maximal Effective Concentration (EC50),1,=,0.04 6.08,0.04,nM ng/mL,0,BT-474 cells,Invasive breast carcinoma,https://adcdb.idrblab.net/data/adc/details/DRG0QRXDE,data/raw/adcdb_idrblab/adc_details/DRG0QRXDE.html
DRG0QRXDE,"Trastuzumab-Gal-beta-1,4GlcNAc-MMAE",Investigative,Trastuzumab,TAR0THKZD,Receptor tyrosine-protein kinase erbB-2 (HER2),PAY0FSXOW,Monomethyl auristatin E,PAY0FSXOW,Microtubule (MT),microtubule-disrupting,"Gal-beta-1,4-GlcNAc",ADCC002247,Half Maximal Effective Concentration (EC50),1,=,0.07 11.07,0.07,nM ng/mL,0,SK-BR-3 cells,Breast adenocarcinoma,https://adcdb.idrblab.net/data/adc/details/DRG0QRXDE,data/raw/adcdb_idrblab/adc_details/DRG0QRXDE.html
DRG0QUXXT,Site-specific HER-SG3249,Investigative,Trastuzumab,TAR0THKZD,Receptor tyrosine-protein kinase erbB-2 (HER2),PAY0LZRXU,SG3199,PAY0LZRXU,Human Deoxyribonucleic acid (hDNA),DNA-damaging,Mal-PEG8-Val-Ala-PABC,ADCC001427,Half Maximum Growth Inhibitory Concentration (GI50),1,=,2.62,2.62,ng/mL,0,SK-BR-3 cells,Breast adenocarcinoma,https://adcdb.idrblab.net/data/adc/details/DRG0QUXXT,data/raw/adcdb_idrblab/adc_details/DRG0QUXXT.html
DRG0QVAFS,Brentuximab-7,Clinical candidate,Brentuximab,TAR0QPCSQ,Tumor necrosis factor receptor superfamily member 8 (TNFRSF8),PAY0FSXOW,Monomethyl auristatin E,PAY0FSXOW,Microtubule (MT),microtubule-disrupting,Alkyl phosphoramide-PEG12-Val-Cit-PAB,ADCC001267,Half Maximal Inhibitory Concentration (IC50),1,=,1.4,1.4,pM,1,Karpas-299 cells,ALK-positive anaplastic large cell lymphoma,https://adcdb.idrblab.net/data/adc/details/DRG0QVAFS,data/raw/adcdb_idrblab/adc_details/DRG0QVAFS.html
DRG0QVAFS,Brentuximab-7,Clinical candidate,Brentuximab,TAR0QPCSQ,Tumor necrosis factor receptor superfamily member 8 (TNFRSF8),PAY0FSXOW,Monomethyl auristatin E,PAY0FSXOW,Microtubule (MT),microtubule-disrupting,Alkyl phosphoramide-PEG12-Val-Cit-PAB,ADCC001269,Half Maximal Inhibitory Concentration (IC50),1,=,6.4,6.4,pM,1,L-540 cells,Hodgkin lymphoma,https://adcdb.idrblab.net/data/adc/details/DRG0QVAFS,data/raw/adcdb_idrblab/adc_details/DRG0QVAFS.html
DRG0QVAFS,Brentuximab-7,Clinical candidate,Brentuximab,TAR0QPCSQ,Tumor necrosis factor receptor superfamily member 8 (TNFRSF8),PAY0FSXOW,Monomethyl auristatin E,PAY0FSXOW,Microtubule (MT),microtubule-disrupting,Alkyl phosphoramide-PEG12-Val-Cit-PAB,ADCC001270,Half Maximal Inhibitory Concentration (IC50),1,=,10.2,10.2,pM,1,HL-60 cells,Adult acute myeloid leukemia,https://adcdb.idrblab.net/data/adc/details/DRG0QVAFS,data/raw/adcdb_idrblab/adc_details/DRG0QVAFS.html
DRG0QVAFS,Brentuximab-7,Clinical candidate,Brentuximab,TAR0QPCSQ,Tumor necrosis factor receptor superfamily member 8 (TNFRSF8),PAY0FSXOW,Monomethyl auristatin E,PAY0FSXOW,Microtubule (MT),microtubule-disrupting,Alkyl phosphoramide-PEG12-Val-Cit-PAB,ADCC001268,Half Maximal Inhibitory Concentration (IC50),1,=,10.5,10.5,pM,1,SU-DHL-1 cells,Anaplastic large cell lymphoma,https://adcdb.idrblab.net/data/adc/details/DRG0QVAFS,data/raw/adcdb_idrblab/adc_details/DRG0QVAFS.html
DRG0QYJUL,Mil40-7,Investigative,Mil40,TAR0THKZD,Receptor tyrosine-protein kinase erbB-2 (HER2),PAY0ZVBAI,Active metabolite of irinotecan SN38,PAY0ZVBAI,DNA topoisomerase 1 (TOP1),Topo-I inhibitor,Mal-PEG4-Val-Ala-PABC,ADCC002413,Half Maximal Inhibitory Concentration (IC50),1,=,22,22.0,nM,1,BT474 HerDR cells,Invasive breast carcinoma,https://adcdb.idrblab.net/data/adc/details/DRG0QYJUL,data/raw/adcdb_idrblab/adc_details/DRG0QYJUL.html
DRG0QYJUL,Mil40-7,Investigative,Mil40,TAR0THKZD,Receptor tyrosine-protein kinase erbB-2 (HER2),PAY0ZVBAI,Active metabolite of irinotecan SN38,PAY0ZVBAI,DNA topoisomerase 1 (TOP1),Topo-I inhibitor,Mal-PEG4-Val-Ala-PABC,ADCC002412,Half Maximal Inhibitory Concentration (IC50),1,=,159.4,159.4,nM,1,SK-OV-3 cells,Ovarian serous cystadenocarcinoma,https://adcdb.idrblab.net/data/adc/details/DRG0QYJUL,data/raw/adcdb_idrblab/adc_details/DRG0QYJUL.html
DRG0QYJUL,Mil40-7,Investigative,Mil40,TAR0THKZD,Receptor tyrosine-protein kinase erbB-2 (HER2),PAY0ZVBAI,Active metabolite of irinotecan SN38,PAY0ZVBAI,DNA topoisomerase 1 (TOP1),Topo-I inhibitor,Mal-PEG4-Val-Ala-PABC,ADCC002415,Half Maximal Inhibitory Concentration (IC50),1,>,> 1000,1000.0,nM,1,MCF-7 cells,Invasive breast carcinoma,https://adcdb.idrblab.net/data/adc/details/DRG0QYJUL,data/raw/adcdb_idrblab/adc_details/DRG0QYJUL.html
DRG0QYJUL,Mil40-7,Investigative,Mil40,TAR0THKZD,Receptor tyrosine-protein kinase erbB-2 (HER2),PAY0ZVBAI,Active metabolite of irinotecan SN38,PAY0ZVBAI,DNA topoisomerase 1 (TOP1),Topo-I inhibitor,Mal-PEG4-Val-Ala-PABC,ADCC002414,Half Maximal Inhibitory Concentration (IC50),1,>,> 1000,1000.0,nM,1,MDA-MB-231 cells,Breast adenocarcinoma,https://adcdb.idrblab.net/data/adc/details/DRG0QYJUL,data/raw/adcdb_idrblab/adc_details/DRG0QYJUL.html
DRG0QZHYU,Sirtratumab vedotin,Phase 1 (discontinued),Sirtratumab,TAR0CREXX,SLIT and NTRK-like protein 6 (SLITRK6),PAY0FSXOW,Monomethyl auristatin E,PAY0FSXOW,Microtubule (MT),microtubule-disrupting,Mc-Val-Cit-PABC,ADCC001565,Half Maximal Inhibitory Concentration (IC50),1,=,0.99,0.99,nM,1,CHP-212 cells,Neuroblastoma,https://adcdb.idrblab.net/data/adc/details/DRG0QZHYU,data/raw/adcdb_idrblab/adc_details/DRG0QZHYU.html
DRG0QZHYU,Sirtratumab vedotin,Phase 1 (discontinued),Sirtratumab,TAR0CREXX,SLIT and NTRK-like protein 6 (SLITRK6),PAY0FSXOW,Monomethyl auristatin E,PAY0FSXOW,Microtubule (MT),microtubule-disrupting,Mc-Val-Cit-PABC,ADCC001566,Half Maximal Inhibitory Concentration (IC50),1,>,> 10,10.0,uM,1,IGROV-1 cells,Ovarian endometrioid adenocarcinoma,https://adcdb.idrblab.net/data/adc/details/DRG0QZHYU,data/raw/adcdb_idrblab/adc_details/DRG0QZHYU.html
DRG0RANRT,Hu-Alpha-EGFR-172,Investigative,Cetuximab,TAR0UYFIF,Epidermal growth factor receptor (EGFR),PAY0MQMQP,IMSA172,PAY0MQMQP,Stimulator of interferon genes protein (STING1),Other,Mc-Val-Cit-PABC,ADCC002310,Half Maximal Inhibitory Concentration (IC50),1,>,> 10,10.0,uM,1,THP1-Lucia ISG cells,Acute monocytic leukemia,https://adcdb.idrblab.net/data/adc/details/DRG0RANRT,data/raw/adcdb_idrblab/adc_details/DRG0RANRT.html
DRG0RGMND,Epratuzumab-CL2E-SN-38,Investigative,Epratuzumab,TAR0XTCGM,B-cell receptor CD22 (CD22),PAY0ZVBAI,Active metabolite of irinotecan SN38,PAY0ZVBAI,DNA topoisomerase 1 (TOP1),Topo-I inhibitor,CL2E,ADCC006986,Half Maximal Effective Concentration (EC50),1,=,0.06,0.06,nM,1,Daudi cells,Burkitt lymphoma,https://adcdb.idrblab.net/data/adc/details/DRG0RGMND,data/raw/adcdb_idrblab/adc_details/DRG0RGMND.html
DRG0RGMND,Epratuzumab-CL2E-SN-38,Investigative,Epratuzumab,TAR0XTCGM,B-cell receptor CD22 (CD22),PAY0ZVBAI,Active metabolite of irinotecan SN38,PAY0ZVBAI,DNA topoisomerase 1 (TOP1),Topo-I inhibitor,CL2E,ADCC006977,Half Maximal Effective Concentration (EC50),1,=,0.19,0.19,nM,1,Raji cells,EBV-related Burkitt lymphoma,https://adcdb.idrblab.net/data/adc/details/DRG0RGMND,data/raw/adcdb_idrblab/adc_details/DRG0RGMND.html
DRG0RGMND,Epratuzumab-CL2E-SN-38,Investigative,Epratuzumab,TAR0XTCGM,B-cell receptor CD22 (CD22),PAY0ZVBAI,Active metabolite of irinotecan SN38,PAY0ZVBAI,DNA topoisomerase 1 (TOP1),Topo-I inhibitor,CL2E,ADCC006987,Half Maximal Effective Concentration (EC50),1,=,0.2,0.2,nM,1,Daudi cells,Burkitt lymphoma,https://adcdb.idrblab.net/data/adc/details/DRG0RGMND,data/raw/adcdb_idrblab/adc_details/DRG0RGMND.html
DRG0RGMND,Epratuzumab-CL2E-SN-38,Investigative,Epratuzumab,TAR0XTCGM,B-cell receptor CD22 (CD22),PAY0ZVBAI,Active metabolite of irinotecan SN38,PAY0ZVBAI,DNA topoisomerase 1 (TOP1),Topo-I inhibitor,CL2E,ADCC006992,Half Maximal Effective Concentration (EC50),1,=,0.34,0.34,nM,1,WSU-FSCCL cells,Follicular lymphoma,https://adcdb.idrblab.net/data/adc/details/DRG0RGMND,data/raw/adcdb_idrblab/adc_details/DRG0RGMND.html
DRG0RGMND,Epratuzumab-CL2E-SN-38,Investigative,Epratuzumab,TAR0XTCGM,B-cell receptor CD22 (CD22),PAY0ZVBAI,Active metabolite of irinotecan SN38,PAY0ZVBAI,DNA topoisomerase 1 (TOP1),Topo-I inhibitor,CL2E,ADCC006990,Half Maximal Effective Concentration (EC50),1,=,0.38,0.38,nM,1,WSU-FSCCL cells,Follicular lymphoma,https://adcdb.idrblab.net/data/adc/details/DRG0RGMND,data/raw/adcdb_idrblab/adc_details/DRG0RGMND.html
DRG0RGMND,Epratuzumab-CL2E-SN-38,Investigative,Epratuzumab,TAR0XTCGM,B-cell receptor CD22 (CD22),PAY0ZVBAI,Active metabolite of irinotecan SN38,PAY0ZVBAI,DNA topoisomerase 1 (TOP1),Topo-I inhibitor,CL2E,ADCC006991,Half Maximal Effective Concentration (EC50),1,=,0.41,0.41,nM,1,WSU-FSCCL cells,Follicular lymphoma,https://adcdb.idrblab.net/data/adc/details/DRG0RGMND,data/raw/adcdb_idrblab/adc_details/DRG0RGMND.html
DRG0RGMND,Epratuzumab-CL2E-SN-38,Investigative,Epratuzumab,TAR0XTCGM,B-cell receptor CD22 (CD22),PAY0ZVBAI,Active metabolite of irinotecan SN38,PAY0ZVBAI,DNA topoisomerase 1 (TOP1),Topo-I inhibitor,CL2E,ADCC006994,Half Maximal Effective Concentration (EC50),1,=,0.46,0.46,nM,1,WSU-FSCCL cells,Follicular lymphoma,https://adcdb.idrblab.net/data/adc/details/DRG0RGMND,data/raw/adcdb_idrblab/adc_details/DRG0RGMND.html
DRG0RGMND,Epratuzumab-CL2E-SN-38,Investigative,Epratuzumab,TAR0XTCGM,B-cell receptor CD22 (CD22),PAY0ZVBAI,Active metabolite of irinotecan SN38,PAY0ZVBAI,DNA topoisomerase 1 (TOP1),Topo-I inhibitor,CL2E,ADCC006993,Half Maximal Effective Concentration (EC50),1,=,0.46,0.46,nM,1,WSU-FSCCL cells,Follicular lymphoma,https://adcdb.idrblab.net/data/adc/details/DRG0RGMND,data/raw/adcdb_idrblab/adc_details/DRG0RGMND.html
DRG0RGMND,Epratuzumab-CL2E-SN-38,Investigative,Epratuzumab,TAR0XTCGM,B-cell receptor CD22 (CD22),PAY0ZVBAI,Active metabolite of irinotecan SN38,PAY0ZVBAI,DNA topoisomerase 1 (TOP1),Topo-I inhibitor,CL2E,ADCC006985,Half Maximal Effective Concentration (EC50),1,=,0.5,0.5,nM,1,Daudi cells,Burkitt lymphoma,https://adcdb.idrblab.net/data/adc/details/DRG0RGMND,data/raw/adcdb_idrblab/adc_details/DRG0RGMND.html
DRG0RGMND,Epratuzumab-CL2E-SN-38,Investigative,Epratuzumab,TAR0XTCGM,B-cell receptor CD22 (CD22),PAY0ZVBAI,Active metabolite of irinotecan SN38,PAY0ZVBAI,DNA topoisomerase 1 (TOP1),Topo-I inhibitor,CL2E,ADCC006982,Half Maximal Effective Concentration (EC50),1,=,0.51,0.51,nM,1,Ramos cells,Burkitt lymphoma,https://adcdb.idrblab.net/data/adc/details/DRG0RGMND,data/raw/adcdb_idrblab/adc_details/DRG0RGMND.html
DRG0RGMND,Epratuzumab-CL2E-SN-38,Investigative,Epratuzumab,TAR0XTCGM,B-cell receptor CD22 (CD22),PAY0ZVBAI,Active metabolite of irinotecan SN38,PAY0ZVBAI,DNA topoisomerase 1 (TOP1),Topo-I inhibitor,CL2E,ADCC006950,Half Maximal Effective Concentration (EC50),1,=,0.52,0.52,nM,1,Daudi cells,Burkitt lymphoma,https://adcdb.idrblab.net/data/adc/details/DRG0RGMND,data/raw/adcdb_idrblab/adc_details/DRG0RGMND.html
DRG0RGMND,Epratuzumab-CL2E-SN-38,Investigative,Epratuzumab,TAR0XTCGM,B-cell receptor CD22 (CD22),PAY0ZVBAI,Active metabolite of irinotecan SN38,PAY0ZVBAI,DNA topoisomerase 1 (TOP1),Topo-I inhibitor,CL2E,ADCC006951,Half Maximal Effective Concentration (EC50),1,=,0.68,0.68,nM,1,WSU-FSCCL cells,Follicular lymphoma,https://adcdb.idrblab.net/data/adc/details/DRG0RGMND,data/raw/adcdb_idrblab/adc_details/DRG0RGMND.html
DRG0RGMND,Epratuzumab-CL2E-SN-38,Investigative,Epratuzumab,TAR0XTCGM,B-cell receptor CD22 (CD22),PAY0ZVBAI,Active metabolite of irinotecan SN38,PAY0ZVBAI,DNA topoisomerase 1 (TOP1),Topo-I inhibitor,CL2E,ADCC006981,Half Maximal Effective Concentration (EC50),1,=,0.73,0.73,nM,1,Ramos cells,Burkitt lymphoma,https://adcdb.idrblab.net/data/adc/details/DRG0RGMND,data/raw/adcdb_idrblab/adc_details/DRG0RGMND.html
DRG0RGMND,Epratuzumab-CL2E-SN-38,Investigative,Epratuzumab,TAR0XTCGM,B-cell receptor CD22 (CD22),PAY0ZVBAI,Active metabolite of irinotecan SN38,PAY0ZVBAI,DNA topoisomerase 1 (TOP1),Topo-I inhibitor,CL2E,ADCC006996,Half Maximal Effective Concentration (EC50),1,=,0.81,0.81,nM,1,JeKo-1 cells,Mantle cell lymphoma,https://adcdb.idrblab.net/data/adc/details/DRG0RGMND,data/raw/adcdb_idrblab/adc_details/DRG0RGMND.html
DRG0RGMND,Epratuzumab-CL2E-SN-38,Investigative,Epratuzumab,TAR0XTCGM,B-cell receptor CD22 (CD22),PAY0ZVBAI,Active metabolite of irinotecan SN38,PAY0ZVBAI,DNA topoisomerase 1 (TOP1),Topo-I inhibitor,CL2E,ADCC006997,Half Maximal Effective Concentration (EC50),1,=,0.83,0.83,nM,1,JeKo-1 cells,Mantle cell lymphoma,https://adcdb.idrblab.net/data/adc/details/DRG0RGMND,data/raw/adcdb_idrblab/adc_details/DRG0RGMND.html
DRG0RGMND,Epratuzumab-CL2E-SN-38,Investigative,Epratuzumab,TAR0XTCGM,B-cell receptor CD22 (CD22),PAY0ZVBAI,Active metabolite of irinotecan SN38,PAY0ZVBAI,DNA topoisomerase 1 (TOP1),Topo-I inhibitor,CL2E,ADCC006988,Half Maximal Effective Concentration (EC50),1,=,0.84,0.84,nM,1,Daudi cells,Burkitt lymphoma,https://adcdb.idrblab.net/data/adc/details/DRG0RGMND,data/raw/adcdb_idrblab/adc_details/DRG0RGMND.html
DRG0RGMND,Epratuzumab-CL2E-SN-38,Investigative,Epratuzumab,TAR0XTCGM,B-cell receptor CD22 (CD22),PAY0ZVBAI,Active metabolite of irinotecan SN38,PAY0ZVBAI,DNA topoisomerase 1 (TOP1),Topo-I inhibitor,CL2E,ADCC006999,Half Maximal Effective Concentration (EC50),1,=,1.16,1.16,nM,1,JeKo-1 cells,Mantle cell lymphoma,https://adcdb.idrblab.net/data/adc/details/DRG0RGMND,data/raw/adcdb_idrblab/adc_details/DRG0RGMND.html
DRG0RGMND,Epratuzumab-CL2E-SN-38,Investigative,Epratuzumab,TAR0XTCGM,B-cell receptor CD22 (CD22),PAY0ZVBAI,Active metabolite of irinotecan SN38,PAY0ZVBAI,DNA topoisomerase 1 (TOP1),Topo-I inhibitor,CL2E,ADCC006976,Half Maximal Effective Concentration (EC50),1,=,1.16,1.16,nM,1,Raji cells,EBV-related Burkitt lymphoma,https://adcdb.idrblab.net/data/adc/details/DRG0RGMND,data/raw/adcdb_idrblab/adc_details/DRG0RGMND.html
DRG0RGMND,Epratuzumab-CL2E-SN-38,Investigative,Epratuzumab,TAR0XTCGM,B-cell receptor CD22 (CD22),PAY0ZVBAI,Active metabolite of irinotecan SN38,PAY0ZVBAI,DNA topoisomerase 1 (TOP1),Topo-I inhibitor,CL2E,ADCC006953,Half Maximal Effective Concentration (EC50),1,=,1.22,1.22,nM,1,Reh cells,B acute lymphoblastic leukemia,https://adcdb.idrblab.net/data/adc/details/DRG0RGMND,data/raw/adcdb_idrblab/adc_details/DRG0RGMND.html
DRG0RGMND,Epratuzumab-CL2E-SN-38,Investigative,Epratuzumab,TAR0XTCGM,B-cell receptor CD22 (CD22),PAY0ZVBAI,Active metabolite of irinotecan SN38,PAY0ZVBAI,DNA topoisomerase 1 (TOP1),Topo-I inhibitor,CL2E,ADCC006989,Half Maximal Effective Concentration (EC50),1,=,1.5,1.5,nM,1,Daudi cells,Burkitt lymphoma,https://adcdb.idrblab.net/data/adc/details/DRG0RGMND,data/raw/adcdb_idrblab/adc_details/DRG0RGMND.html
DRG0RGMND,Epratuzumab-CL2E-SN-38,Investigative,Epratuzumab,TAR0XTCGM,B-cell receptor CD22 (CD22),PAY0ZVBAI,Active metabolite of irinotecan SN38,PAY0ZVBAI,DNA topoisomerase 1 (TOP1),Topo-I inhibitor,CL2E,ADCC006998,Half Maximal Effective Concentration (EC50),1,=,1.66,1.66,nM,1,JeKo-1 cells,Mantle cell lymphoma,https://adcdb.idrblab.net/data/adc/details/DRG0RGMND,data/raw/adcdb_idrblab/adc_details/DRG0RGMND.html
DRG0RGMND,Epratuzumab-CL2E-SN-38,Investigative,Epratuzumab,TAR0XTCGM,B-cell receptor CD22 (CD22),PAY0ZVBAI,Active metabolite of irinotecan SN38,PAY0ZVBAI,DNA topoisomerase 1 (TOP1),Topo-I inhibitor,CL2E,ADCC006955,Half Maximal Effective Concentration (EC50),1,=,1.68,1.68,nM,1,RS4 11 cells,Adult B acute lymphoblastic leukemia,https://adcdb.idrblab.net/data/adc/details/DRG0RGMND,data/raw/adcdb_idrblab/adc_details/DRG0RGMND.html
DRG0RGMND,Epratuzumab-CL2E-SN-38,Investigative,Epratuzumab,TAR0XTCGM,B-cell receptor CD22 (CD22),PAY0ZVBAI,Active metabolite of irinotecan SN38,PAY0ZVBAI,DNA topoisomerase 1 (TOP1),Topo-I inhibitor,CL2E,ADCC006975,Half Maximal Effective Concentration (EC50),1,=,1.72,1.72,nM,1,Raji cells,EBV-related Burkitt lymphoma,https://adcdb.idrblab.net/data/adc/details/DRG0RGMND,data/raw/adcdb_idrblab/adc_details/DRG0RGMND.html
DRG0RGMND,Epratuzumab-CL2E-SN-38,Investigative,Epratuzumab,TAR0XTCGM,B-cell receptor CD22 (CD22),PAY0ZVBAI,Active metabolite of irinotecan SN38,PAY0ZVBAI,DNA topoisomerase 1 (TOP1),Topo-I inhibitor,CL2E,ADCC006995,Half Maximal Effective Concentration (EC50),1,=,1.77,1.77,nM,1,JeKo-1 cells,Mantle cell lymphoma,https://adcdb.idrblab.net/data/adc/details/DRG0RGMND,data/raw/adcdb_idrblab/adc_details/DRG0RGMND.html
DRG0RGMND,Epratuzumab-CL2E-SN-38,Investigative,Epratuzumab,TAR0XTCGM,B-cell receptor CD22 (CD22),PAY0ZVBAI,Active metabolite of irinotecan SN38,PAY0ZVBAI,DNA topoisomerase 1 (TOP1),Topo-I inhibitor,CL2E,ADCC006980,Half Maximal Effective Concentration (EC50),1,=,1.84,1.84,nM,1,Ramos cells,Burkitt lymphoma,https://adcdb.idrblab.net/data/adc/details/DRG0RGMND,data/raw/adcdb_idrblab/adc_details/DRG0RGMND.html
DRG0RGMND,Epratuzumab-CL2E-SN-38,Investigative,Epratuzumab,TAR0XTCGM,B-cell receptor CD22 (CD22),PAY0ZVBAI,Active metabolite of irinotecan SN38,PAY0ZVBAI,DNA topoisomerase 1 (TOP1),Topo-I inhibitor,CL2E,ADCC006948,Half Maximal Effective Concentration (EC50),1,=,. 2.1,2.1,nM,1,Raji cells,EBV-related Burkitt lymphoma,https://adcdb.idrblab.net/data/adc/details/DRG0RGMND,data/raw/adcdb_idrblab/adc_details/DRG0RGMND.html
DRG0RGMND,Epratuzumab-CL2E-SN-38,Investigative,Epratuzumab,TAR0XTCGM,B-cell receptor CD22 (CD22),PAY0ZVBAI,Active metabolite of irinotecan SN38,PAY0ZVBAI,DNA topoisomerase 1 (TOP1),Topo-I inhibitor,CL2E,ADCC006983,Half Maximal Effective Concentration (EC50),1,=,2.21,2.21,nM,1,Ramos cells,Burkitt lymphoma,https://adcdb.idrblab.net/data/adc/details/DRG0RGMND,data/raw/adcdb_idrblab/adc_details/DRG0RGMND.html
DRG0RGMND,Epratuzumab-CL2E-SN-38,Investigative,Epratuzumab,TAR0XTCGM,B-cell receptor CD22 (CD22),PAY0ZVBAI,Active metabolite of irinotecan SN38,PAY0ZVBAI,DNA topoisomerase 1 (TOP1),Topo-I inhibitor,CL2E,ADCC006952,Half Maximal Effective Concentration (EC50),1,=,2.25,2.25,nM,1,JeKo-1 cells,Mantle cell lymphoma,https://adcdb.idrblab.net/data/adc/details/DRG0RGMND,data/raw/adcdb_idrblab/adc_details/DRG0RGMND.html
DRG0RGMND,Epratuzumab-CL2E-SN-38,Investigative,Epratuzumab,TAR0XTCGM,B-cell receptor CD22 (CD22),PAY0ZVBAI,Active metabolite of irinotecan SN38,PAY0ZVBAI,DNA topoisomerase 1 (TOP1),Topo-I inhibitor,CL2E,ADCC006984,Half Maximal Effective Concentration (EC50),1,=,2.29,2.29,nM,1,Ramos cells,Burkitt lymphoma,https://adcdb.idrblab.net/data/adc/details/DRG0RGMND,data/raw/adcdb_idrblab/adc_details/DRG0RGMND.html
DRG0RGMND,Epratuzumab-CL2E-SN-38,Investigative,Epratuzumab,TAR0XTCGM,B-cell receptor CD22 (CD22),PAY0ZVBAI,Active metabolite of irinotecan SN38,PAY0ZVBAI,DNA topoisomerase 1 (TOP1),Topo-I inhibitor,CL2E,ADCC006979,Half Maximal Effective Concentration (EC50),1,=,2.45,2.45,nM,1,Raji cells,EBV-related Burkitt lymphoma,https://adcdb.idrblab.net/data/adc/details/DRG0RGMND,data/raw/adcdb_idrblab/adc_details/DRG0RGMND.html
DRG0RGMND,Epratuzumab-CL2E-SN-38,Investigative,Epratuzumab,TAR0XTCGM,B-cell receptor CD22 (CD22),PAY0ZVBAI,Active metabolite of irinotecan SN38,PAY0ZVBAI,DNA topoisomerase 1 (TOP1),Topo-I inhibitor,CL2E,ADCC006954,Half Maximal Effective Concentration (EC50),1,=,2.67,2.67,nM,1,697 cells,Childhood B acute lymphoblastic leukemia,https://adcdb.idrblab.net/data/adc/details/DRG0RGMND,data/raw/adcdb_idrblab/adc_details/DRG0RGMND.html
DRG0RGMND,Epratuzumab-CL2E-SN-38,Investigative,Epratuzumab,TAR0XTCGM,B-cell receptor CD22 (CD22),PAY0ZVBAI,Active metabolite of irinotecan SN38,PAY0ZVBAI,DNA topoisomerase 1 (TOP1),Topo-I inhibitor,CL2E,ADCC006978,Half Maximal Effective Concentration (EC50),1,=,2.88,2.88,nM,1,Raji cells,EBV-related Burkitt lymphoma,https://adcdb.idrblab.net/data/adc/details/DRG0RGMND,data/raw/adcdb_idrblab/adc_details/DRG0RGMND.html
DRG0RGMND,Epratuzumab-CL2E-SN-38,Investigative,Epratuzumab,TAR0XTCGM,B-cell receptor CD22 (CD22),PAY0ZVBAI,Active metabolite of irinotecan SN38,PAY0ZVBAI,DNA topoisomerase 1 (TOP1),Topo-I inhibitor,CL2E,ADCC006949,Half Maximal Effective Concentration (EC50),1,=,2.92,2.92,nM,1,Ramos cells,Burkitt lymphoma,https://adcdb.idrblab.net/data/adc/details/DRG0RGMND,data/raw/adcdb_idrblab/adc_details/DRG0RGMND.html
DRG0RGMND,Epratuzumab-CL2E-SN-38,Investigative,Epratuzumab,TAR0XTCGM,B-cell receptor CD22 (CD22),PAY0ZVBAI,Active metabolite of irinotecan SN38,PAY0ZVBAI,DNA topoisomerase 1 (TOP1),Topo-I inhibitor,CL2E,ADCC006956,Half Maximal Effective Concentration (EC50),1,=,3.65,3.65,nM,1,MN-60 cells,Burkitt lymphoma,https://adcdb.idrblab.net/data/adc/details/DRG0RGMND,data/raw/adcdb_idrblab/adc_details/DRG0RGMND.html
DRG0RGMND,Epratuzumab-CL2E-SN-38,Investigative,Epratuzumab,TAR0XTCGM,B-cell receptor CD22 (CD22),PAY0ZVBAI,Active metabolite of irinotecan SN38,PAY0ZVBAI,DNA topoisomerase 1 (TOP1),Topo-I inhibitor,CL2E,ADCC007002,Half Maximal Effective Concentration (EC50),1,=,135.8,135.8,nM,1,Raji cells,EBV-related Burkitt lymphoma,https://adcdb.idrblab.net/data/adc/details/DRG0RGMND,data/raw/adcdb_idrblab/adc_details/DRG0RGMND.html
DRG0RGMND,Epratuzumab-CL2E-SN-38,Investigative,Epratuzumab,TAR0XTCGM,B-cell receptor CD22 (CD22),PAY0ZVBAI,Active metabolite of irinotecan SN38,PAY0ZVBAI,DNA topoisomerase 1 (TOP1),Topo-I inhibitor,CL2E,ADCC007000,Half Maximal Effective Concentration (EC50),1,=,152.3,152.3,nM,1,Ramos cells,Burkitt lymphoma,https://adcdb.idrblab.net/data/adc/details/DRG0RGMND,data/raw/adcdb_idrblab/adc_details/DRG0RGMND.html
DRG0RGMND,Epratuzumab-CL2E-SN-38,Investigative,Epratuzumab,TAR0XTCGM,B-cell receptor CD22 (CD22),PAY0ZVBAI,Active metabolite of irinotecan SN38,PAY0ZVBAI,DNA topoisomerase 1 (TOP1),Topo-I inhibitor,CL2E,ADCC007001,Half Maximal Effective Concentration (EC50),1,=,271,271.0,nM,1,Ramos cells,Burkitt lymphoma,https://adcdb.idrblab.net/data/adc/details/DRG0RGMND,data/raw/adcdb_idrblab/adc_details/DRG0RGMND.html
DRG0RHAZG,Ladiratuzumab vedotin,Phase 2 (discontinued),Ladiratuzumab,TAR0CHCZT,Zinc transporter ZIP6 (SLC39A6),PAY0FSXOW,Monomethyl auristatin E,PAY0FSXOW,Microtubule (MT),microtubule-disrupting,Mc-Val-Cit-PABC,ADCC000742,Half Maximal Effective Concentration (EC50),1,=,6.3,6.3,ng/mL,0,MCF-7 cells,Invasive breast carcinoma,https://adcdb.idrblab.net/data/adc/details/DRG0RHAZG,data/raw/adcdb_idrblab/adc_details/DRG0RHAZG.html
DRG0RHSBY,Brentuximab-8,Clinical candidate,Brentuximab,TAR0QPCSQ,Tumor necrosis factor receptor superfamily member 8 (TNFRSF8),PAY0FSXOW,Monomethyl auristatin E,PAY0FSXOW,Microtubule (MT),microtubule-disrupting,Alkyl phosphoramide-PEG24-Val-Cit-PAB,ADCC001271,Half Maximal Inhibitory Concentration (IC50),1,=,0.6,0.6,pM,1,Karpas-299 cells,ALK-positive anaplastic large cell lymphoma,https://adcdb.idrblab.net/data/adc/details/DRG0RHSBY,data/raw/adcdb_idrblab/adc_details/DRG0RHSBY.html
DRG0RHSBY,Brentuximab-8,Clinical candidate,Brentuximab,TAR0QPCSQ,Tumor necrosis factor receptor superfamily member 8 (TNFRSF8),PAY0FSXOW,Monomethyl auristatin E,PAY0FSXOW,Microtubule (MT),microtubule-disrupting,Alkyl phosphoramide-PEG24-Val-Cit-PAB,ADCC001273,Half Maximal Inhibitory Concentration (IC50),1,=,1.5,1.5,pM,1,L-540 cells,Hodgkin lymphoma,https://adcdb.idrblab.net/data/adc/details/DRG0RHSBY,data/raw/adcdb_idrblab/adc_details/DRG0RHSBY.html
DRG0RHSBY,Brentuximab-8,Clinical candidate,Brentuximab,TAR0QPCSQ,Tumor necrosis factor receptor superfamily member 8 (TNFRSF8),PAY0FSXOW,Monomethyl auristatin E,PAY0FSXOW,Microtubule (MT),microtubule-disrupting,Alkyl phosphoramide-PEG24-Val-Cit-PAB,ADCC001272,Half Maximal Inhibitory Concentration (IC50),1,=,4.2,4.2,pM,1,SU-DHL-1 cells,Anaplastic large cell lymphoma,https://adcdb.idrblab.net/data/adc/details/DRG0RHSBY,data/raw/adcdb_idrblab/adc_details/DRG0RHSBY.html
DRG0RHSBY,Brentuximab-8,Clinical candidate,Brentuximab,TAR0QPCSQ,Tumor necrosis factor receptor superfamily member 8 (TNFRSF8),PAY0FSXOW,Monomethyl auristatin E,PAY0FSXOW,Microtubule (MT),microtubule-disrupting,Alkyl phosphoramide-PEG24-Val-Cit-PAB,ADCC001274,Half Maximal Inhibitory Concentration (IC50),1,=,5.1,5.1,pM,1,HL-60 cells,Adult acute myeloid leukemia,https://adcdb.idrblab.net/data/adc/details/DRG0RHSBY,data/raw/adcdb_idrblab/adc_details/DRG0RHSBY.html
DRG0RHWVZ,Anti-TNF ADC 115,Investigative,Anti-TNF mAb alpha-TNF,TAR0DEDPZ,Tumor necrosis factor receptor superfamily member 1A (TNFRSF1A),PAY0VXOJX,GRM cpd 30,PAY0VXOJX,Glucocorticoid receptor (NR3C1),Other,MP-Ala-Ala,ADCC001885,Half Maximal Effective Concentration (EC50),1,=,0.03,0.03,ug/mL,0,K-562 cells (TNF expression),Chronic myelogenous leukemia,https://adcdb.idrblab.net/data/adc/details/DRG0RHWVZ,data/raw/adcdb_idrblab/adc_details/DRG0RHWVZ.html
DRG0RHWVZ,Anti-TNF ADC 115,Investigative,Anti-TNF mAb alpha-TNF,TAR0DEDPZ,Tumor necrosis factor receptor superfamily member 1A (TNFRSF1A),PAY0VXOJX,GRM cpd 30,PAY0VXOJX,Glucocorticoid receptor (NR3C1),Other,MP-Ala-Ala,ADCC001886,Half Maximal Effective Concentration (EC50),1,=,1.4,1.4,ug/mL,0,K-562 cells,Chronic myelogenous leukemia,https://adcdb.idrblab.net/data/adc/details/DRG0RHWVZ,data/raw/adcdb_idrblab/adc_details/DRG0RHWVZ.html
DRG0RMADH,Anti-TNF ADC 128,Investigative,Anti-TNF mAb alpha-TNF,TAR0DEDPZ,Tumor necrosis factor receptor superfamily member 1A (TNFRSF1A),PAY0QBKLZ,GRM cpd 26,PAY0QBKLZ,Glucocorticoid receptor (NR3C1),Other,MP-Ala-Ala,ADCC001935,Half Maximal Effective Concentration (EC50),1,=,0.03,0.03,ug/mL,0,K-562 cells (TNF expression),Chronic myelogenous leukemia,https://adcdb.idrblab.net/data/adc/details/DRG0RMADH,data/raw/adcdb_idrblab/adc_details/DRG0RMADH.html
DRG0RMADH,Anti-TNF ADC 128,Investigative,Anti-TNF mAb alpha-TNF,TAR0DEDPZ,Tumor necrosis factor receptor superfamily member 1A (TNFRSF1A),PAY0QBKLZ,GRM cpd 26,PAY0QBKLZ,Glucocorticoid receptor (NR3C1),Other,MP-Ala-Ala,ADCC001936,Half Maximal Effective Concentration (EC50),1,=,3.9,3.9,ug/mL,0,K-562 cells,Chronic myelogenous leukemia,https://adcdb.idrblab.net/data/adc/details/DRG0RMADH,data/raw/adcdb_idrblab/adc_details/DRG0RMADH.html
DRG0RVKKH,Anti-TNF ADC 123,Investigative,Anti-TNF mAb alpha-TNF,TAR0DEDPZ,Tumor necrosis factor receptor superfamily member 1A (TNFRSF1A),PAY0XXLHN,GRM cpd 19,PAY0XXLHN,Glucocorticoid receptor (NR3C1),Other,MP-Ala-Ala,ADCC001911,Half Maximal Effective Concentration (EC50),1,=,0.03,0.03,ug/mL,0,K-562 cells (TNF expression),Chronic myelogenous leukemia,https://adcdb.idrblab.net/data/adc/details/DRG0RVKKH,data/raw/adcdb_idrblab/adc_details/DRG0RVKKH.html
DRG0RVKKH,Anti-TNF ADC 123,Investigative,Anti-TNF mAb alpha-TNF,TAR0DEDPZ,Tumor necrosis factor receptor superfamily member 1A (TNFRSF1A),PAY0XXLHN,GRM cpd 19,PAY0XXLHN,Glucocorticoid receptor (NR3C1),Other,MP-Ala-Ala,ADCC001912,Half Maximal Effective Concentration (EC50),1,=,50,50.0,ug/mL,0,K-562 cells,Chronic myelogenous leukemia,https://adcdb.idrblab.net/data/adc/details/DRG0RVKKH,data/raw/adcdb_idrblab/adc_details/DRG0RVKKH.html
DRG0RWYVW,Anti-TNF ADC 135,Investigative,Anti-TNF mAb alpha-TNF,TAR0DEDPZ,Tumor necrosis factor receptor superfamily member 1A (TNFRSF1A),PAY0EDJXK,GRM cpd 63,PAY0EDJXK,Glucocorticoid receptor (NR3C1),Other,MP-Ala-Ala,ADCC001977,Half Maximal Effective Concentration (EC50),1,=,0.03,0.03,ug/mL,0,K-562 cells (TNF expression),Chronic myelogenous leukemia,https://adcdb.idrblab.net/data/adc/details/DRG0RWYVW,data/raw/adcdb_idrblab/adc_details/DRG0RWYVW.html
DRG0RWYVW,Anti-TNF ADC 135,Investigative,Anti-TNF mAb alpha-TNF,TAR0DEDPZ,Tumor necrosis factor receptor superfamily member 1A (TNFRSF1A),PAY0EDJXK,GRM cpd 63,PAY0EDJXK,Glucocorticoid receptor (NR3C1),Other,MP-Ala-Ala,ADCC001978,Half Maximal Effective Concentration (EC50),1,=,12,12.0,ug/mL,0,K-562 cells,Chronic myelogenous leukemia,https://adcdb.idrblab.net/data/adc/details/DRG0RWYVW,data/raw/adcdb_idrblab/adc_details/DRG0RWYVW.html
DRG0RYHHB,Anti-TNF ADC 107,Investigative,Anti-TNF mAb alpha-TNF,TAR0DEDPZ,Tumor necrosis factor receptor superfamily member 1A (TNFRSF1A),PAY0BCUKO,GRM cpd 18,PAY0BCUKO,Glucocorticoid receptor (NR3C1),Other,MP-Ala-Ala,ADCC001869,Half Maximal Effective Concentration (EC50),1,=,7.03,7.03,ug/mL,0,HEL 92.1.7 cells (Multidrug resistance),Erythroleukemia,https://adcdb.idrblab.net/data/adc/details/DRG0RYHHB,data/raw/adcdb_idrblab/adc_details/DRG0RYHHB.html
DRG0RYHHB,Anti-TNF ADC 107,Investigative,Anti-TNF mAb alpha-TNF,TAR0DEDPZ,Tumor necrosis factor receptor superfamily member 1A (TNFRSF1A),PAY0BCUKO,GRM cpd 18,PAY0BCUKO,Glucocorticoid receptor (NR3C1),Other,MP-Ala-Ala,ADCC001870,Half Maximal Effective Concentration (EC50),1,>,> 50,50.0,ug/mL,0,K-562 cells,Chronic myelogenous leukemia,https://adcdb.idrblab.net/data/adc/details/DRG0RYHHB,data/raw/adcdb_idrblab/adc_details/DRG0RYHHB.html
DRG0SBFOG,Anti-FGFR2/4 mAb-12422 SPDB-DM4,Investigative,Anti-FGFR2/4 mAb 12422,TAR0ODKQM,Fibroblast growth factor receptor 2 (FGFR2); Fibroblast growth factor receptor 4 (FGFR4),PAY0GTSVM,Mertansine DM4,PAY0GTSVM,Microtubule (MT),microtubule-disrupting,N-succinimidyl 4-(2-pyridyldithio) butanoate (SPDB),ADCC008322,Half Maximal Inhibitory Concentration (IC50),1,=,0.07,0.07,nM,1,CVCL_0076,Gastric adenocarcinoma,https://adcdb.idrblab.net/data/adc/details/DRG0SBFOG,data/raw/adcdb_idrblab/adc_details/DRG0SBFOG.html
DRG0SHYWZ,Anti-TNF ADC 118,Investigative,Anti-TNF mAb alpha-TNF,TAR0DEDPZ,Tumor necrosis factor receptor superfamily member 1A (TNFRSF1A),PAY0CPPQX,GRM cpd 61,PAY0CPPQX,Glucocorticoid receptor (NR3C1),Other,MP-Ala-Ala,ADCC001891,Half Maximal Effective Concentration (EC50),1,=,0.55,0.55,ug/mL,0,K-562 cells (TNF expression),Chronic myelogenous leukemia,https://adcdb.idrblab.net/data/adc/details/DRG0SHYWZ,data/raw/adcdb_idrblab/adc_details/DRG0SHYWZ.html
DRG0SHYWZ,Anti-TNF ADC 118,Investigative,Anti-TNF mAb alpha-TNF,TAR0DEDPZ,Tumor necrosis factor receptor superfamily member 1A (TNFRSF1A),PAY0CPPQX,GRM cpd 61,PAY0CPPQX,Glucocorticoid receptor (NR3C1),Other,MP-Ala-Ala,ADCC001892,Half Maximal Effective Concentration (EC50),1,>,> 50,50.0,ug/mL,0,K-562 cells,Chronic myelogenous leukemia,https://adcdb.idrblab.net/data/adc/details/DRG0SHYWZ,data/raw/adcdb_idrblab/adc_details/DRG0SHYWZ.html
DRG0SLFJV,H02L02-DXd,Investigative,Anti-CDH6 mAb H02L02,TAR0SOZLV,Cadherin-6 (CDH6),PAY0UXDSB,DX-8951 derivative (DXd),PAY0UXDSB,DNA topoisomerase 1 (TOP1),Topo-I inhibitor,Mc-Gly-Gly-Phe-Gly,ADCC007053,Half Maximal Inhibitory Concentration (IC50),1,=,0.01-0.10,0.01,nM,1,CVCL_0479,Ovarian mixed germ cell tumor,https://adcdb.idrblab.net/data/adc/details/DRG0SLFJV,data/raw/adcdb_idrblab/adc_details/DRG0SLFJV.html
DRG0SNONX,Milatuzumab-RSL3-NH2,Investigative,Milatuzumab,TAR0KVKEF,HLA class II histocompatibility antigen gamma chain (CD74),PAY0NNLXO,RSL3-NH2,PAY0NNLXO,Phospholipid hydroperoxide glutathione peroxidase (GPX4),Other,Mal-PEG4-DBCO-Ala-Val,ADCC000584,Half Maximal Inhibitory Concentration (IC50),1,=,2.4,2.4,nM,1,Toledo cells,Diffuse large B-cell lymphoma,https://adcdb.idrblab.net/data/adc/details/DRG0SNONX,data/raw/adcdb_idrblab/adc_details/DRG0SNONX.html
DRG0SPGJY,Cetux Cys-vc-MMAE,Investigative,Glyco-engineered cetuximab,TAR0UYFIF,Epidermal growth factor receptor (EGFR),PAY0FSXOW,Monomethyl auristatin E,PAY0FSXOW,Microtubule (MT),microtubule-disrupting,Mc-Val-Cit-PABC,ADCC002912,Half Maximal Inhibitory Concentration (IC50),1,=,0.03,0.03,nM,1,U-87MG cells,Glioblastoma,https://adcdb.idrblab.net/data/adc/details/DRG0SPGJY,data/raw/adcdb_idrblab/adc_details/DRG0SPGJY.html
DRG0SRATX,Anti-TNF ADC 130,Investigative,Anti-TNF mAb alpha-TNF,TAR0DEDPZ,Tumor necrosis factor receptor superfamily member 1A (TNFRSF1A),PAY0KYMOZ,GRM cpd 31,PAY0KYMOZ,Glucocorticoid receptor (NR3C1),Other,MP-Ala-Ala,ADCC001953,Half Maximal Effective Concentration (EC50),1,=,0.09,0.09,ug/mL,0,K-562 cells (TNF expression),Chronic myelogenous leukemia,https://adcdb.idrblab.net/data/adc/details/DRG0SRATX,data/raw/adcdb_idrblab/adc_details/DRG0SRATX.html
DRG0SRATX,Anti-TNF ADC 130,Investigative,Anti-TNF mAb alpha-TNF,TAR0DEDPZ,Tumor necrosis factor receptor superfamily member 1A (TNFRSF1A),PAY0KYMOZ,GRM cpd 31,PAY0KYMOZ,Glucocorticoid receptor (NR3C1),Other,MP-Ala-Ala,ADCC001954,Half Maximal Effective Concentration (EC50),1,=,36.8,36.8,ug/mL,0,K-562 cells,Chronic myelogenous leukemia,https://adcdb.idrblab.net/data/adc/details/DRG0SRATX,data/raw/adcdb_idrblab/adc_details/DRG0SRATX.html
DRG0SXFSY,Inotuzumab ozogamicin,Approved in 2017,Inotuzumab,TAR0XTCGM,B-cell receptor CD22 (CD22),PAY0RZSDY,N-acetyl-gamma-calicheamicin,PAY0RZSDY,Human deoxyribonucleic acid (hDNA),DNA-damaging,AcButDMH,ADCC000235,Half Maximal Inhibitory Concentration (IC50),1,=,5,5.0,pM,1,Daudi cells,Burkitt lymphoma,https://adcdb.idrblab.net/data/adc/details/DRG0SXFSY,data/raw/adcdb_idrblab/adc_details/DRG0SXFSY.html
DRG0SXFSY,Inotuzumab ozogamicin,Approved in 2017,Inotuzumab,TAR0XTCGM,B-cell receptor CD22 (CD22),PAY0RZSDY,N-acetyl-gamma-calicheamicin,PAY0RZSDY,Human deoxyribonucleic acid (hDNA),DNA-damaging,AcButDMH,ADCC000227,Half Maximal Inhibitory Concentration (IC50),1,=,6,6.0,pM,1,RL cells,Diffuse large B-cell lymphoma,https://adcdb.idrblab.net/data/adc/details/DRG0SXFSY,data/raw/adcdb_idrblab/adc_details/DRG0SXFSY.html
DRG0SXFSY,Inotuzumab ozogamicin,Approved in 2017,Inotuzumab,TAR0XTCGM,B-cell receptor CD22 (CD22),PAY0RZSDY,N-acetyl-gamma-calicheamicin,PAY0RZSDY,Human deoxyribonucleic acid (hDNA),DNA-damaging,AcButDMH,ADCC000216,Half Maximal Inhibitory Concentration (IC50),1,=,6,6.0,pM,1,RL cells,Diffuse large B-cell lymphoma,https://adcdb.idrblab.net/data/adc/details/DRG0SXFSY,data/raw/adcdb_idrblab/adc_details/DRG0SXFSY.html
DRG0SXFSY,Inotuzumab ozogamicin,Approved in 2017,Inotuzumab,TAR0XTCGM,B-cell receptor CD22 (CD22),PAY0RZSDY,N-acetyl-gamma-calicheamicin,PAY0RZSDY,Human deoxyribonucleic acid (hDNA),DNA-damaging,AcButDMH,ADCC000224,Half Maximal Inhibitory Concentration (IC50),1,=,13,13.0,pM,1,Reh cells,B acute lymphoblastic leukemia,https://adcdb.idrblab.net/data/adc/details/DRG0SXFSY,data/raw/adcdb_idrblab/adc_details/DRG0SXFSY.html
DRG0SXFSY,Inotuzumab ozogamicin,Approved in 2017,Inotuzumab,TAR0XTCGM,B-cell receptor CD22 (CD22),PAY0RZSDY,N-acetyl-gamma-calicheamicin,PAY0RZSDY,Human deoxyribonucleic acid (hDNA),DNA-damaging,AcButDMH,ADCC000229,Half Maximal Inhibitory Concentration (IC50),1,=,20,20.0,pM,1,Daudi cells,Burkitt lymphoma,https://adcdb.idrblab.net/data/adc/details/DRG0SXFSY,data/raw/adcdb_idrblab/adc_details/DRG0SXFSY.html
DRG0SXFSY,Inotuzumab ozogamicin,Approved in 2017,Inotuzumab,TAR0XTCGM,B-cell receptor CD22 (CD22),PAY0RZSDY,N-acetyl-gamma-calicheamicin,PAY0RZSDY,Human deoxyribonucleic acid (hDNA),DNA-damaging,AcButDMH,ADCC000215,Half Maximal Inhibitory Concentration (IC50),1,=,21,21.0,pM,1,Daudi cells,Burkitt lymphoma,https://adcdb.idrblab.net/data/adc/details/DRG0SXFSY,data/raw/adcdb_idrblab/adc_details/DRG0SXFSY.html
DRG0SXFSY,Inotuzumab ozogamicin,Approved in 2017,Inotuzumab,TAR0XTCGM,B-cell receptor CD22 (CD22),PAY0RZSDY,N-acetyl-gamma-calicheamicin,PAY0RZSDY,Human deoxyribonucleic acid (hDNA),DNA-damaging,AcButDMH,ADCC000237,Half Maximal Inhibitory Concentration (IC50),1,=,40,40.0,pM,1,Ramos cells,Burkitt lymphoma,https://adcdb.idrblab.net/data/adc/details/DRG0SXFSY,data/raw/adcdb_idrblab/adc_details/DRG0SXFSY.html
DRG0SXFSY,Inotuzumab ozogamicin,Approved in 2017,Inotuzumab,TAR0XTCGM,B-cell receptor CD22 (CD22),PAY0RZSDY,N-acetyl-gamma-calicheamicin,PAY0RZSDY,Human deoxyribonucleic acid (hDNA),DNA-damaging,AcButDMH,ADCC000225,Half Maximal Inhibitory Concentration (IC50),1,=,47,47.0,pM,1,RS4 11 cells,Adult B acute lymphoblastic leukemia,https://adcdb.idrblab.net/data/adc/details/DRG0SXFSY,data/raw/adcdb_idrblab/adc_details/DRG0SXFSY.html
DRG0SXFSY,Inotuzumab ozogamicin,Approved in 2017,Inotuzumab,TAR0XTCGM,B-cell receptor CD22 (CD22),PAY0RZSDY,N-acetyl-gamma-calicheamicin,PAY0RZSDY,Human deoxyribonucleic acid (hDNA),DNA-damaging,AcButDMH,ADCC000234,Half Maximal Inhibitory Concentration (IC50),1,=,53,53.0,pM,1,Ramos cells,Burkitt lymphoma,https://adcdb.idrblab.net/data/adc/details/DRG0SXFSY,data/raw/adcdb_idrblab/adc_details/DRG0SXFSY.html
DRG0SXFSY,Inotuzumab ozogamicin,Approved in 2017,Inotuzumab,TAR0XTCGM,B-cell receptor CD22 (CD22),PAY0RZSDY,N-acetyl-gamma-calicheamicin,PAY0RZSDY,Human deoxyribonucleic acid (hDNA),DNA-damaging,AcButDMH,ADCC000226,Half Maximal Inhibitory Concentration (IC50),1,=,53,53.0,pM,1,SUP-B15 cells,B-lymphoblastic leukemia,https://adcdb.idrblab.net/data/adc/details/DRG0SXFSY,data/raw/adcdb_idrblab/adc_details/DRG0SXFSY.html
DRG0SXFSY,Inotuzumab ozogamicin,Approved in 2017,Inotuzumab,TAR0XTCGM,B-cell receptor CD22 (CD22),PAY0RZSDY,N-acetyl-gamma-calicheamicin,PAY0RZSDY,Human deoxyribonucleic acid (hDNA),DNA-damaging,AcButDMH,ADCC000228,Half Maximal Inhibitory Concentration (IC50),1,=,80,80.0,pM,1,Raji cells,EBV-related Burkitt lymphoma,https://adcdb.idrblab.net/data/adc/details/DRG0SXFSY,data/raw/adcdb_idrblab/adc_details/DRG0SXFSY.html
DRG0SXFSY,Inotuzumab ozogamicin,Approved in 2017,Inotuzumab,TAR0XTCGM,B-cell receptor CD22 (CD22),PAY0RZSDY,N-acetyl-gamma-calicheamicin,PAY0RZSDY,Human deoxyribonucleic acid (hDNA),DNA-damaging,AcButDMH,ADCC000223,Half Maximal Inhibitory Concentration (IC50),1,=,100,100.0,pM,1,Ramos cells,Burkitt lymphoma,https://adcdb.idrblab.net/data/adc/details/DRG0SXFSY,data/raw/adcdb_idrblab/adc_details/DRG0SXFSY.html
DRG0SXFSY,Inotuzumab ozogamicin,Approved in 2017,Inotuzumab,TAR0XTCGM,B-cell receptor CD22 (CD22),PAY0RZSDY,N-acetyl-gamma-calicheamicin,PAY0RZSDY,Human deoxyribonucleic acid (hDNA),DNA-damaging,AcButDMH,ADCC000213,Half Maximal Inhibitory Concentration (IC50),1,=,200,200.0,pM,1,Ramos cells,Burkitt lymphoma,https://adcdb.idrblab.net/data/adc/details/DRG0SXFSY,data/raw/adcdb_idrblab/adc_details/DRG0SXFSY.html
DRG0SXFSY,Inotuzumab ozogamicin,Approved in 2017,Inotuzumab,TAR0XTCGM,B-cell receptor CD22 (CD22),PAY0RZSDY,N-acetyl-gamma-calicheamicin,PAY0RZSDY,Human deoxyribonucleic acid (hDNA),DNA-damaging,AcButDMH,ADCC000217,Half Maximal Inhibitory Concentration (IC50),1,=,250,250.0,pM,1,HL-60 cells,Adult acute myeloid leukemia,https://adcdb.idrblab.net/data/adc/details/DRG0SXFSY,data/raw/adcdb_idrblab/adc_details/DRG0SXFSY.html
DRG0SXFSY,Inotuzumab ozogamicin,Approved in 2017,Inotuzumab,TAR0XTCGM,B-cell receptor CD22 (CD22),PAY0RZSDY,N-acetyl-gamma-calicheamicin,PAY0RZSDY,Human deoxyribonucleic acid (hDNA),DNA-damaging,AcButDMH,ADCC000214,Half Maximal Inhibitory Concentration (IC50),1,=,300,300.0,pM,1,Raji cells,EBV-related Burkitt lymphoma,https://adcdb.idrblab.net/data/adc/details/DRG0SXFSY,data/raw/adcdb_idrblab/adc_details/DRG0SXFSY.html
DRG0SXFSY,Inotuzumab ozogamicin,Approved in 2017,Inotuzumab,TAR0XTCGM,B-cell receptor CD22 (CD22),PAY0RZSDY,N-acetyl-gamma-calicheamicin,PAY0RZSDY,Human deoxyribonucleic acid (hDNA),DNA-damaging,AcButDMH,ADCC000236,Half Maximal Inhibitory Concentration (IC50),1,=,600,600.0,pM,1,RL cells,Diffuse large B-cell lymphoma,https://adcdb.idrblab.net/data/adc/details/DRG0SXFSY,data/raw/adcdb_idrblab/adc_details/DRG0SXFSY.html
DRG0SXFSY,Inotuzumab ozogamicin,Approved in 2017,Inotuzumab,TAR0XTCGM,B-cell receptor CD22 (CD22),PAY0RZSDY,N-acetyl-gamma-calicheamicin,PAY0RZSDY,Human deoxyribonucleic acid (hDNA),DNA-damaging,AcButDMH,ADCC000230,Half Maximal Inhibitory Concentration (IC50),1,=,750,750.0,pM,1,HL-60 cells,Adult acute myeloid leukemia,https://adcdb.idrblab.net/data/adc/details/DRG0SXFSY,data/raw/adcdb_idrblab/adc_details/DRG0SXFSY.html
DRG0SXFSY,Inotuzumab ozogamicin,Approved in 2017,Inotuzumab,TAR0XTCGM,B-cell receptor CD22 (CD22),PAY0RZSDY,N-acetyl-gamma-calicheamicin,PAY0RZSDY,Human deoxyribonucleic acid (hDNA),DNA-damaging,AcButDMH,ADCC000244,Half Maximal Inhibitory Concentration (IC50),1,=,0.02,0.02,nM,1,Ramos cells,Burkitt lymphoma,https://adcdb.idrblab.net/data/adc/details/DRG0SXFSY,data/raw/adcdb_idrblab/adc_details/DRG0SXFSY.html
DRG0SXFSY,Inotuzumab ozogamicin,Approved in 2017,Inotuzumab,TAR0XTCGM,B-cell receptor CD22 (CD22),PAY0RZSDY,N-acetyl-gamma-calicheamicin,PAY0RZSDY,Human deoxyribonucleic acid (hDNA),DNA-damaging,AcButDMH,ADCC000243,Half Maximal Inhibitory Concentration (IC50),1,=,0.1,0.1,nM,1,RL cells,Diffuse large B-cell lymphoma,https://adcdb.idrblab.net/data/adc/details/DRG0SXFSY,data/raw/adcdb_idrblab/adc_details/DRG0SXFSY.html
DRG0SXFSY,Inotuzumab ozogamicin,Approved in 2017,Inotuzumab,TAR0XTCGM,B-cell receptor CD22 (CD22),PAY0RZSDY,N-acetyl-gamma-calicheamicin,PAY0RZSDY,Human deoxyribonucleic acid (hDNA),DNA-damaging,AcButDMH,ADCC000242,Half Maximal Inhibitory Concentration (IC50),1,=,0.2,0.2,nM,1,WSU-DLCL2 cells,Diffuse large B-cell lymphoma,https://adcdb.idrblab.net/data/adc/details/DRG0SXFSY,data/raw/adcdb_idrblab/adc_details/DRG0SXFSY.html
DRG0SXFSY,Inotuzumab ozogamicin,Approved in 2017,Inotuzumab,TAR0XTCGM,B-cell receptor CD22 (CD22),PAY0RZSDY,N-acetyl-gamma-calicheamicin,PAY0RZSDY,Human deoxyribonucleic acid (hDNA),DNA-damaging,AcButDMH,ADCC000245,Half Maximal Inhibitory Concentration (IC50),1,=,0.5,0.5,nM,1,SU-DHL-4 cells,Diffuse large B-cell lymphoma,https://adcdb.idrblab.net/data/adc/details/DRG0SXFSY,data/raw/adcdb_idrblab/adc_details/DRG0SXFSY.html
DRG0SYDXK,Anti-TNF ADC 129,Investigative,Anti-TNF mAb alpha-TNF,TAR0DEDPZ,Tumor necrosis factor receptor superfamily member 1A (TNFRSF1A),PAY0VXOJX,GRM cpd 30,PAY0VXOJX,Glucocorticoid receptor (NR3C1),Other,MP-Ala-Ala,ADCC001943,Half Maximal Effective Concentration (EC50),1,=,0.04,0.04,ug/mL,0,K-562 cells (TNF expression),Chronic myelogenous leukemia,https://adcdb.idrblab.net/data/adc/details/DRG0SYDXK,data/raw/adcdb_idrblab/adc_details/DRG0SYDXK.html
DRG0SYDXK,Anti-TNF ADC 129,Investigative,Anti-TNF mAb alpha-TNF,TAR0DEDPZ,Tumor necrosis factor receptor superfamily member 1A (TNFRSF1A),PAY0VXOJX,GRM cpd 30,PAY0VXOJX,Glucocorticoid receptor (NR3C1),Other,MP-Ala-Ala,ADCC001944,Half Maximal Effective Concentration (EC50),1,=,50,50.0,ug/mL,0,K-562 cells,Chronic myelogenous leukemia,https://adcdb.idrblab.net/data/adc/details/DRG0SYDXK,data/raw/adcdb_idrblab/adc_details/DRG0SYDXK.html
DRG0SZERO,Lonigutamab ugodotin,Phase 1/2 (discontinued),Lonigutamab,TAR0XGJXK,Insulin-like growth factor 1 receptor (IGF1R),PAY0HXYLH,F554443,PAY0HXYLH,Microtubule (MT),microtubule-disrupting,Maleimido-caproyl,ADCC000758,Tumor Growth Inhibition value (TGI),0,=,≈ 0,0.0,%,0,SBC-5 cells,Lung small cell carcinoma,https://adcdb.idrblab.net/data/adc/details/DRG0SZERO,data/raw/adcdb_idrblab/adc_details/DRG0SZERO.html
DRG0SZERO,Lonigutamab ugodotin,Phase 1/2 (discontinued),Lonigutamab,TAR0XGJXK,Insulin-like growth factor 1 receptor (IGF1R),PAY0HXYLH,F554443,PAY0HXYLH,Microtubule (MT),microtubule-disrupting,Maleimido-caproyl,ADCC000754,Tumor Growth Inhibition value (TGI),0,=,≈ 80,80.0,%,0,NCI-H2122 cells,Lung adenocarcinoma,https://adcdb.idrblab.net/data/adc/details/DRG0SZERO,data/raw/adcdb_idrblab/adc_details/DRG0SZERO.html
DRG0SZERO,Lonigutamab ugodotin,Phase 1/2 (discontinued),Lonigutamab,TAR0XGJXK,Insulin-like growth factor 1 receptor (IGF1R),PAY0HXYLH,F554443,PAY0HXYLH,Microtubule (MT),microtubule-disrupting,Maleimido-caproyl,ADCC000756,Tumor Growth Inhibition value (TGI),0,=,≈ 100,100.0,%,0,NCI-H2122 cells,Lung adenocarcinoma,https://adcdb.idrblab.net/data/adc/details/DRG0SZERO,data/raw/adcdb_idrblab/adc_details/DRG0SZERO.html
DRG0SZERO,Lonigutamab ugodotin,Phase 1/2 (discontinued),Lonigutamab,TAR0XGJXK,Insulin-like growth factor 1 receptor (IGF1R),PAY0HXYLH,F554443,PAY0HXYLH,Microtubule (MT),microtubule-disrupting,Maleimido-caproyl,ADCC000752,Tumor Growth Inhibition value (TGI),0,=,≈ 100,100.0,%,0,MCF-7 cells,Invasive breast carcinoma,https://adcdb.idrblab.net/data/adc/details/DRG0SZERO,data/raw/adcdb_idrblab/adc_details/DRG0SZERO.html
DRG0SZERO,Lonigutamab ugodotin,Phase 1/2 (discontinued),Lonigutamab,TAR0XGJXK,Insulin-like growth factor 1 receptor (IGF1R),PAY0HXYLH,F554443,PAY0HXYLH,Microtubule (MT),microtubule-disrupting,Maleimido-caproyl,ADCC000751,Half Maximal Inhibitory Concentration (IC50),1,=,0.01,0.01,nM,1,MCF-7 cells,Invasive breast carcinoma,https://adcdb.idrblab.net/data/adc/details/DRG0SZERO,data/raw/adcdb_idrblab/adc_details/DRG0SZERO.html
DRG0SZERO,Lonigutamab ugodotin,Phase 1/2 (discontinued),Lonigutamab,TAR0XGJXK,Insulin-like growth factor 1 receptor (IGF1R),PAY0HXYLH,F554443,PAY0HXYLH,Microtubule (MT),microtubule-disrupting,Maleimido-caproyl,ADCC000753,Half Maximal Inhibitory Concentration (IC50),1,=,0.63,0.63,nM,1,NCI-H2122 cells,Lung adenocarcinoma,https://adcdb.idrblab.net/data/adc/details/DRG0SZERO,data/raw/adcdb_idrblab/adc_details/DRG0SZERO.html
DRG0SZERO,Lonigutamab ugodotin,Phase 1/2 (discontinued),Lonigutamab,TAR0XGJXK,Insulin-like growth factor 1 receptor (IGF1R),PAY0HXYLH,F554443,PAY0HXYLH,Microtubule (MT),microtubule-disrupting,Maleimido-caproyl,ADCC000755,Half Maximal Inhibitory Concentration (IC50),1,>,> 10,10.0,nM,1,Caov-3 cells,Ovarian serous adenocarcinoma,https://adcdb.idrblab.net/data/adc/details/DRG0SZERO,data/raw/adcdb_idrblab/adc_details/DRG0SZERO.html
DRG0SZERO,Lonigutamab ugodotin,Phase 1/2 (discontinued),Lonigutamab,TAR0XGJXK,Insulin-like growth factor 1 receptor (IGF1R),PAY0HXYLH,F554443,PAY0HXYLH,Microtubule (MT),microtubule-disrupting,Maleimido-caproyl,ADCC000757,Half Maximal Inhibitory Concentration (IC50),1,>,> 100,100.0,nM,1,SBC-5 cells,Lung small cell carcinoma,https://adcdb.idrblab.net/data/adc/details/DRG0SZERO,data/raw/adcdb_idrblab/adc_details/DRG0SZERO.html
DRG0TDKHC,HER2-gsADC-48,Investigative,Trastuzumab,TAR0THKZD,Receptor tyrosine-protein kinase erbB-2 (HER2),PAY0FSXOW,Monomethyl auristatin E,PAY0FSXOW,Microtubule (MT),microtubule-disrupting,2-Aminobenzamide oxime,ADCC006791,Half Maximal Inhibitory Concentration (IC50),1,=,0.08,0.08,nM,1,SK-BR-3 cells,Breast adenocarcinoma,https://adcdb.idrblab.net/data/adc/details/DRG0TDKHC,data/raw/adcdb_idrblab/adc_details/DRG0TDKHC.html
DRG0TDKHC,HER2-gsADC-48,Investigative,Trastuzumab,TAR0THKZD,Receptor tyrosine-protein kinase erbB-2 (HER2),PAY0FSXOW,Monomethyl auristatin E,PAY0FSXOW,Microtubule (MT),microtubule-disrupting,2-Aminobenzamide oxime,ADCC006837,Half Maximal Inhibitory Concentration (IC50),1,=,0.09,0.09,nM,1,NCI-N87 cells,Gastric tubular adenocarcinoma,https://adcdb.idrblab.net/data/adc/details/DRG0TDKHC,data/raw/adcdb_idrblab/adc_details/DRG0TDKHC.html
DRG0TDKHC,HER2-gsADC-48,Investigative,Trastuzumab,TAR0THKZD,Receptor tyrosine-protein kinase erbB-2 (HER2),PAY0FSXOW,Monomethyl auristatin E,PAY0FSXOW,Microtubule (MT),microtubule-disrupting,2-Aminobenzamide oxime,ADCC006883,Half Maximal Inhibitory Concentration (IC50),1,>,> 66,66.0,nM,1,MDA-MB-231 cells,Breast adenocarcinoma,https://adcdb.idrblab.net/data/adc/details/DRG0TDKHC,data/raw/adcdb_idrblab/adc_details/DRG0TDKHC.html
DRG0TEJEI,Anti-TNF ADC 133,Investigative,Anti-TNF mAb alpha-TNF,TAR0DEDPZ,Tumor necrosis factor receptor superfamily member 1A (TNFRSF1A),PAY0ZHBNS,GRM cpd 32,PAY0ZHBNS,Glucocorticoid receptor (NR3C1),Other,MP-Ala-Ala,ADCC001967,Half Maximal Effective Concentration (EC50),1,=,0.03,0.03,ug/mL,0,K-562 cells (TNF expression),Chronic myelogenous leukemia,https://adcdb.idrblab.net/data/adc/details/DRG0TEJEI,data/raw/adcdb_idrblab/adc_details/DRG0TEJEI.html
DRG0TEJEI,Anti-TNF ADC 133,Investigative,Anti-TNF mAb alpha-TNF,TAR0DEDPZ,Tumor necrosis factor receptor superfamily member 1A (TNFRSF1A),PAY0ZHBNS,GRM cpd 32,PAY0ZHBNS,Glucocorticoid receptor (NR3C1),Other,MP-Ala-Ala,ADCC001968,Half Maximal Effective Concentration (EC50),1,=,2.8,2.8,ug/mL,0,K-562 cells,Chronic myelogenous leukemia,https://adcdb.idrblab.net/data/adc/details/DRG0TEJEI,data/raw/adcdb_idrblab/adc_details/DRG0TEJEI.html
DRG0TIDUJ,FOLR1-Mal-PEG8-Val-Cit-PABC-Eribulin,Investigative,Farletuzumab,TAR0QHAVI,Folate receptor alpha (FOLR1),PAY0JAEKD,Eribulin,PAY0JAEKD,Microtubule (MT),microtubule-disrupting,Mal-PEG8-Val-Cit-PABC,ADCC006276,Half Maximal Inhibitory Concentration (IC50),1,=,0.12,0.12,nM,1,IGROV-1 cells,Ovarian endometrioid adenocarcinoma,https://adcdb.idrblab.net/data/adc/details/DRG0TIDUJ,data/raw/adcdb_idrblab/adc_details/DRG0TIDUJ.html
DRG0TIDUJ,FOLR1-Mal-PEG8-Val-Cit-PABC-Eribulin,Investigative,Farletuzumab,TAR0QHAVI,Folate receptor alpha (FOLR1),PAY0JAEKD,Eribulin,PAY0JAEKD,Microtubule (MT),microtubule-disrupting,Mal-PEG8-Val-Cit-PABC,ADCC006292,Half Maximal Inhibitory Concentration (IC50),1,=,7.1,7.1,nM,1,NCI-H2110 cells,Lung non-small cell carcinoma,https://adcdb.idrblab.net/data/adc/details/DRG0TIDUJ,data/raw/adcdb_idrblab/adc_details/DRG0TIDUJ.html
DRG0TIDUJ,FOLR1-Mal-PEG8-Val-Cit-PABC-Eribulin,Investigative,Farletuzumab,TAR0QHAVI,Folate receptor alpha (FOLR1),PAY0JAEKD,Eribulin,PAY0JAEKD,Microtubule (MT),microtubule-disrupting,Mal-PEG8-Val-Cit-PABC,ADCC006308,Half Maximal Inhibitory Concentration (IC50),1,=,86,86.0,nM,1,A431 cells,Skin squamous cell carcinoma,https://adcdb.idrblab.net/data/adc/details/DRG0TIDUJ,data/raw/adcdb_idrblab/adc_details/DRG0TIDUJ.html
DRG0TIDUJ,FOLR1-Mal-PEG8-Val-Cit-PABC-Eribulin,Investigative,Farletuzumab,TAR0QHAVI,Folate receptor alpha (FOLR1),PAY0JAEKD,Eribulin,PAY0JAEKD,Microtubule (MT),microtubule-disrupting,Mal-PEG8-Val-Cit-PABC,ADCC006324,Half Maximal Inhibitory Concentration (IC50),1,>,> 100,100.0,nM,1,SJSA-1 cells,Osteosarcoma,https://adcdb.idrblab.net/data/adc/details/DRG0TIDUJ,data/raw/adcdb_idrblab/adc_details/DRG0TIDUJ.html
DRG0TLFED,Wild type nBT062-DM4,Investigative,Indatuximab,TAR0SERWS,Syndecan-1 (SDC1),PAY0GTSVM,Mertansine DM4,PAY0GTSVM,Microtubule (MT),microtubule-disrupting,N-succinimidyl 4-(2-pyridyldithio) butanoate (SPDB),ADCC006025,Half Maximal Inhibitory Concentration (IC50),1,=,0.1,0.1,nM,1,NCI-H929 cells,Plasma cell myeloma,https://adcdb.idrblab.net/data/adc/details/DRG0TLFED,data/raw/adcdb_idrblab/adc_details/DRG0TLFED.html
DRG0TRBER,Trastuzumab-MMAE conjugate DAR8,Investigative,Trastuzumab,TAR0THKZD,Receptor tyrosine-protein kinase erbB-2 (HER2),PAY0FSXOW,Monomethyl auristatin E,PAY0FSXOW,Microtubule (MT),microtubule-disrupting,"Man-beta-1,4-GlcNAc-DBCO-PEG5-VC-PAB",ADCC002258,Half Maximal Effective Concentration (EC50),1,>,> 10,10.0,uM,1,T-47D cells,Invasive breast carcinoma,https://adcdb.idrblab.net/data/adc/details/DRG0TRBER,data/raw/adcdb_idrblab/adc_details/DRG0TRBER.html
DRG0TRBER,Trastuzumab-MMAE conjugate DAR8,Investigative,Trastuzumab,TAR0THKZD,Receptor tyrosine-protein kinase erbB-2 (HER2),PAY0FSXOW,Monomethyl auristatin E,PAY0FSXOW,Microtubule (MT),microtubule-disrupting,"Man-beta-1,4-GlcNAc-DBCO-PEG5-VC-PAB",ADCC002257,Half Maximal Effective Concentration (EC50),1,=,0.05 8.79,0.05,nM ng/mL,0,BT-474 cells,Invasive breast carcinoma,https://adcdb.idrblab.net/data/adc/details/DRG0TRBER,data/raw/adcdb_idrblab/adc_details/DRG0TRBER.html
DRG0TUCHR,Mirvetuximab-SPP-DM1,Investigative,Mirvetuximab,TAR0QHAVI,Folate receptor alpha (FOLR1),PAY0JCIBW,Mertansine DM1,PAY0JCIBW,Microtubule (MT),microtubule-disrupting,N-succinimidyl 4-(2-pyridyldithio) pentanoate (SPP),ADCC000126,Half Maximal Inhibitory Concentration (IC50),1,=,0.11±0.04,0.11,nM,1,KB cells,Human papillomavirus-related endocervical adenocarcinoma,https://adcdb.idrblab.net/data/adc/details/DRG0TUCHR,data/raw/adcdb_idrblab/adc_details/DRG0TUCHR.html
DRG0TUCHR,Mirvetuximab-SPP-DM1,Investigative,Mirvetuximab,TAR0QHAVI,Folate receptor alpha (FOLR1),PAY0JCIBW,Mertansine DM1,PAY0JCIBW,Microtubule (MT),microtubule-disrupting,N-succinimidyl 4-(2-pyridyldithio) pentanoate (SPP),ADCC000128,Half Maximal Inhibitory Concentration (IC50),1,=,0.13±0.08,0.13,nM,1,JEG-3 cells,Gestational choriocarcinoma,https://adcdb.idrblab.net/data/adc/details/DRG0TUCHR,data/raw/adcdb_idrblab/adc_details/DRG0TUCHR.html
DRG0TUCHR,Mirvetuximab-SPP-DM1,Investigative,Mirvetuximab,TAR0QHAVI,Folate receptor alpha (FOLR1),PAY0JCIBW,Mertansine DM1,PAY0JCIBW,Microtubule (MT),microtubule-disrupting,N-succinimidyl 4-(2-pyridyldithio) pentanoate (SPP),ADCC000127,Half Maximal Inhibitory Concentration (IC50),1,=,0.14±0.05,0.14,nM,1,IGROV-1 cells,Ovarian endometrioid adenocarcinoma,https://adcdb.idrblab.net/data/adc/details/DRG0TUCHR,data/raw/adcdb_idrblab/adc_details/DRG0TUCHR.html
DRG0TVMXR,C-IgG-Val-Cit-MMAE,Investigative,Cetuximab,TAR0UYFIF,Epidermal growth factor receptor (EGFR),PAY0FSXOW,Monomethyl auristatin E,PAY0FSXOW,Microtubule (MT),microtubule-disrupting,Gly3-Val-Cit-PABC,ADCC002563,Half Maximal Inhibitory Concentration (IC50),1,=,0.44±0.03,0.44,nM,1,MDA-MB-468 cells,Breast adenocarcinoma,https://adcdb.idrblab.net/data/adc/details/DRG0TVMXR,data/raw/adcdb_idrblab/adc_details/DRG0TVMXR.html
DRG0TVMXR,C-IgG-Val-Cit-MMAE,Investigative,Cetuximab,TAR0UYFIF,Epidermal growth factor receptor (EGFR),PAY0FSXOW,Monomethyl auristatin E,PAY0FSXOW,Microtubule (MT),microtubule-disrupting,Gly3-Val-Cit-PABC,ADCC002565,Half Maximal Inhibitory Concentration (IC50),1,>,> 100,100.0,nM,1,MCF-7 cells,Invasive breast carcinoma,https://adcdb.idrblab.net/data/adc/details/DRG0TVMXR,data/raw/adcdb_idrblab/adc_details/DRG0TVMXR.html
DRG0TVMXR,C-IgG-Val-Cit-MMAE,Investigative,Cetuximab,TAR0UYFIF,Epidermal growth factor receptor (EGFR),PAY0FSXOW,Monomethyl auristatin E,PAY0FSXOW,Microtubule (MT),microtubule-disrupting,Gly3-Val-Cit-PABC,ADCC002564,Half Maximal Effective Concentration (EC50),1,=,1.4,1.4,nM,1,A431 cells,Skin squamous cell carcinoma,https://adcdb.idrblab.net/data/adc/details/DRG0TVMXR,data/raw/adcdb_idrblab/adc_details/DRG0TVMXR.html
DRG0TVSRK,Anti-TNF ADC 117,Investigative,Anti-TNF mAb alpha-TNF,TAR0DEDPZ,Tumor necrosis factor receptor superfamily member 1A (TNFRSF1A),PAY0TXXGU,GRM cpd 33,PAY0TXXGU,Glucocorticoid receptor (NR3C1),Other,MP-Ala-Ala,ADCC001889,Half Maximal Effective Concentration (EC50),1,=,2.18,2.18,ug/mL,0,K-562 cells (TNF expression),Chronic myelogenous leukemia,https://adcdb.idrblab.net/data/adc/details/DRG0TVSRK,data/raw/adcdb_idrblab/adc_details/DRG0TVSRK.html
DRG0TVSRK,Anti-TNF ADC 117,Investigative,Anti-TNF mAb alpha-TNF,TAR0DEDPZ,Tumor necrosis factor receptor superfamily member 1A (TNFRSF1A),PAY0TXXGU,GRM cpd 33,PAY0TXXGU,Glucocorticoid receptor (NR3C1),Other,MP-Ala-Ala,ADCC001890,Half Maximal Effective Concentration (EC50),1,>,> 50,50.0,ug/mL,0,K-562 cells,Chronic myelogenous leukemia,https://adcdb.idrblab.net/data/adc/details/DRG0TVSRK,data/raw/adcdb_idrblab/adc_details/DRG0TVSRK.html
DRG0TZZNJ,Mipasetamab uzoptirine,Phase 1 (discontinued),Mipasetamab,TAR0PMKUR,Tyrosine-protein kinase receptor UFO (AXL),PAY0XBVCC,SG3199 (SC-DR002),PAY0XBVCC,Human deoxyribonucleic acid (hDNA),DNA-damaging,BCN-HydraSpace-Val-Ala-PABC,ADCC001656,Half Maximal Inhibitory Concentration (IC50),1,=,0.02,0.02,nM,1,SK-LU-1 cells,Lung adenocarcinoma,https://adcdb.idrblab.net/data/adc/details/DRG0TZZNJ,data/raw/adcdb_idrblab/adc_details/DRG0TZZNJ.html
DRG0TZZNJ,Mipasetamab uzoptirine,Phase 1 (discontinued),Mipasetamab,TAR0PMKUR,Tyrosine-protein kinase receptor UFO (AXL),PAY0XBVCC,SG3199 (SC-DR002),PAY0XBVCC,Human deoxyribonucleic acid (hDNA),DNA-damaging,BCN-HydraSpace-Val-Ala-PABC,ADCC001658,Half Maximal Inhibitory Concentration (IC50),1,=,0.11,0.11,nM,1,SK-OV-3 cells,Ovarian serous cystadenocarcinoma,https://adcdb.idrblab.net/data/adc/details/DRG0TZZNJ,data/raw/adcdb_idrblab/adc_details/DRG0TZZNJ.html
DRG0TZZNJ,Mipasetamab uzoptirine,Phase 1 (discontinued),Mipasetamab,TAR0PMKUR,Tyrosine-protein kinase receptor UFO (AXL),PAY0XBVCC,SG3199 (SC-DR002),PAY0XBVCC,Human deoxyribonucleic acid (hDNA),DNA-damaging,BCN-HydraSpace-Val-Ala-PABC,ADCC001657,Half Maximal Inhibitory Concentration (IC50),1,=,0.35,0.35,nM,1,MDA-MB-231 cells,Breast adenocarcinoma,https://adcdb.idrblab.net/data/adc/details/DRG0TZZNJ,data/raw/adcdb_idrblab/adc_details/DRG0TZZNJ.html
DRG0TZZNJ,Mipasetamab uzoptirine,Phase 1 (discontinued),Mipasetamab,TAR0PMKUR,Tyrosine-protein kinase receptor UFO (AXL),PAY0XBVCC,SG3199 (SC-DR002),PAY0XBVCC,Human deoxyribonucleic acid (hDNA),DNA-damaging,BCN-HydraSpace-Val-Ala-PABC,ADCC001654,Half Maximal Inhibitory Concentration (IC50),1,=,0.47,0.47,nM,1,PANC-1 cells,Pancreatic ductal adenocarcinoma,https://adcdb.idrblab.net/data/adc/details/DRG0TZZNJ,data/raw/adcdb_idrblab/adc_details/DRG0TZZNJ.html
DRG0TZZNJ,Mipasetamab uzoptirine,Phase 1 (discontinued),Mipasetamab,TAR0PMKUR,Tyrosine-protein kinase receptor UFO (AXL),PAY0XBVCC,SG3199 (SC-DR002),PAY0XBVCC,Human deoxyribonucleic acid (hDNA),DNA-damaging,BCN-HydraSpace-Val-Ala-PABC,ADCC001655,Half Maximal Inhibitory Concentration (IC50),1,=,0.59,0.59,nM,1,A-172 cells,Glioblastoma,https://adcdb.idrblab.net/data/adc/details/DRG0TZZNJ,data/raw/adcdb_idrblab/adc_details/DRG0TZZNJ.html
DRG0TZZNJ,Mipasetamab uzoptirine,Phase 1 (discontinued),Mipasetamab,TAR0PMKUR,Tyrosine-protein kinase receptor UFO (AXL),PAY0XBVCC,SG3199 (SC-DR002),PAY0XBVCC,Human deoxyribonucleic acid (hDNA),DNA-damaging,BCN-HydraSpace-Val-Ala-PABC,ADCC001660,Half Maximal Inhibitory Concentration (IC50),1,=,0.83,0.83,nM,1,SN12C cells,Renal cell carcinoma,https://adcdb.idrblab.net/data/adc/details/DRG0TZZNJ,data/raw/adcdb_idrblab/adc_details/DRG0TZZNJ.html
DRG0TZZNJ,Mipasetamab uzoptirine,Phase 1 (discontinued),Mipasetamab,TAR0PMKUR,Tyrosine-protein kinase receptor UFO (AXL),PAY0XBVCC,SG3199 (SC-DR002),PAY0XBVCC,Human deoxyribonucleic acid (hDNA),DNA-damaging,BCN-HydraSpace-Val-Ala-PABC,ADCC001659,Half Maximal Inhibitory Concentration (IC50),1,=,2.2,2.2,nM,1,NCI-H1299 cells,Lung large cell carcinoma,https://adcdb.idrblab.net/data/adc/details/DRG0TZZNJ,data/raw/adcdb_idrblab/adc_details/DRG0TZZNJ.html
DRG0TZZNJ,Mipasetamab uzoptirine,Phase 1 (discontinued),Mipasetamab,TAR0PMKUR,Tyrosine-protein kinase receptor UFO (AXL),PAY0XBVCC,SG3199 (SC-DR002),PAY0XBVCC,Human deoxyribonucleic acid (hDNA),DNA-damaging,BCN-HydraSpace-Val-Ala-PABC,ADCC001661,Half Maximal Inhibitory Concentration (IC50),1,=,9.29,9.29,nM,1,MDA-MB-361 cells,Breast adenocarcinoma,https://adcdb.idrblab.net/data/adc/details/DRG0TZZNJ,data/raw/adcdb_idrblab/adc_details/DRG0TZZNJ.html
DRG0TZZNJ,Mipasetamab uzoptirine,Phase 1 (discontinued),Mipasetamab,TAR0PMKUR,Tyrosine-protein kinase receptor UFO (AXL),PAY0XBVCC,SG3199 (SC-DR002),PAY0XBVCC,Human deoxyribonucleic acid (hDNA),DNA-damaging,BCN-HydraSpace-Val-Ala-PABC,ADCC001662,Half Maximal Inhibitory Concentration (IC50),1,=,14.62,14.62,nM,1,Karpas-299 cells,ALK-positive anaplastic large cell lymphoma,https://adcdb.idrblab.net/data/adc/details/DRG0TZZNJ,data/raw/adcdb_idrblab/adc_details/DRG0TZZNJ.html
DRG0UYWZI,GPC1-ADC-MMAE,Investigative,Anti-GPC1 GPC1-ADC (MMAE) mAb,TAR0WBVOL,Glypican-1 (GPC1),PAY0FSXOW,Monomethyl auristatin E,PAY0FSXOW,Microtubule (MT),microtubule-disrupting,Mc-Val-Cit-PABC,ADCC002575,Half Maximal Inhibitory Concentration (IC50),1,=,80.9,80.9,pM,1,KP-2 cells,Pancreatic carcinoma,https://adcdb.idrblab.net/data/adc/details/DRG0UYWZI,data/raw/adcdb_idrblab/adc_details/DRG0UYWZI.html
DRG0UYWZI,GPC1-ADC-MMAE,Investigative,Anti-GPC1 GPC1-ADC (MMAE) mAb,TAR0WBVOL,Glypican-1 (GPC1),PAY0FSXOW,Monomethyl auristatin E,PAY0FSXOW,Microtubule (MT),microtubule-disrupting,Mc-Val-Cit-PABC,ADCC002576,Half Maximal Inhibitory Concentration (IC50),1,=,0.55,0.55,nM,1,PK-8 cells,Pancreatic ductal adenocarcinoma,https://adcdb.idrblab.net/data/adc/details/DRG0UYWZI,data/raw/adcdb_idrblab/adc_details/DRG0UYWZI.html
DRG0UYWZI,GPC1-ADC-MMAE,Investigative,Anti-GPC1 GPC1-ADC (MMAE) mAb,TAR0WBVOL,Glypican-1 (GPC1),PAY0FSXOW,Monomethyl auristatin E,PAY0FSXOW,Microtubule (MT),microtubule-disrupting,Mc-Val-Cit-PABC,ADCC002574,Half Maximal Inhibitory Concentration (IC50),1,=,0.68,0.68,nM,1,BxPC-3 cells,Pancreatic ductal adenocarcinoma,https://adcdb.idrblab.net/data/adc/details/DRG0UYWZI,data/raw/adcdb_idrblab/adc_details/DRG0UYWZI.html
DRG0VIDMZ,Tras-Gly5-EDA-Pnu,Investigative,Trastuzumab,TAR0THKZD,Receptor tyrosine-protein kinase erbB-2 (HER2),PAY0WKBCR,PNU-159682,PAY0WKBCR,DNA topoisomerase 2-alpha (TOP2A),DNA-damaging,Gly5-EDA,ADCC002525,Half Maximal Inhibitory Concentration (IC50),1,=,2.7,2.7,ng/mL,0,SK-BR-3 cells,Breast adenocarcinoma,https://adcdb.idrblab.net/data/adc/details/DRG0VIDMZ,data/raw/adcdb_idrblab/adc_details/DRG0VIDMZ.html
DRG0VIDMZ,Tras-Gly5-EDA-Pnu,Investigative,Trastuzumab,TAR0THKZD,Receptor tyrosine-protein kinase erbB-2 (HER2),PAY0WKBCR,PNU-159682,PAY0WKBCR,DNA topoisomerase 2-alpha (TOP2A),DNA-damaging,Gly5-EDA,ADCC002526,Half Maximal Inhibitory Concentration (IC50),1,=,14.7,14.7,ng/mL,0,T-47D cells,Invasive breast carcinoma,https://adcdb.idrblab.net/data/adc/details/DRG0VIDMZ,data/raw/adcdb_idrblab/adc_details/DRG0VIDMZ.html
DRG0VMKDY,MuDS6-DM1,Investigative,Anti-CA6 mAb muDS6,TAR0BWSFH,Mucin-1 (MUC1),PAY0JCIBW,Mertansine DM1,PAY0JCIBW,Microtubule (MT),microtubule-disrupting,N-succinimidyl 4-(2-pyridyldithio) pentanoate (SPP),ADCC003795,Half Maximal Inhibitory Concentration (IC50),1,=,0.1,0.1,nM,1,BT-483 cells,Ductal carcinoma,https://adcdb.idrblab.net/data/adc/details/DRG0VMKDY,data/raw/adcdb_idrblab/adc_details/DRG0VMKDY.html
DRG0VMKDY,MuDS6-DM1,Investigative,Anti-CA6 mAb muDS6,TAR0BWSFH,Mucin-1 (MUC1),PAY0JCIBW,Mertansine DM1,PAY0JCIBW,Microtubule (MT),microtubule-disrupting,N-succinimidyl 4-(2-pyridyldithio) pentanoate (SPP),ADCC003821,Half Maximal Inhibitory Concentration (IC50),1,=,0.45,0.45,nM,1,ZR-75-1 cells,Invasive breast carcinoma,https://adcdb.idrblab.net/data/adc/details/DRG0VMKDY,data/raw/adcdb_idrblab/adc_details/DRG0VMKDY.html
DRG0VMKDY,MuDS6-DM1,Investigative,Anti-CA6 mAb muDS6,TAR0BWSFH,Mucin-1 (MUC1),PAY0JCIBW,Mertansine DM1,PAY0JCIBW,Microtubule (MT),microtubule-disrupting,N-succinimidyl 4-(2-pyridyldithio) pentanoate (SPP),ADCC003806,Half Maximal Inhibitory Concentration (IC50),1,=,0.46,0.46,nM,1,WISH cells,Endocervical adenocarcinoma,https://adcdb.idrblab.net/data/adc/details/DRG0VMKDY,data/raw/adcdb_idrblab/adc_details/DRG0VMKDY.html
DRG0VMKDY,MuDS6-DM1,Investigative,Anti-CA6 mAb muDS6,TAR0BWSFH,Mucin-1 (MUC1),PAY0JCIBW,Mertansine DM1,PAY0JCIBW,Microtubule (MT),microtubule-disrupting,N-succinimidyl 4-(2-pyridyldithio) pentanoate (SPP),ADCC003820,Half Maximal Inhibitory Concentration (IC50),1,=,0.67,0.67,nM,1,WISH cells,Endocervical adenocarcinoma,https://adcdb.idrblab.net/data/adc/details/DRG0VMKDY,data/raw/adcdb_idrblab/adc_details/DRG0VMKDY.html
DRG0VMKDY,MuDS6-DM1,Investigative,Anti-CA6 mAb muDS6,TAR0BWSFH,Mucin-1 (MUC1),PAY0JCIBW,Mertansine DM1,PAY0JCIBW,Microtubule (MT),microtubule-disrupting,N-succinimidyl 4-(2-pyridyldithio) pentanoate (SPP),ADCC003796,Half Maximal Inhibitory Concentration (IC50),1,=,0.8,0.8,nM,1,Caov-3 cells,Ovarian serous adenocarcinoma,https://adcdb.idrblab.net/data/adc/details/DRG0VMKDY,data/raw/adcdb_idrblab/adc_details/DRG0VMKDY.html
DRG0VMKDY,MuDS6-DM1,Investigative,Anti-CA6 mAb muDS6,TAR0BWSFH,Mucin-1 (MUC1),PAY0JCIBW,Mertansine DM1,PAY0JCIBW,Microtubule (MT),microtubule-disrupting,N-succinimidyl 4-(2-pyridyldithio) pentanoate (SPP),ADCC003802,Half Maximal Inhibitory Concentration (IC50),1,=,1.4,1.4,nM,1,KB cells,Human papillomavirus-related endocervical adenocarcinoma,https://adcdb.idrblab.net/data/adc/details/DRG0VMKDY,data/raw/adcdb_idrblab/adc_details/DRG0VMKDY.html
DRG0VMKDY,MuDS6-DM1,Investigative,Anti-CA6 mAb muDS6,TAR0BWSFH,Mucin-1 (MUC1),PAY0JCIBW,Mertansine DM1,PAY0JCIBW,Microtubule (MT),microtubule-disrupting,N-succinimidyl 4-(2-pyridyldithio) pentanoate (SPP),ADCC003810,Half Maximal Inhibitory Concentration (IC50),1,=,1.61,1.61,nM,1,Caov-3 cells,Ovarian serous adenocarcinoma,https://adcdb.idrblab.net/data/adc/details/DRG0VMKDY,data/raw/adcdb_idrblab/adc_details/DRG0VMKDY.html
DRG0VMKDY,MuDS6-DM1,Investigative,Anti-CA6 mAb muDS6,TAR0BWSFH,Mucin-1 (MUC1),PAY0JCIBW,Mertansine DM1,PAY0JCIBW,Microtubule (MT),microtubule-disrupting,N-succinimidyl 4-(2-pyridyldithio) pentanoate (SPP),ADCC003799,Half Maximal Inhibitory Concentration (IC50),1,=,1.8,1.8,nM,1,HPAC cells,Pancreatic adenocarcinoma,https://adcdb.idrblab.net/data/adc/details/DRG0VMKDY,data/raw/adcdb_idrblab/adc_details/DRG0VMKDY.html
DRG0VMKDY,MuDS6-DM1,Investigative,Anti-CA6 mAb muDS6,TAR0BWSFH,Mucin-1 (MUC1),PAY0JCIBW,Mertansine DM1,PAY0JCIBW,Microtubule (MT),microtubule-disrupting,N-succinimidyl 4-(2-pyridyldithio) pentanoate (SPP),ADCC003798,Half Maximal Inhibitory Concentration (IC50),1,=,1.8,1.8,nM,1,HeLa cells,Endocervical adenocarcinoma,https://adcdb.idrblab.net/data/adc/details/DRG0VMKDY,data/raw/adcdb_idrblab/adc_details/DRG0VMKDY.html
DRG0VMKDY,MuDS6-DM1,Investigative,Anti-CA6 mAb muDS6,TAR0BWSFH,Mucin-1 (MUC1),PAY0JCIBW,Mertansine DM1,PAY0JCIBW,Microtubule (MT),microtubule-disrupting,N-succinimidyl 4-(2-pyridyldithio) pentanoate (SPP),ADCC003813,Half Maximal Inhibitory Concentration (IC50),1,=,1.84,1.84,nM,1,HPAC cells,Pancreatic adenocarcinoma,https://adcdb.idrblab.net/data/adc/details/DRG0VMKDY,data/raw/adcdb_idrblab/adc_details/DRG0VMKDY.html
DRG0VMKDY,MuDS6-DM1,Investigative,Anti-CA6 mAb muDS6,TAR0BWSFH,Mucin-1 (MUC1),PAY0JCIBW,Mertansine DM1,PAY0JCIBW,Microtubule (MT),microtubule-disrupting,N-succinimidyl 4-(2-pyridyldithio) pentanoate (SPP),ADCC003805,Half Maximal Inhibitory Concentration (IC50),1,=,2,2.0,nM,1,TOV-21G cells,Ovarian clear cell adenocarcinoma,https://adcdb.idrblab.net/data/adc/details/DRG0VMKDY,data/raw/adcdb_idrblab/adc_details/DRG0VMKDY.html
DRG0VMKDY,MuDS6-DM1,Investigative,Anti-CA6 mAb muDS6,TAR0BWSFH,Mucin-1 (MUC1),PAY0JCIBW,Mertansine DM1,PAY0JCIBW,Microtubule (MT),microtubule-disrupting,N-succinimidyl 4-(2-pyridyldithio) pentanoate (SPP),ADCC003807,Half Maximal Inhibitory Concentration (IC50),1,>,> 3,3.0,nM,1,ZR-75-1 cells,Invasive breast carcinoma,https://adcdb.idrblab.net/data/adc/details/DRG0VMKDY,data/raw/adcdb_idrblab/adc_details/DRG0VMKDY.html
DRG0VMKDY,MuDS6-DM1,Investigative,Anti-CA6 mAb muDS6,TAR0BWSFH,Mucin-1 (MUC1),PAY0JCIBW,Mertansine DM1,PAY0JCIBW,Microtubule (MT),microtubule-disrupting,N-succinimidyl 4-(2-pyridyldithio) pentanoate (SPP),ADCC003804,Half Maximal Inhibitory Concentration (IC50),1,>,> 3,3.0,nM,1,T-47D cells,Invasive breast carcinoma,https://adcdb.idrblab.net/data/adc/details/DRG0VMKDY,data/raw/adcdb_idrblab/adc_details/DRG0VMKDY.html
DRG0VMKDY,MuDS6-DM1,Investigative,Anti-CA6 mAb muDS6,TAR0BWSFH,Mucin-1 (MUC1),PAY0JCIBW,Mertansine DM1,PAY0JCIBW,Microtubule (MT),microtubule-disrupting,N-succinimidyl 4-(2-pyridyldithio) pentanoate (SPP),ADCC003803,Half Maximal Inhibitory Concentration (IC50),1,>,> 3,3.0,nM,1,OVCAR-5 cells,Ovarian serous adenocarcinoma,https://adcdb.idrblab.net/data/adc/details/DRG0VMKDY,data/raw/adcdb_idrblab/adc_details/DRG0VMKDY.html
DRG0VMKDY,MuDS6-DM1,Investigative,Anti-CA6 mAb muDS6,TAR0BWSFH,Mucin-1 (MUC1),PAY0JCIBW,Mertansine DM1,PAY0JCIBW,Microtubule (MT),microtubule-disrupting,N-succinimidyl 4-(2-pyridyldithio) pentanoate (SPP),ADCC003801,Half Maximal Inhibitory Concentration (IC50),1,>,> 3,3.0,nM,1,Hs 766T cells,Pancreatic adenocarcinoma,https://adcdb.idrblab.net/data/adc/details/DRG0VMKDY,data/raw/adcdb_idrblab/adc_details/DRG0VMKDY.html
DRG0VMKDY,MuDS6-DM1,Investigative,Anti-CA6 mAb muDS6,TAR0BWSFH,Mucin-1 (MUC1),PAY0JCIBW,Mertansine DM1,PAY0JCIBW,Microtubule (MT),microtubule-disrupting,N-succinimidyl 4-(2-pyridyldithio) pentanoate (SPP),ADCC003800,Half Maximal Inhibitory Concentration (IC50),1,>,> 3,3.0,nM,1,HPAF-II cells,Pancreatic ductal adenocarcinoma,https://adcdb.idrblab.net/data/adc/details/DRG0VMKDY,data/raw/adcdb_idrblab/adc_details/DRG0VMKDY.html
DRG0VMKDY,MuDS6-DM1,Investigative,Anti-CA6 mAb muDS6,TAR0BWSFH,Mucin-1 (MUC1),PAY0JCIBW,Mertansine DM1,PAY0JCIBW,Microtubule (MT),microtubule-disrupting,N-succinimidyl 4-(2-pyridyldithio) pentanoate (SPP),ADCC003797,Half Maximal Inhibitory Concentration (IC50),1,>,> 3,3.0,nM,1,Caov-4 cells,High grade ovarian serous adenocarcinoma,https://adcdb.idrblab.net/data/adc/details/DRG0VMKDY,data/raw/adcdb_idrblab/adc_details/DRG0VMKDY.html
DRG0VMKDY,MuDS6-DM1,Investigative,Anti-CA6 mAb muDS6,TAR0BWSFH,Mucin-1 (MUC1),PAY0JCIBW,Mertansine DM1,PAY0JCIBW,Microtubule (MT),microtubule-disrupting,N-succinimidyl 4-(2-pyridyldithio) pentanoate (SPP),ADCC003794,Half Maximal Inhibitory Concentration (IC50),1,>,> 3,3.0,nM,1,BT-20 cells,Invasive breast carcinoma of no special type,https://adcdb.idrblab.net/data/adc/details/DRG0VMKDY,data/raw/adcdb_idrblab/adc_details/DRG0VMKDY.html
DRG0VMKDY,MuDS6-DM1,Investigative,Anti-CA6 mAb muDS6,TAR0BWSFH,Mucin-1 (MUC1),PAY0JCIBW,Mertansine DM1,PAY0JCIBW,Microtubule (MT),microtubule-disrupting,N-succinimidyl 4-(2-pyridyldithio) pentanoate (SPP),ADCC003816,Half Maximal Inhibitory Concentration (IC50),1,=,3.01,3.01,nM,1,KB cells,Human papillomavirus-related endocervical adenocarcinoma,https://adcdb.idrblab.net/data/adc/details/DRG0VMKDY,data/raw/adcdb_idrblab/adc_details/DRG0VMKDY.html
DRG0VMKDY,MuDS6-DM1,Investigative,Anti-CA6 mAb muDS6,TAR0BWSFH,Mucin-1 (MUC1),PAY0JCIBW,Mertansine DM1,PAY0JCIBW,Microtubule (MT),microtubule-disrupting,N-succinimidyl 4-(2-pyridyldithio) pentanoate (SPP),ADCC003819,Half Maximal Inhibitory Concentration (IC50),1,=,6.88,6.88,nM,1,TOV-21G cells,Ovarian clear cell adenocarcinoma,https://adcdb.idrblab.net/data/adc/details/DRG0VMKDY,data/raw/adcdb_idrblab/adc_details/DRG0VMKDY.html
DRG0VMKDY,MuDS6-DM1,Investigative,Anti-CA6 mAb muDS6,TAR0BWSFH,Mucin-1 (MUC1),PAY0JCIBW,Mertansine DM1,PAY0JCIBW,Microtubule (MT),microtubule-disrupting,N-succinimidyl 4-(2-pyridyldithio) pentanoate (SPP),ADCC003814,Half Maximal Inhibitory Concentration (IC50),1,=,10,10.0,nM,1,HPAF-II cells,Pancreatic ductal adenocarcinoma,https://adcdb.idrblab.net/data/adc/details/DRG0VMKDY,data/raw/adcdb_idrblab/adc_details/DRG0VMKDY.html
DRG0VMKDY,MuDS6-DM1,Investigative,Anti-CA6 mAb muDS6,TAR0BWSFH,Mucin-1 (MUC1),PAY0JCIBW,Mertansine DM1,PAY0JCIBW,Microtubule (MT),microtubule-disrupting,N-succinimidyl 4-(2-pyridyldithio) pentanoate (SPP),ADCC003808,Half Maximal Inhibitory Concentration (IC50),1,=,14.4,14.4,nM,1,BT-20 cells,Invasive breast carcinoma of no special type,https://adcdb.idrblab.net/data/adc/details/DRG0VMKDY,data/raw/adcdb_idrblab/adc_details/DRG0VMKDY.html
DRG0VMKDY,MuDS6-DM1,Investigative,Anti-CA6 mAb muDS6,TAR0BWSFH,Mucin-1 (MUC1),PAY0JCIBW,Mertansine DM1,PAY0JCIBW,Microtubule (MT),microtubule-disrupting,N-succinimidyl 4-(2-pyridyldithio) pentanoate (SPP),ADCC003818,Half Maximal Inhibitory Concentration (IC50),1,>,> 30,30.0,nM,1,T-47D cells,Invasive breast carcinoma,https://adcdb.idrblab.net/data/adc/details/DRG0VMKDY,data/raw/adcdb_idrblab/adc_details/DRG0VMKDY.html
DRG0VMKDY,MuDS6-DM1,Investigative,Anti-CA6 mAb muDS6,TAR0BWSFH,Mucin-1 (MUC1),PAY0JCIBW,Mertansine DM1,PAY0JCIBW,Microtubule (MT),microtubule-disrupting,N-succinimidyl 4-(2-pyridyldithio) pentanoate (SPP),ADCC003812,Half Maximal Inhibitory Concentration (IC50),1,>,> 30,30.0,nM,1,HeLa cells,Endocervical adenocarcinoma,https://adcdb.idrblab.net/data/adc/details/DRG0VMKDY,data/raw/adcdb_idrblab/adc_details/DRG0VMKDY.html
DRG0VMKDY,MuDS6-DM1,Investigative,Anti-CA6 mAb muDS6,TAR0BWSFH,Mucin-1 (MUC1),PAY0JCIBW,Mertansine DM1,PAY0JCIBW,Microtubule (MT),microtubule-disrupting,N-succinimidyl 4-(2-pyridyldithio) pentanoate (SPP),ADCC003811,Half Maximal Inhibitory Concentration (IC50),1,>,> 30,30.0,nM,1,Caov-4 cells,High grade ovarian serous adenocarcinoma,https://adcdb.idrblab.net/data/adc/details/DRG0VMKDY,data/raw/adcdb_idrblab/adc_details/DRG0VMKDY.html
DRG0VMKDY,MuDS6-DM1,Investigative,Anti-CA6 mAb muDS6,TAR0BWSFH,Mucin-1 (MUC1),PAY0JCIBW,Mertansine DM1,PAY0JCIBW,Microtubule (MT),microtubule-disrupting,N-succinimidyl 4-(2-pyridyldithio) pentanoate (SPP),ADCC003809,Half Maximal Inhibitory Concentration (IC50),1,>,> 30,30.0,nM,1,BT-483 cells,Ductal carcinoma,https://adcdb.idrblab.net/data/adc/details/DRG0VMKDY,data/raw/adcdb_idrblab/adc_details/DRG0VMKDY.html
DRG0VMKDY,MuDS6-DM1,Investigative,Anti-CA6 mAb muDS6,TAR0BWSFH,Mucin-1 (MUC1),PAY0JCIBW,Mertansine DM1,PAY0JCIBW,Microtubule (MT),microtubule-disrupting,N-succinimidyl 4-(2-pyridyldithio) pentanoate (SPP),ADCC003815,Half Maximal Inhibitory Concentration (IC50),1,=,32,32.0,nM,1,Hs 766T cells,Pancreatic adenocarcinoma,https://adcdb.idrblab.net/data/adc/details/DRG0VMKDY,data/raw/adcdb_idrblab/adc_details/DRG0VMKDY.html
DRG0VMKDY,MuDS6-DM1,Investigative,Anti-CA6 mAb muDS6,TAR0BWSFH,Mucin-1 (MUC1),PAY0JCIBW,Mertansine DM1,PAY0JCIBW,Microtubule (MT),microtubule-disrupting,N-succinimidyl 4-(2-pyridyldithio) pentanoate (SPP),ADCC003817,Half Maximal Inhibitory Concentration (IC50),1,=,846,846.0,nM,1,OVCAR-5 cells,Ovarian serous adenocarcinoma,https://adcdb.idrblab.net/data/adc/details/DRG0VMKDY,data/raw/adcdb_idrblab/adc_details/DRG0VMKDY.html
DRG0VQNHE,Trastuzumab-MMAE conjugate DAR6,Investigative,Trastuzumab,TAR0THKZD,Receptor tyrosine-protein kinase erbB-2 (HER2),PAY0FSXOW,Monomethyl auristatin E,PAY0FSXOW,Microtubule (MT),microtubule-disrupting,"Man-beta-1,4-GlcNAc-DBCO-PEG5-VC-PAB",ADCC002256,Half Maximal Effective Concentration (EC50),1,>,> 10,10.0,uM,1,T-47D cells,Invasive breast carcinoma,https://adcdb.idrblab.net/data/adc/details/DRG0VQNHE,data/raw/adcdb_idrblab/adc_details/DRG0VQNHE.html
DRG0VQNHE,Trastuzumab-MMAE conjugate DAR6,Investigative,Trastuzumab,TAR0THKZD,Receptor tyrosine-protein kinase erbB-2 (HER2),PAY0FSXOW,Monomethyl auristatin E,PAY0FSXOW,Microtubule (MT),microtubule-disrupting,"Man-beta-1,4-GlcNAc-DBCO-PEG5-VC-PAB",ADCC002255,Half Maximal Effective Concentration (EC50),1,=,0.08 12.68,0.08,nM ng/mL,0,BT-474 cells,Invasive breast carcinoma,https://adcdb.idrblab.net/data/adc/details/DRG0VQNHE,data/raw/adcdb_idrblab/adc_details/DRG0VQNHE.html
DRG0VSAIC,Anti-FGFR2/4 mAb-12422 SMCC-DM1,Investigative,Anti-FGFR2/4 mAb 12422,TAR0ODKQM,Fibroblast growth factor receptor 2 (FGFR2); Fibroblast growth factor receptor 4 (FGFR4),PAY0JCIBW,Mertansine DM1,PAY0JCIBW,Microtubule (MT),microtubule-disrupting,Succinimidyl-4-(N-maleimidomethyl)cyclohexane-1-carboxylate (SMCC),ADCC008315,Half Maximal Inhibitory Concentration (IC50),1,<,< 3,3.0,nM,1,CVCL_0371,Down syndrome,https://adcdb.idrblab.net/data/adc/details/DRG0VSAIC,data/raw/adcdb_idrblab/adc_details/DRG0VSAIC.html
DRG0VSAIC,Anti-FGFR2/4 mAb-12422 SMCC-DM1,Investigative,Anti-FGFR2/4 mAb 12422,TAR0ODKQM,Fibroblast growth factor receptor 2 (FGFR2); Fibroblast growth factor receptor 4 (FGFR4),PAY0JCIBW,Mertansine DM1,PAY0JCIBW,Microtubule (MT),microtubule-disrupting,Succinimidyl-4-(N-maleimidomethyl)cyclohexane-1-carboxylate (SMCC),ADCC008300,Half Maximal Inhibitory Concentration (IC50),1,<,< 3,3.0,nM,1,CVCL_0076,Gastric adenocarcinoma,https://adcdb.idrblab.net/data/adc/details/DRG0VSAIC,data/raw/adcdb_idrblab/adc_details/DRG0VSAIC.html
DRG0VVVWC,Mil40-12B,Investigative,Mil40,TAR0THKZD,Receptor tyrosine-protein kinase erbB-2 (HER2),PAY0FSXOW,Monomethyl auristatin E,PAY0FSXOW,Microtubule (MT),microtubule-disrupting,Maleamic methyl ester-based linker 12B,ADCC002435,Half Maximal Inhibitory Concentration (IC50),1,=,25.8,25.8,pM,1,SK-BR-3 cells,Breast adenocarcinoma,https://adcdb.idrblab.net/data/adc/details/DRG0VVVWC,data/raw/adcdb_idrblab/adc_details/DRG0VVVWC.html
DRG0VVVWC,Mil40-12B,Investigative,Mil40,TAR0THKZD,Receptor tyrosine-protein kinase erbB-2 (HER2),PAY0FSXOW,Monomethyl auristatin E,PAY0FSXOW,Microtubule (MT),microtubule-disrupting,Maleamic methyl ester-based linker 12B,ADCC002434,Half Maximal Inhibitory Concentration (IC50),1,=,53.6,53.6,pM,1,NCI-N87 cells,Gastric tubular adenocarcinoma,https://adcdb.idrblab.net/data/adc/details/DRG0VVVWC,data/raw/adcdb_idrblab/adc_details/DRG0VVVWC.html
DRG0VVVWC,Mil40-12B,Investigative,Mil40,TAR0THKZD,Receptor tyrosine-protein kinase erbB-2 (HER2),PAY0FSXOW,Monomethyl auristatin E,PAY0FSXOW,Microtubule (MT),microtubule-disrupting,Maleamic methyl ester-based linker 12B,ADCC002433,Half Maximal Inhibitory Concentration (IC50),1,=,102.6,102.6,pM,1,BT-474 cells,Invasive breast carcinoma,https://adcdb.idrblab.net/data/adc/details/DRG0VVVWC,data/raw/adcdb_idrblab/adc_details/DRG0VVVWC.html
DRG0VVVWC,Mil40-12B,Investigative,Mil40,TAR0THKZD,Receptor tyrosine-protein kinase erbB-2 (HER2),PAY0FSXOW,Monomethyl auristatin E,PAY0FSXOW,Microtubule (MT),microtubule-disrupting,Maleamic methyl ester-based linker 12B,ADCC002436,Half Maximal Inhibitory Concentration (IC50),1,=,207.4,207.4,pM,1,SK-OV-3 cells,Ovarian serous cystadenocarcinoma,https://adcdb.idrblab.net/data/adc/details/DRG0VVVWC,data/raw/adcdb_idrblab/adc_details/DRG0VVVWC.html
DRG0VVVWC,Mil40-12B,Investigative,Mil40,TAR0THKZD,Receptor tyrosine-protein kinase erbB-2 (HER2),PAY0FSXOW,Monomethyl auristatin E,PAY0FSXOW,Microtubule (MT),microtubule-disrupting,Maleamic methyl ester-based linker 12B,ADCC002438,Half Maximal Inhibitory Concentration (IC50),1,=,11.52,11.52,nM,1,MDA-MB-468 cells,Breast adenocarcinoma,https://adcdb.idrblab.net/data/adc/details/DRG0VVVWC,data/raw/adcdb_idrblab/adc_details/DRG0VVVWC.html
DRG0VVVWC,Mil40-12B,Investigative,Mil40,TAR0THKZD,Receptor tyrosine-protein kinase erbB-2 (HER2),PAY0FSXOW,Monomethyl auristatin E,PAY0FSXOW,Microtubule (MT),microtubule-disrupting,Maleamic methyl ester-based linker 12B,ADCC002437,Half Maximal Inhibitory Concentration (IC50),1,=,26.44,26.44,nM,1,MCF-7 cells,Invasive breast carcinoma,https://adcdb.idrblab.net/data/adc/details/DRG0VVVWC,data/raw/adcdb_idrblab/adc_details/DRG0VVVWC.html
DRG0VWVOU,Cetuximab-vc-MMAE,Investigative,Cetuximab,TAR0UYFIF,Epidermal growth factor receptor (EGFR),PAY0FSXOW,Monomethyl auristatin E,PAY0FSXOW,Microtubule (MT),microtubule-disrupting,Mc-Val-Cit-PABC,ADCC006209,Inhibition rate (50 nM),0,=,92,92.0,%,0,A431 cells,Skin squamous cell carcinoma,https://adcdb.idrblab.net/data/adc/details/DRG0VWVOU,data/raw/adcdb_idrblab/adc_details/DRG0VWVOU.html
DRG0VWVOU,Cetuximab-vc-MMAE,Investigative,Cetuximab,TAR0UYFIF,Epidermal growth factor receptor (EGFR),PAY0FSXOW,Monomethyl auristatin E,PAY0FSXOW,Microtubule (MT),microtubule-disrupting,Mc-Val-Cit-PABC,ADCC006201,Half Maximal Effective Concentration (EC50),1,=,0.1,0.1,nM,1,A431 cells,Skin squamous cell carcinoma,https://adcdb.idrblab.net/data/adc/details/DRG0VWVOU,data/raw/adcdb_idrblab/adc_details/DRG0VWVOU.html
DRG0VWVOU,Cetuximab-vc-MMAE,Investigative,Cetuximab,TAR0UYFIF,Epidermal growth factor receptor (EGFR),PAY0FSXOW,Monomethyl auristatin E,PAY0FSXOW,Microtubule (MT),microtubule-disrupting,Mc-Val-Cit-PABC,ADCC006213,Half Maximal Effective Concentration (EC50),1,=,1,1.0,nM,1,NHEK-iPSCs #1 cells,Normal,https://adcdb.idrblab.net/data/adc/details/DRG0VWVOU,data/raw/adcdb_idrblab/adc_details/DRG0VWVOU.html
DRG0VWVOU,Cetuximab-vc-MMAE,Investigative,Cetuximab,TAR0UYFIF,Epidermal growth factor receptor (EGFR),PAY0FSXOW,Monomethyl auristatin E,PAY0FSXOW,Microtubule (MT),microtubule-disrupting,Mc-Val-Cit-PABC,ADCC006205,80% Effective Dose (ED80),0,=,0.7,0.7,nM,1,A431 cells,Skin squamous cell carcinoma,https://adcdb.idrblab.net/data/adc/details/DRG0VWVOU,data/raw/adcdb_idrblab/adc_details/DRG0VWVOU.html
DRG0WIBDT,Pamlectabart tismanitin,Phase 1/2,Pamlectabart,TAR0KQONX,Tumor necrosis factor receptor superfamily member 17 (TNFRSF17),PAY0VZNCV,HDP 30.2115,PAY0VZNCV,RNA polymerase II,Other,Mal-Val-Ala-PAB,ADCC000773,Half Maximal Inhibitory Concentration (IC50),1,=,0.01,0.01,nM,1,U266B1 cells,Plasma cell myeloma,https://adcdb.idrblab.net/data/adc/details/DRG0WIBDT,data/raw/adcdb_idrblab/adc_details/DRG0WIBDT.html
DRG0WIBDT,Pamlectabart tismanitin,Phase 1/2,Pamlectabart,TAR0KQONX,Tumor necrosis factor receptor superfamily member 17 (TNFRSF17),PAY0VZNCV,HDP 30.2115,PAY0VZNCV,RNA polymerase II,Other,Mal-Val-Ala-PAB,ADCC000776,Half Maximal Inhibitory Concentration (IC50),1,=,0.04,0.04,nM,1,NCI-H929 cells,Plasma cell myeloma,https://adcdb.idrblab.net/data/adc/details/DRG0WIBDT,data/raw/adcdb_idrblab/adc_details/DRG0WIBDT.html
DRG0WIBDT,Pamlectabart tismanitin,Phase 1/2,Pamlectabart,TAR0KQONX,Tumor necrosis factor receptor superfamily member 17 (TNFRSF17),PAY0VZNCV,HDP 30.2115,PAY0VZNCV,RNA polymerase II,Other,Mal-Val-Ala-PAB,ADCC000775,Half Maximal Inhibitory Concentration (IC50),1,=,0.16,0.16,nM,1,MM1.S cells,Plasma cell myeloma,https://adcdb.idrblab.net/data/adc/details/DRG0WIBDT,data/raw/adcdb_idrblab/adc_details/DRG0WIBDT.html
DRG0WIBDT,Pamlectabart tismanitin,Phase 1/2,Pamlectabart,TAR0KQONX,Tumor necrosis factor receptor superfamily member 17 (TNFRSF17),PAY0VZNCV,HDP 30.2115,PAY0VZNCV,RNA polymerase II,Other,Mal-Val-Ala-PAB,ADCC000777,Half Maximal Inhibitory Concentration (IC50),1,=,0.18,0.18,nM,1,INA-6 cells,Plasma cell myeloma,https://adcdb.idrblab.net/data/adc/details/DRG0WIBDT,data/raw/adcdb_idrblab/adc_details/DRG0WIBDT.html
DRG0WIBDT,Pamlectabart tismanitin,Phase 1/2,Pamlectabart,TAR0KQONX,Tumor necrosis factor receptor superfamily member 17 (TNFRSF17),PAY0VZNCV,HDP 30.2115,PAY0VZNCV,RNA polymerase II,Other,Mal-Val-Ala-PAB,ADCC000781,Half Maximal Inhibitory Concentration (IC50),1,=,0.3,0.3,nM,1,LP-1 cells,Plasma cell myeloma,https://adcdb.idrblab.net/data/adc/details/DRG0WIBDT,data/raw/adcdb_idrblab/adc_details/DRG0WIBDT.html
DRG0WIBDT,Pamlectabart tismanitin,Phase 1/2,Pamlectabart,TAR0KQONX,Tumor necrosis factor receptor superfamily member 17 (TNFRSF17),PAY0VZNCV,HDP 30.2115,PAY0VZNCV,RNA polymerase II,Other,Mal-Val-Ala-PAB,ADCC000780,Half Maximal Inhibitory Concentration (IC50),1,=,0.34,0.34,nM,1,SK-MM-1 cells,Multiple myeloma,https://adcdb.idrblab.net/data/adc/details/DRG0WIBDT,data/raw/adcdb_idrblab/adc_details/DRG0WIBDT.html
DRG0WIBDT,Pamlectabart tismanitin,Phase 1/2,Pamlectabart,TAR0KQONX,Tumor necrosis factor receptor superfamily member 17 (TNFRSF17),PAY0VZNCV,HDP 30.2115,PAY0VZNCV,RNA polymerase II,Other,Mal-Val-Ala-PAB,ADCC000779,Half Maximal Inhibitory Concentration (IC50),1,=,4.83,4.83,nM,1,L-363 cells,Plasma cell myeloma,https://adcdb.idrblab.net/data/adc/details/DRG0WIBDT,data/raw/adcdb_idrblab/adc_details/DRG0WIBDT.html
DRG0WIBDT,Pamlectabart tismanitin,Phase 1/2,Pamlectabart,TAR0KQONX,Tumor necrosis factor receptor superfamily member 17 (TNFRSF17),PAY0VZNCV,HDP 30.2115,PAY0VZNCV,RNA polymerase II,Other,Mal-Val-Ala-PAB,ADCC000778,Half Maximal Inhibitory Concentration (IC50),1,=,34.2,34.2,nM,1,OPM-2 cells,Plasma cell myeloma,https://adcdb.idrblab.net/data/adc/details/DRG0WIBDT,data/raw/adcdb_idrblab/adc_details/DRG0WIBDT.html
DRG0WIBDT,Pamlectabart tismanitin,Phase 1/2,Pamlectabart,TAR0KQONX,Tumor necrosis factor receptor superfamily member 17 (TNFRSF17),PAY0VZNCV,HDP 30.2115,PAY0VZNCV,RNA polymerase II,Other,Mal-Val-Ala-PAB,ADCC000774,Half Maximal Inhibitory Concentration (IC50),1,=,142,142.0,nM,1,RPMI-8226 cells,Plasma cell myeloma,https://adcdb.idrblab.net/data/adc/details/DRG0WIBDT,data/raw/adcdb_idrblab/adc_details/DRG0WIBDT.html
DRG0WIBDT,Pamlectabart tismanitin,Phase 1/2,Pamlectabart,TAR0KQONX,Tumor necrosis factor receptor superfamily member 17 (TNFRSF17),PAY0VZNCV,HDP 30.2115,PAY0VZNCV,RNA polymerase II,Other,Mal-Val-Ala-PAB,ADCC000783,Half Maximal Inhibitory Concentration (IC50),1,>,> 1000,1000.0,nM,1,U2OS cells,Osteosarcoma,https://adcdb.idrblab.net/data/adc/details/DRG0WIBDT,data/raw/adcdb_idrblab/adc_details/DRG0WIBDT.html
DRG0WIBDT,Pamlectabart tismanitin,Phase 1/2,Pamlectabart,TAR0KQONX,Tumor necrosis factor receptor superfamily member 17 (TNFRSF17),PAY0VZNCV,HDP 30.2115,PAY0VZNCV,RNA polymerase II,Other,Mal-Val-Ala-PAB,ADCC000782,Half Maximal Inhibitory Concentration (IC50),1,>,> 1000,1000.0,nM,1,HS-5 cells,Normal,https://adcdb.idrblab.net/data/adc/details/DRG0WIBDT,data/raw/adcdb_idrblab/adc_details/DRG0WIBDT.html
DRG0WJWEG,AGS67E,Phase 1 (discontinued),AGS67C,TAR0DPWRE,Leukocyte antigen CD37 (CD37),PAY0FSXOW,Monomethyl auristatin E,PAY0FSXOW,Microtubule (MT),microtubule-disrupting,Mc-Val-Cit-PABC,ADCC001200,Half Maximal Inhibitory Concentration (IC50),1,=,0.05±0.03,0.05,nM,1,Ramos cells,Burkitt lymphoma,https://adcdb.idrblab.net/data/adc/details/DRG0WJWEG,data/raw/adcdb_idrblab/adc_details/DRG0WJWEG.html
DRG0WJWEG,AGS67E,Phase 1 (discontinued),AGS67C,TAR0DPWRE,Leukocyte antigen CD37 (CD37),PAY0FSXOW,Monomethyl auristatin E,PAY0FSXOW,Microtubule (MT),microtubule-disrupting,Mc-Val-Cit-PABC,ADCC001201,Half Maximal Inhibitory Concentration (IC50),1,=,0.07±0.49,0.07,nM,1,Mino cells,Mantle cell lymphoma,https://adcdb.idrblab.net/data/adc/details/DRG0WJWEG,data/raw/adcdb_idrblab/adc_details/DRG0WJWEG.html
DRG0WJWEG,AGS67E,Phase 1 (discontinued),AGS67C,TAR0DPWRE,Leukocyte antigen CD37 (CD37),PAY0FSXOW,Monomethyl auristatin E,PAY0FSXOW,Microtubule (MT),microtubule-disrupting,Mc-Val-Cit-PABC,ADCC001202,Half Maximal Inhibitory Concentration (IC50),1,=,0.08±0.61,0.08,nM,1,Granta-519 cells,Mantle cell lymphoma,https://adcdb.idrblab.net/data/adc/details/DRG0WJWEG,data/raw/adcdb_idrblab/adc_details/DRG0WJWEG.html
DRG0WJWEG,AGS67E,Phase 1 (discontinued),AGS67C,TAR0DPWRE,Leukocyte antigen CD37 (CD37),PAY0FSXOW,Monomethyl auristatin E,PAY0FSXOW,Microtubule (MT),microtubule-disrupting,Mc-Val-Cit-PABC,ADCC001199,Half Maximal Inhibitory Concentration (IC50),1,=,0.08±0.02,0.08,nM,1,Daudi cells,Burkitt lymphoma,https://adcdb.idrblab.net/data/adc/details/DRG0WJWEG,data/raw/adcdb_idrblab/adc_details/DRG0WJWEG.html
DRG0WJWEG,AGS67E,Phase 1 (discontinued),AGS67C,TAR0DPWRE,Leukocyte antigen CD37 (CD37),PAY0FSXOW,Monomethyl auristatin E,PAY0FSXOW,Microtubule (MT),microtubule-disrupting,Mc-Val-Cit-PABC,ADCC001208,Half Maximal Inhibitory Concentration (IC50),1,=,0.13±0.08,0.13,nM,1,THP-1 cells,Childhood acute monocytic leukemia,https://adcdb.idrblab.net/data/adc/details/DRG0WJWEG,data/raw/adcdb_idrblab/adc_details/DRG0WJWEG.html
DRG0WJWEG,AGS67E,Phase 1 (discontinued),AGS67C,TAR0DPWRE,Leukocyte antigen CD37 (CD37),PAY0FSXOW,Monomethyl auristatin E,PAY0FSXOW,Microtubule (MT),microtubule-disrupting,Mc-Val-Cit-PABC,ADCC001205,Half Maximal Inhibitory Concentration (IC50),1,=,0.23±0.30,0.23,nM,1,SU-DHL-4 cells,Diffuse large B-cell lymphoma,https://adcdb.idrblab.net/data/adc/details/DRG0WJWEG,data/raw/adcdb_idrblab/adc_details/DRG0WJWEG.html
DRG0WJWEG,AGS67E,Phase 1 (discontinued),AGS67C,TAR0DPWRE,Leukocyte antigen CD37 (CD37),PAY0FSXOW,Monomethyl auristatin E,PAY0FSXOW,Microtubule (MT),microtubule-disrupting,Mc-Val-Cit-PABC,ADCC001207,Half Maximal Inhibitory Concentration (IC50),1,=,0.50±0.72,0.5,nM,1,JVM-3 cells,B-cell prolymphocytic leukemia,https://adcdb.idrblab.net/data/adc/details/DRG0WJWEG,data/raw/adcdb_idrblab/adc_details/DRG0WJWEG.html
DRG0WJWEG,AGS67E,Phase 1 (discontinued),AGS67C,TAR0DPWRE,Leukocyte antigen CD37 (CD37),PAY0FSXOW,Monomethyl auristatin E,PAY0FSXOW,Microtubule (MT),microtubule-disrupting,Mc-Val-Cit-PABC,ADCC001209,Half Maximal Inhibitory Concentration (IC50),1,=,0.71±0.20,0.71,nM,1,SKM-1 cells,Acute myeloid leukemia,https://adcdb.idrblab.net/data/adc/details/DRG0WJWEG,data/raw/adcdb_idrblab/adc_details/DRG0WJWEG.html
DRG0WJWEG,AGS67E,Phase 1 (discontinued),AGS67C,TAR0DPWRE,Leukocyte antigen CD37 (CD37),PAY0FSXOW,Monomethyl auristatin E,PAY0FSXOW,Microtubule (MT),microtubule-disrupting,Mc-Val-Cit-PABC,ADCC001204,Half Maximal Inhibitory Concentration (IC50),1,=,0.98±1.10,0.98,nM,1,DoHH2 cells,Diffuse large B-cell lymphoma germinal center B-cell type,https://adcdb.idrblab.net/data/adc/details/DRG0WJWEG,data/raw/adcdb_idrblab/adc_details/DRG0WJWEG.html
DRG0WJWEG,AGS67E,Phase 1 (discontinued),AGS67C,TAR0DPWRE,Leukocyte antigen CD37 (CD37),PAY0FSXOW,Monomethyl auristatin E,PAY0FSXOW,Microtubule (MT),microtubule-disrupting,Mc-Val-Cit-PABC,ADCC001212,Half Maximal Inhibitory Concentration (IC50),1,=,1.10±0.60,1.1,nM,1,OCI-AML-2 cells,Adult acute myeloid leukemia,https://adcdb.idrblab.net/data/adc/details/DRG0WJWEG,data/raw/adcdb_idrblab/adc_details/DRG0WJWEG.html
DRG0WJWEG,AGS67E,Phase 1 (discontinued),AGS67C,TAR0DPWRE,Leukocyte antigen CD37 (CD37),PAY0FSXOW,Monomethyl auristatin E,PAY0FSXOW,Microtubule (MT),microtubule-disrupting,Mc-Val-Cit-PABC,ADCC001210,Half Maximal Inhibitory Concentration (IC50),1,=,1.20±0.90,1.2,nM,1,MV4-11 cells,Childhood acute monocytic leukemia,https://adcdb.idrblab.net/data/adc/details/DRG0WJWEG,data/raw/adcdb_idrblab/adc_details/DRG0WJWEG.html
DRG0WJWEG,AGS67E,Phase 1 (discontinued),AGS67C,TAR0DPWRE,Leukocyte antigen CD37 (CD37),PAY0FSXOW,Monomethyl auristatin E,PAY0FSXOW,Microtubule (MT),microtubule-disrupting,Mc-Val-Cit-PABC,ADCC001211,Half Maximal Inhibitory Concentration (IC50),1,=,1.30±0.50,1.3,nM,1,MOLM-13 cells,Adult acute myeloid leukemia,https://adcdb.idrblab.net/data/adc/details/DRG0WJWEG,data/raw/adcdb_idrblab/adc_details/DRG0WJWEG.html
DRG0WJWEG,AGS67E,Phase 1 (discontinued),AGS67C,TAR0DPWRE,Leukocyte antigen CD37 (CD37),PAY0FSXOW,Monomethyl auristatin E,PAY0FSXOW,Microtubule (MT),microtubule-disrupting,Mc-Val-Cit-PABC,ADCC001213,Half Maximal Inhibitory Concentration (IC50),1,=,3.50±0.70,3.5,nM,1,Kasumi-1 cells,Myeloid leukemia with maturation,https://adcdb.idrblab.net/data/adc/details/DRG0WJWEG,data/raw/adcdb_idrblab/adc_details/DRG0WJWEG.html
DRG0WJWEG,AGS67E,Phase 1 (discontinued),AGS67C,TAR0DPWRE,Leukocyte antigen CD37 (CD37),PAY0FSXOW,Monomethyl auristatin E,PAY0FSXOW,Microtubule (MT),microtubule-disrupting,Mc-Val-Cit-PABC,ADCC001214,Half Maximal Inhibitory Concentration (IC50),1,=,5.70±1.60,5.7,nM,1,BDCM cells,Acute myeloid leukemia,https://adcdb.idrblab.net/data/adc/details/DRG0WJWEG,data/raw/adcdb_idrblab/adc_details/DRG0WJWEG.html
DRG0WJWEG,AGS67E,Phase 1 (discontinued),AGS67C,TAR0DPWRE,Leukocyte antigen CD37 (CD37),PAY0FSXOW,Monomethyl auristatin E,PAY0FSXOW,Microtubule (MT),microtubule-disrupting,Mc-Val-Cit-PABC,ADCC001206,Half Maximal Inhibitory Concentration (IC50),1,=,19.70±3.00,19.7,nM,1,WSU-DLCL2 cells,Diffuse large B-cell lymphoma,https://adcdb.idrblab.net/data/adc/details/DRG0WJWEG,data/raw/adcdb_idrblab/adc_details/DRG0WJWEG.html
DRG0WJWEG,AGS67E,Phase 1 (discontinued),AGS67C,TAR0DPWRE,Leukocyte antigen CD37 (CD37),PAY0FSXOW,Monomethyl auristatin E,PAY0FSXOW,Microtubule (MT),microtubule-disrupting,Mc-Val-Cit-PABC,ADCC001223,Half Maximal Inhibitory Concentration (IC50),1,>,> 10,10.0,uM,1,MOLT-4 cells,Adult T acute lymphoblastic leukemia,https://adcdb.idrblab.net/data/adc/details/DRG0WJWEG,data/raw/adcdb_idrblab/adc_details/DRG0WJWEG.html
DRG0WJWEG,AGS67E,Phase 1 (discontinued),AGS67C,TAR0DPWRE,Leukocyte antigen CD37 (CD37),PAY0FSXOW,Monomethyl auristatin E,PAY0FSXOW,Microtubule (MT),microtubule-disrupting,Mc-Val-Cit-PABC,ADCC001222,Half Maximal Inhibitory Concentration (IC50),1,>,> 10,10.0,uM,1,HEL 92.1 cells,Acute erythroid leukemia,https://adcdb.idrblab.net/data/adc/details/DRG0WJWEG,data/raw/adcdb_idrblab/adc_details/DRG0WJWEG.html
DRG0WJWEG,AGS67E,Phase 1 (discontinued),AGS67C,TAR0DPWRE,Leukocyte antigen CD37 (CD37),PAY0FSXOW,Monomethyl auristatin E,PAY0FSXOW,Microtubule (MT),microtubule-disrupting,Mc-Val-Cit-PABC,ADCC001221,Half Maximal Inhibitory Concentration (IC50),1,>,> 10,10.0,uM,1,TF-1a cells,Acute erythroid leukemia,https://adcdb.idrblab.net/data/adc/details/DRG0WJWEG,data/raw/adcdb_idrblab/adc_details/DRG0WJWEG.html
DRG0WJWEG,AGS67E,Phase 1 (discontinued),AGS67C,TAR0DPWRE,Leukocyte antigen CD37 (CD37),PAY0FSXOW,Monomethyl auristatin E,PAY0FSXOW,Microtubule (MT),microtubule-disrupting,Mc-Val-Cit-PABC,ADCC001220,Half Maximal Inhibitory Concentration (IC50),1,>,> 10,10.0,uM,1,CMK cells,Down syndrome,https://adcdb.idrblab.net/data/adc/details/DRG0WJWEG,data/raw/adcdb_idrblab/adc_details/DRG0WJWEG.html
DRG0WJWEG,AGS67E,Phase 1 (discontinued),AGS67C,TAR0DPWRE,Leukocyte antigen CD37 (CD37),PAY0FSXOW,Monomethyl auristatin E,PAY0FSXOW,Microtubule (MT),microtubule-disrupting,Mc-Val-Cit-PABC,ADCC001219,Half Maximal Inhibitory Concentration (IC50),1,>,> 10,10.0,uM,1,KG-1 cells,Adult acute myeloid leukemia,https://adcdb.idrblab.net/data/adc/details/DRG0WJWEG,data/raw/adcdb_idrblab/adc_details/DRG0WJWEG.html
DRG0WJWEG,AGS67E,Phase 1 (discontinued),AGS67C,TAR0DPWRE,Leukocyte antigen CD37 (CD37),PAY0FSXOW,Monomethyl auristatin E,PAY0FSXOW,Microtubule (MT),microtubule-disrupting,Mc-Val-Cit-PABC,ADCC001218,Half Maximal Inhibitory Concentration (IC50),1,>,> 10,10.0,uM,1,UT-7 cells,Adult acute megakaryoblastic leukemia,https://adcdb.idrblab.net/data/adc/details/DRG0WJWEG,data/raw/adcdb_idrblab/adc_details/DRG0WJWEG.html
DRG0WJWEG,AGS67E,Phase 1 (discontinued),AGS67C,TAR0DPWRE,Leukocyte antigen CD37 (CD37),PAY0FSXOW,Monomethyl auristatin E,PAY0FSXOW,Microtubule (MT),microtubule-disrupting,Mc-Val-Cit-PABC,ADCC001217,Half Maximal Inhibitory Concentration (IC50),1,>,> 10,10.0,uM,1,HL-60 cells,Adult acute myeloid leukemia,https://adcdb.idrblab.net/data/adc/details/DRG0WJWEG,data/raw/adcdb_idrblab/adc_details/DRG0WJWEG.html
DRG0WJWEG,AGS67E,Phase 1 (discontinued),AGS67C,TAR0DPWRE,Leukocyte antigen CD37 (CD37),PAY0FSXOW,Monomethyl auristatin E,PAY0FSXOW,Microtubule (MT),microtubule-disrupting,Mc-Val-Cit-PABC,ADCC001216,Half Maximal Inhibitory Concentration (IC50),1,>,> 10,10.0,uM,1,EoL-1 cells,Chronic eosinophilic leukemia,https://adcdb.idrblab.net/data/adc/details/DRG0WJWEG,data/raw/adcdb_idrblab/adc_details/DRG0WJWEG.html
DRG0WJWEG,AGS67E,Phase 1 (discontinued),AGS67C,TAR0DPWRE,Leukocyte antigen CD37 (CD37),PAY0FSXOW,Monomethyl auristatin E,PAY0FSXOW,Microtubule (MT),microtubule-disrupting,Mc-Val-Cit-PABC,ADCC001215,Half Maximal Inhibitory Concentration (IC50),1,>,> 10,10.0,uM,1,PL-21 cells,Acute myeloid leukemia,https://adcdb.idrblab.net/data/adc/details/DRG0WJWEG,data/raw/adcdb_idrblab/adc_details/DRG0WJWEG.html
DRG0WJWEG,AGS67E,Phase 1 (discontinued),AGS67C,TAR0DPWRE,Leukocyte antigen CD37 (CD37),PAY0FSXOW,Monomethyl auristatin E,PAY0FSXOW,Microtubule (MT),microtubule-disrupting,Mc-Val-Cit-PABC,ADCC001203,Half Maximal Inhibitory Concentration (IC50),1,>,> 10,10.0,uM,1,REC-1 cells,Mantle cell lymphoma,https://adcdb.idrblab.net/data/adc/details/DRG0WJWEG,data/raw/adcdb_idrblab/adc_details/DRG0WJWEG.html
DRG0WRMGX,Anti-TNF ADC 134,Investigative,Anti-TNF mAb alpha-TNF,TAR0DEDPZ,Tumor necrosis factor receptor superfamily member 1A (TNFRSF1A),PAY0WXPEV,GRM cpd 64,PAY0WXPEV,Glucocorticoid receptor (NR3C1),Other,MP-Ala-Ala,ADCC001969,Half Maximal Effective Concentration (EC50),1,=,0.8,0.8,ng/mL,0,K-562 cells (TNF expression),Chronic myelogenous leukemia,https://adcdb.idrblab.net/data/adc/details/DRG0WRMGX,data/raw/adcdb_idrblab/adc_details/DRG0WRMGX.html
DRG0WRMGX,Anti-TNF ADC 134,Investigative,Anti-TNF mAb alpha-TNF,TAR0DEDPZ,Tumor necrosis factor receptor superfamily member 1A (TNFRSF1A),PAY0WXPEV,GRM cpd 64,PAY0WXPEV,Glucocorticoid receptor (NR3C1),Other,MP-Ala-Ala,ADCC001970,Half Maximal Effective Concentration (EC50),1,=,10.7,10.7,ug/mL,0,K-562 cells,Chronic myelogenous leukemia,https://adcdb.idrblab.net/data/adc/details/DRG0WRMGX,data/raw/adcdb_idrblab/adc_details/DRG0WRMGX.html
DRG0WWBCV,Anti-KIT 20376-SMCC-DM1,Investigative,Anti-KIT mAb 20376,TAR0SDULL,Mast/stem cell growth factor receptor Kit (KIT),PAY0JCIBW,Mertansine DM1,PAY0JCIBW,Microtubule (MT),microtubule-disrupting,Succinimidyl-4-(N-maleimidomethyl)cyclohexane-1-carboxylate (SMCC),ADCC008158,Max inhibition rate (MIR),0,=,54,54.0,%,0,CVCL_7040,Gastrointestinal stromal tumor,https://adcdb.idrblab.net/data/adc/details/DRG0WWBCV,data/raw/adcdb_idrblab/adc_details/DRG0WWBCV.html
DRG0WWBCV,Anti-KIT 20376-SMCC-DM1,Investigative,Anti-KIT mAb 20376,TAR0SDULL,Mast/stem cell growth factor receptor Kit (KIT),PAY0JCIBW,Mertansine DM1,PAY0JCIBW,Microtubule (MT),microtubule-disrupting,Succinimidyl-4-(N-maleimidomethyl)cyclohexane-1-carboxylate (SMCC),ADCC008153,Max inhibition rate (MIR),0,=,69,69.0,%,0,CVCL_7044,Gastrointestinal stromal tumor,https://adcdb.idrblab.net/data/adc/details/DRG0WWBCV,data/raw/adcdb_idrblab/adc_details/DRG0WWBCV.html
DRG0WWBCV,Anti-KIT 20376-SMCC-DM1,Investigative,Anti-KIT mAb 20376,TAR0SDULL,Mast/stem cell growth factor receptor Kit (KIT),PAY0JCIBW,Mertansine DM1,PAY0JCIBW,Microtubule (MT),microtubule-disrupting,Succinimidyl-4-(N-maleimidomethyl)cyclohexane-1-carboxylate (SMCC),ADCC008148,Max inhibition rate (MIR),0,=,69,69.0,%,0,CVCL_4976,Gastrointestinal stromal tumor,https://adcdb.idrblab.net/data/adc/details/DRG0WWBCV,data/raw/adcdb_idrblab/adc_details/DRG0WWBCV.html
DRG0WWBCV,Anti-KIT 20376-SMCC-DM1,Investigative,Anti-KIT mAb 20376,TAR0SDULL,Mast/stem cell growth factor receptor Kit (KIT),PAY0JCIBW,Mertansine DM1,PAY0JCIBW,Microtubule (MT),microtubule-disrupting,Succinimidyl-4-(N-maleimidomethyl)cyclohexane-1-carboxylate (SMCC),ADCC008173,Max inhibition rate (MIR),0,=,79,79.0,%,0,CVCL_0614,Acute myeloid leukemia,https://adcdb.idrblab.net/data/adc/details/DRG0WWBCV,data/raw/adcdb_idrblab/adc_details/DRG0WWBCV.html
DRG0WWBCV,Anti-KIT 20376-SMCC-DM1,Investigative,Anti-KIT mAb 20376,TAR0SDULL,Mast/stem cell growth factor receptor Kit (KIT),PAY0JCIBW,Mertansine DM1,PAY0JCIBW,Microtubule (MT),microtubule-disrupting,Succinimidyl-4-(N-maleimidomethyl)cyclohexane-1-carboxylate (SMCC),ADCC008183,Max inhibition rate (MIR),0,=,95,95.0,%,0,CVCL_0418,Breast adenocarcinoma,https://adcdb.idrblab.net/data/adc/details/DRG0WWBCV,data/raw/adcdb_idrblab/adc_details/DRG0WWBCV.html
DRG0WWBCV,Anti-KIT 20376-SMCC-DM1,Investigative,Anti-KIT mAb 20376,TAR0SDULL,Mast/stem cell growth factor receptor Kit (KIT),PAY0JCIBW,Mertansine DM1,PAY0JCIBW,Microtubule (MT),microtubule-disrupting,Succinimidyl-4-(N-maleimidomethyl)cyclohexane-1-carboxylate (SMCC),ADCC008168,Max inhibition rate (MIR),0,=,97,97.0,%,0,CVCL_1453,Lung small cell carcinoma,https://adcdb.idrblab.net/data/adc/details/DRG0WWBCV,data/raw/adcdb_idrblab/adc_details/DRG0WWBCV.html
DRG0WWBCV,Anti-KIT 20376-SMCC-DM1,Investigative,Anti-KIT mAb 20376,TAR0SDULL,Mast/stem cell growth factor receptor Kit (KIT),PAY0JCIBW,Mertansine DM1,PAY0JCIBW,Microtubule (MT),microtubule-disrupting,Succinimidyl-4-(N-maleimidomethyl)cyclohexane-1-carboxylate (SMCC),ADCC008163,Max inhibition rate (MIR),0,=,99,99.0,%,0,CVCL_1569,Lung small cell carcinoma,https://adcdb.idrblab.net/data/adc/details/DRG0WWBCV,data/raw/adcdb_idrblab/adc_details/DRG0WWBCV.html
DRG0WWBCV,Anti-KIT 20376-SMCC-DM1,Investigative,Anti-KIT mAb 20376,TAR0SDULL,Mast/stem cell growth factor receptor Kit (KIT),PAY0JCIBW,Mertansine DM1,PAY0JCIBW,Microtubule (MT),microtubule-disrupting,Succinimidyl-4-(N-maleimidomethyl)cyclohexane-1-carboxylate (SMCC),ADCC008178,Max inhibition rate (MIR),0,=,100,100.0,%,0,CVCL_0589,Myeloid leukemia with maturation,https://adcdb.idrblab.net/data/adc/details/DRG0WWBCV,data/raw/adcdb_idrblab/adc_details/DRG0WWBCV.html
DRG0WWBCV,Anti-KIT 20376-SMCC-DM1,Investigative,Anti-KIT mAb 20376,TAR0SDULL,Mast/stem cell growth factor receptor Kit (KIT),PAY0JCIBW,Mertansine DM1,PAY0JCIBW,Microtubule (MT),microtubule-disrupting,Succinimidyl-4-(N-maleimidomethyl)cyclohexane-1-carboxylate (SMCC),ADCC008118,Half Maximal Inhibitory Concentration (IC50),1,=,0.04,0.04,nM,1,CVCL_7040,Gastrointestinal stromal tumor,https://adcdb.idrblab.net/data/adc/details/DRG0WWBCV,data/raw/adcdb_idrblab/adc_details/DRG0WWBCV.html
DRG0WWBCV,Anti-KIT 20376-SMCC-DM1,Investigative,Anti-KIT mAb 20376,TAR0SDULL,Mast/stem cell growth factor receptor Kit (KIT),PAY0JCIBW,Mertansine DM1,PAY0JCIBW,Microtubule (MT),microtubule-disrupting,Succinimidyl-4-(N-maleimidomethyl)cyclohexane-1-carboxylate (SMCC),ADCC008108,Half Maximal Inhibitory Concentration (IC50),1,=,0.05,0.05,nM,1,CVCL_4976,Gastrointestinal stromal tumor,https://adcdb.idrblab.net/data/adc/details/DRG0WWBCV,data/raw/adcdb_idrblab/adc_details/DRG0WWBCV.html
DRG0WWBCV,Anti-KIT 20376-SMCC-DM1,Investigative,Anti-KIT mAb 20376,TAR0SDULL,Mast/stem cell growth factor receptor Kit (KIT),PAY0JCIBW,Mertansine DM1,PAY0JCIBW,Microtubule (MT),microtubule-disrupting,Succinimidyl-4-(N-maleimidomethyl)cyclohexane-1-carboxylate (SMCC),ADCC008123,Half Maximal Inhibitory Concentration (IC50),1,=,0.07,0.07,nM,1,CVCL_1569,Lung small cell carcinoma,https://adcdb.idrblab.net/data/adc/details/DRG0WWBCV,data/raw/adcdb_idrblab/adc_details/DRG0WWBCV.html
DRG0WWBCV,Anti-KIT 20376-SMCC-DM1,Investigative,Anti-KIT mAb 20376,TAR0SDULL,Mast/stem cell growth factor receptor Kit (KIT),PAY0JCIBW,Mertansine DM1,PAY0JCIBW,Microtubule (MT),microtubule-disrupting,Succinimidyl-4-(N-maleimidomethyl)cyclohexane-1-carboxylate (SMCC),ADCC008113,Half Maximal Inhibitory Concentration (IC50),1,=,1,1.0,nM,1,CVCL_7044,Gastrointestinal stromal tumor,https://adcdb.idrblab.net/data/adc/details/DRG0WWBCV,data/raw/adcdb_idrblab/adc_details/DRG0WWBCV.html
DRG0WWBCV,Anti-KIT 20376-SMCC-DM1,Investigative,Anti-KIT mAb 20376,TAR0SDULL,Mast/stem cell growth factor receptor Kit (KIT),PAY0JCIBW,Mertansine DM1,PAY0JCIBW,Microtubule (MT),microtubule-disrupting,Succinimidyl-4-(N-maleimidomethyl)cyclohexane-1-carboxylate (SMCC),ADCC008138,Half Maximal Inhibitory Concentration (IC50),1,=,1.33,1.33,nM,1,CVCL_0589,Myeloid leukemia with maturation,https://adcdb.idrblab.net/data/adc/details/DRG0WWBCV,data/raw/adcdb_idrblab/adc_details/DRG0WWBCV.html
DRG0WWBCV,Anti-KIT 20376-SMCC-DM1,Investigative,Anti-KIT mAb 20376,TAR0SDULL,Mast/stem cell growth factor receptor Kit (KIT),PAY0JCIBW,Mertansine DM1,PAY0JCIBW,Microtubule (MT),microtubule-disrupting,Succinimidyl-4-(N-maleimidomethyl)cyclohexane-1-carboxylate (SMCC),ADCC008128,Half Maximal Inhibitory Concentration (IC50),1,=,1.34,1.34,nM,1,CVCL_1453,Lung small cell carcinoma,https://adcdb.idrblab.net/data/adc/details/DRG0WWBCV,data/raw/adcdb_idrblab/adc_details/DRG0WWBCV.html
DRG0WWBCV,Anti-KIT 20376-SMCC-DM1,Investigative,Anti-KIT mAb 20376,TAR0SDULL,Mast/stem cell growth factor receptor Kit (KIT),PAY0JCIBW,Mertansine DM1,PAY0JCIBW,Microtubule (MT),microtubule-disrupting,Succinimidyl-4-(N-maleimidomethyl)cyclohexane-1-carboxylate (SMCC),ADCC008133,Half Maximal Inhibitory Concentration (IC50),1,=,1.51,1.51,nM,1,CVCL_0614,Acute myeloid leukemia,https://adcdb.idrblab.net/data/adc/details/DRG0WWBCV,data/raw/adcdb_idrblab/adc_details/DRG0WWBCV.html
DRG0WWBCV,Anti-KIT 20376-SMCC-DM1,Investigative,Anti-KIT mAb 20376,TAR0SDULL,Mast/stem cell growth factor receptor Kit (KIT),PAY0JCIBW,Mertansine DM1,PAY0JCIBW,Microtubule (MT),microtubule-disrupting,Succinimidyl-4-(N-maleimidomethyl)cyclohexane-1-carboxylate (SMCC),ADCC008143,Half Maximal Inhibitory Concentration (IC50),1,=,2.69,2.69,nM,1,CVCL_0418,Breast adenocarcinoma,https://adcdb.idrblab.net/data/adc/details/DRG0WWBCV,data/raw/adcdb_idrblab/adc_details/DRG0WWBCV.html
DRG0WXQJL,Vadastuximab talirine,Phase 3 (discontinued),Vadastuximab,TAR0OVWVF,Myeloid cell surface antigen CD33 (CD33),PAY0AKDAM,SGD-1882,PAY0AKDAM,Human deoxyribonucleic acid (hDNA),DNA-damaging,Mc-Val-Ala,ADCC002350,Half Maximal Inhibitory Concentration (IC50),1,=,0.1,0.1,ng/mL,0,Acute myeloid leukemia cells #SG019,Acute myeloid leukemia,https://adcdb.idrblab.net/data/adc/details/DRG0WXQJL,data/raw/adcdb_idrblab/adc_details/DRG0WXQJL.html
DRG0WXQJL,Vadastuximab talirine,Phase 3 (discontinued),Vadastuximab,TAR0OVWVF,Myeloid cell surface antigen CD33 (CD33),PAY0AKDAM,SGD-1882,PAY0AKDAM,Human deoxyribonucleic acid (hDNA),DNA-damaging,Mc-Val-Ala,ADCC002332,Half Maximal Inhibitory Concentration (IC50),1,=,0.1,0.1,ng/mL,0,MV4-11 cells,Childhood acute monocytic leukemia,https://adcdb.idrblab.net/data/adc/details/DRG0WXQJL,data/raw/adcdb_idrblab/adc_details/DRG0WXQJL.html
DRG0WXQJL,Vadastuximab talirine,Phase 3 (discontinued),Vadastuximab,TAR0OVWVF,Myeloid cell surface antigen CD33 (CD33),PAY0AKDAM,SGD-1882,PAY0AKDAM,Human deoxyribonucleic acid (hDNA),DNA-damaging,Mc-Val-Ala,ADCC002358,Half Maximal Inhibitory Concentration (IC50),1,=,0.2,0.2,ng/mL,0,Acute myeloid leukemia cells #SG015,Acute myeloid leukemia,https://adcdb.idrblab.net/data/adc/details/DRG0WXQJL,data/raw/adcdb_idrblab/adc_details/DRG0WXQJL.html
DRG0WXQJL,Vadastuximab talirine,Phase 3 (discontinued),Vadastuximab,TAR0OVWVF,Myeloid cell surface antigen CD33 (CD33),PAY0AKDAM,SGD-1882,PAY0AKDAM,Human deoxyribonucleic acid (hDNA),DNA-damaging,Mc-Val-Ala,ADCC002357,Half Maximal Inhibitory Concentration (IC50),1,=,0.2,0.2,ng/mL,0,Acute myeloid leukemia cells #SG018,Acute myeloid leukemia,https://adcdb.idrblab.net/data/adc/details/DRG0WXQJL,data/raw/adcdb_idrblab/adc_details/DRG0WXQJL.html
DRG0WXQJL,Vadastuximab talirine,Phase 3 (discontinued),Vadastuximab,TAR0OVWVF,Myeloid cell surface antigen CD33 (CD33),PAY0AKDAM,SGD-1882,PAY0AKDAM,Human deoxyribonucleic acid (hDNA),DNA-damaging,Mc-Val-Ala,ADCC002356,Half Maximal Inhibitory Concentration (IC50),1,=,0.2,0.2,ng/mL,0,Acute myeloid leukemia cells #SG023,Acute myeloid leukemia,https://adcdb.idrblab.net/data/adc/details/DRG0WXQJL,data/raw/adcdb_idrblab/adc_details/DRG0WXQJL.html
DRG0WXQJL,Vadastuximab talirine,Phase 3 (discontinued),Vadastuximab,TAR0OVWVF,Myeloid cell surface antigen CD33 (CD33),PAY0AKDAM,SGD-1882,PAY0AKDAM,Human deoxyribonucleic acid (hDNA),DNA-damaging,Mc-Val-Ala,ADCC002355,Half Maximal Inhibitory Concentration (IC50),1,=,0.2,0.2,ng/mL,0,Acute myeloid leukemia cells #SG014,Acute myeloid leukemia,https://adcdb.idrblab.net/data/adc/details/DRG0WXQJL,data/raw/adcdb_idrblab/adc_details/DRG0WXQJL.html
DRG0WXQJL,Vadastuximab talirine,Phase 3 (discontinued),Vadastuximab,TAR0OVWVF,Myeloid cell surface antigen CD33 (CD33),PAY0AKDAM,SGD-1882,PAY0AKDAM,Human deoxyribonucleic acid (hDNA),DNA-damaging,Mc-Val-Ala,ADCC002341,Half Maximal Inhibitory Concentration (IC50),1,=,0.2,0.2,ng/mL,0,Acute myeloid leukemia cells #SG022,Acute myeloid leukemia,https://adcdb.idrblab.net/data/adc/details/DRG0WXQJL,data/raw/adcdb_idrblab/adc_details/DRG0WXQJL.html
DRG0WXQJL,Vadastuximab talirine,Phase 3 (discontinued),Vadastuximab,TAR0OVWVF,Myeloid cell surface antigen CD33 (CD33),PAY0AKDAM,SGD-1882,PAY0AKDAM,Human deoxyribonucleic acid (hDNA),DNA-damaging,Mc-Val-Ala,ADCC002343,Half Maximal Inhibitory Concentration (IC50),1,=,0.4,0.4,ng/mL,0,Acute myeloid leukemia cells #SG003,Acute myeloid leukemia,https://adcdb.idrblab.net/data/adc/details/DRG0WXQJL,data/raw/adcdb_idrblab/adc_details/DRG0WXQJL.html
DRG0WXQJL,Vadastuximab talirine,Phase 3 (discontinued),Vadastuximab,TAR0OVWVF,Myeloid cell surface antigen CD33 (CD33),PAY0AKDAM,SGD-1882,PAY0AKDAM,Human deoxyribonucleic acid (hDNA),DNA-damaging,Mc-Val-Ala,ADCC002344,Half Maximal Inhibitory Concentration (IC50),1,=,0.9,0.9,ng/mL,0,Acute myeloid leukemia cells #SG002,Acute myeloid leukemia,https://adcdb.idrblab.net/data/adc/details/DRG0WXQJL,data/raw/adcdb_idrblab/adc_details/DRG0WXQJL.html
DRG0WXQJL,Vadastuximab talirine,Phase 3 (discontinued),Vadastuximab,TAR0OVWVF,Myeloid cell surface antigen CD33 (CD33),PAY0AKDAM,SGD-1882,PAY0AKDAM,Human deoxyribonucleic acid (hDNA),DNA-damaging,Mc-Val-Ala,ADCC002335,Half Maximal Inhibitory Concentration (IC50),1,=,1,1.0,ng/mL,0,HL-60 cells,Adult acute myeloid leukemia,https://adcdb.idrblab.net/data/adc/details/DRG0WXQJL,data/raw/adcdb_idrblab/adc_details/DRG0WXQJL.html
DRG0WXQJL,Vadastuximab talirine,Phase 3 (discontinued),Vadastuximab,TAR0OVWVF,Myeloid cell surface antigen CD33 (CD33),PAY0AKDAM,SGD-1882,PAY0AKDAM,Human deoxyribonucleic acid (hDNA),DNA-damaging,Mc-Val-Ala,ADCC002326,Half Maximal Inhibitory Concentration (IC50),1,=,3,3.0,ng/mL,0,KG-1 cells,Adult acute myeloid leukemia,https://adcdb.idrblab.net/data/adc/details/DRG0WXQJL,data/raw/adcdb_idrblab/adc_details/DRG0WXQJL.html
DRG0WXQJL,Vadastuximab talirine,Phase 3 (discontinued),Vadastuximab,TAR0OVWVF,Myeloid cell surface antigen CD33 (CD33),PAY0AKDAM,SGD-1882,PAY0AKDAM,Human deoxyribonucleic acid (hDNA),DNA-damaging,Mc-Val-Ala,ADCC002346,Half Maximal Inhibitory Concentration (IC50),1,=,5,5.0,ng/mL,0,Acute myeloid leukemia cells #SG017,Acute myeloid leukemia,https://adcdb.idrblab.net/data/adc/details/DRG0WXQJL,data/raw/adcdb_idrblab/adc_details/DRG0WXQJL.html
DRG0WXQJL,Vadastuximab talirine,Phase 3 (discontinued),Vadastuximab,TAR0OVWVF,Myeloid cell surface antigen CD33 (CD33),PAY0AKDAM,SGD-1882,PAY0AKDAM,Human deoxyribonucleic acid (hDNA),DNA-damaging,Mc-Val-Ala,ADCC002354,Half Maximal Inhibitory Concentration (IC50),1,=,6,6.0,ng/mL,0,Acute myeloid leukemia cells #SG001,Acute myeloid leukemia,https://adcdb.idrblab.net/data/adc/details/DRG0WXQJL,data/raw/adcdb_idrblab/adc_details/DRG0WXQJL.html
DRG0WXQJL,Vadastuximab talirine,Phase 3 (discontinued),Vadastuximab,TAR0OVWVF,Myeloid cell surface antigen CD33 (CD33),PAY0AKDAM,SGD-1882,PAY0AKDAM,Human deoxyribonucleic acid (hDNA),DNA-damaging,Mc-Val-Ala,ADCC002333,Half Maximal Inhibitory Concentration (IC50),1,=,6,6.0,ng/mL,0,SH-1 cells,Acute myeloid leukemia,https://adcdb.idrblab.net/data/adc/details/DRG0WXQJL,data/raw/adcdb_idrblab/adc_details/DRG0WXQJL.html
DRG0WXQJL,Vadastuximab talirine,Phase 3 (discontinued),Vadastuximab,TAR0OVWVF,Myeloid cell surface antigen CD33 (CD33),PAY0AKDAM,SGD-1882,PAY0AKDAM,Human deoxyribonucleic acid (hDNA),DNA-damaging,Mc-Val-Ala,ADCC002334,Half Maximal Inhibitory Concentration (IC50),1,=,7,7.0,ng/mL,0,THP-1 cells,Childhood acute monocytic leukemia,https://adcdb.idrblab.net/data/adc/details/DRG0WXQJL,data/raw/adcdb_idrblab/adc_details/DRG0WXQJL.html
DRG0WXQJL,Vadastuximab talirine,Phase 3 (discontinued),Vadastuximab,TAR0OVWVF,Myeloid cell surface antigen CD33 (CD33),PAY0AKDAM,SGD-1882,PAY0AKDAM,Human deoxyribonucleic acid (hDNA),DNA-damaging,Mc-Val-Ala,ADCC002327,Half Maximal Inhibitory Concentration (IC50),1,=,7,7.0,ng/mL,0,HEL 92.1.7 cells,Erythroleukemia,https://adcdb.idrblab.net/data/adc/details/DRG0WXQJL,data/raw/adcdb_idrblab/adc_details/DRG0WXQJL.html
DRG0WXQJL,Vadastuximab talirine,Phase 3 (discontinued),Vadastuximab,TAR0OVWVF,Myeloid cell surface antigen CD33 (CD33),PAY0AKDAM,SGD-1882,PAY0AKDAM,Human deoxyribonucleic acid (hDNA),DNA-damaging,Mc-Val-Ala,ADCC002336,Half Maximal Inhibitory Concentration (IC50),1,>,> 7.5,7.5,ng/mL,0,SIG-M5 cells,Acute myeloid leukemia,https://adcdb.idrblab.net/data/adc/details/DRG0WXQJL,data/raw/adcdb_idrblab/adc_details/DRG0WXQJL.html
DRG0WXQJL,Vadastuximab talirine,Phase 3 (discontinued),Vadastuximab,TAR0OVWVF,Myeloid cell surface antigen CD33 (CD33),PAY0AKDAM,SGD-1882,PAY0AKDAM,Human deoxyribonucleic acid (hDNA),DNA-damaging,Mc-Val-Ala,ADCC002345,Half Maximal Inhibitory Concentration (IC50),1,=,11,11.0,ng/mL,0,Acute myeloid leukemia cells #SG013,Acute myeloid leukemia,https://adcdb.idrblab.net/data/adc/details/DRG0WXQJL,data/raw/adcdb_idrblab/adc_details/DRG0WXQJL.html
DRG0WXQJL,Vadastuximab talirine,Phase 3 (discontinued),Vadastuximab,TAR0OVWVF,Myeloid cell surface antigen CD33 (CD33),PAY0AKDAM,SGD-1882,PAY0AKDAM,Human deoxyribonucleic acid (hDNA),DNA-damaging,Mc-Val-Ala,ADCC002342,Half Maximal Inhibitory Concentration (IC50),1,=,11,11.0,ng/mL,0,Acute myeloid leukemia cells #SG008,Acute myeloid leukemia,https://adcdb.idrblab.net/data/adc/details/DRG0WXQJL,data/raw/adcdb_idrblab/adc_details/DRG0WXQJL.html
DRG0WXQJL,Vadastuximab talirine,Phase 3 (discontinued),Vadastuximab,TAR0OVWVF,Myeloid cell surface antigen CD33 (CD33),PAY0AKDAM,SGD-1882,PAY0AKDAM,Human deoxyribonucleic acid (hDNA),DNA-damaging,Mc-Val-Ala,ADCC002331,Half Maximal Inhibitory Concentration (IC50),1,=,22,22.0,ng/mL,0,U-937 cells,Adult acute monocytic leukemia,https://adcdb.idrblab.net/data/adc/details/DRG0WXQJL,data/raw/adcdb_idrblab/adc_details/DRG0WXQJL.html
DRG0WXQJL,Vadastuximab talirine,Phase 3 (discontinued),Vadastuximab,TAR0OVWVF,Myeloid cell surface antigen CD33 (CD33),PAY0AKDAM,SGD-1882,PAY0AKDAM,Human deoxyribonucleic acid (hDNA),DNA-damaging,Mc-Val-Ala,ADCC002351,Half Maximal Inhibitory Concentration (IC50),1,=,23,23.0,ng/mL,0,Acute myeloid leukemia cells #SG010,Acute myeloid leukemia,https://adcdb.idrblab.net/data/adc/details/DRG0WXQJL,data/raw/adcdb_idrblab/adc_details/DRG0WXQJL.html
DRG0WXQJL,Vadastuximab talirine,Phase 3 (discontinued),Vadastuximab,TAR0OVWVF,Myeloid cell surface antigen CD33 (CD33),PAY0AKDAM,SGD-1882,PAY0AKDAM,Human deoxyribonucleic acid (hDNA),DNA-damaging,Mc-Val-Ala,ADCC002330,Half Maximal Inhibitory Concentration (IC50),1,=,26,26.0,ng/mL,0,HNT-34 cells,Acute myeloid leukemia,https://adcdb.idrblab.net/data/adc/details/DRG0WXQJL,data/raw/adcdb_idrblab/adc_details/DRG0WXQJL.html
DRG0WXQJL,Vadastuximab talirine,Phase 3 (discontinued),Vadastuximab,TAR0OVWVF,Myeloid cell surface antigen CD33 (CD33),PAY0AKDAM,SGD-1882,PAY0AKDAM,Human deoxyribonucleic acid (hDNA),DNA-damaging,Mc-Val-Ala,ADCC002347,Half Maximal Inhibitory Concentration (IC50),1,=,32,32.0,ng/mL,0,Acute myeloid leukemia cells #SG004,Acute myeloid leukemia,https://adcdb.idrblab.net/data/adc/details/DRG0WXQJL,data/raw/adcdb_idrblab/adc_details/DRG0WXQJL.html
DRG0WXQJL,Vadastuximab talirine,Phase 3 (discontinued),Vadastuximab,TAR0OVWVF,Myeloid cell surface antigen CD33 (CD33),PAY0AKDAM,SGD-1882,PAY0AKDAM,Human deoxyribonucleic acid (hDNA),DNA-damaging,Mc-Val-Ala,ADCC002352,Half Maximal Inhibitory Concentration (IC50),1,=,33,33.0,ng/mL,0,Acute myeloid leukemia cells #SG011,Acute myeloid leukemia,https://adcdb.idrblab.net/data/adc/details/DRG0WXQJL,data/raw/adcdb_idrblab/adc_details/DRG0WXQJL.html
DRG0WXQJL,Vadastuximab talirine,Phase 3 (discontinued),Vadastuximab,TAR0OVWVF,Myeloid cell surface antigen CD33 (CD33),PAY0AKDAM,SGD-1882,PAY0AKDAM,Human deoxyribonucleic acid (hDNA),DNA-damaging,Mc-Val-Ala,ADCC002328,Half Maximal Inhibitory Concentration (IC50),1,=,49,49.0,ng/mL,0,TF1-alpha cells (Multidrug resistance),Anaplastic thyroid cancer,https://adcdb.idrblab.net/data/adc/details/DRG0WXQJL,data/raw/adcdb_idrblab/adc_details/DRG0WXQJL.html
DRG0WXQJL,Vadastuximab talirine,Phase 3 (discontinued),Vadastuximab,TAR0OVWVF,Myeloid cell surface antigen CD33 (CD33),PAY0AKDAM,SGD-1882,PAY0AKDAM,Human deoxyribonucleic acid (hDNA),DNA-damaging,Mc-Val-Ala,ADCC002329,Half Maximal Inhibitory Concentration (IC50),1,=,61,61.0,ng/mL,0,TF-1 cells,Esophageal squamous cell carcinoma,https://adcdb.idrblab.net/data/adc/details/DRG0WXQJL,data/raw/adcdb_idrblab/adc_details/DRG0WXQJL.html
DRG0WXQJL,Vadastuximab talirine,Phase 3 (discontinued),Vadastuximab,TAR0OVWVF,Myeloid cell surface antigen CD33 (CD33),PAY0AKDAM,SGD-1882,PAY0AKDAM,Human deoxyribonucleic acid (hDNA),DNA-damaging,Mc-Val-Ala,ADCC002337,Half Maximal Inhibitory Concentration (IC50),1,=,68,68.0,ng/mL,0,SH-2 cells,Adult acute myeloid leukemia,https://adcdb.idrblab.net/data/adc/details/DRG0WXQJL,data/raw/adcdb_idrblab/adc_details/DRG0WXQJL.html
DRG0WXQJL,Vadastuximab talirine,Phase 3 (discontinued),Vadastuximab,TAR0OVWVF,Myeloid cell surface antigen CD33 (CD33),PAY0AKDAM,SGD-1882,PAY0AKDAM,Human deoxyribonucleic acid (hDNA),DNA-damaging,Mc-Val-Ala,ADCC002353,Half Maximal Inhibitory Concentration (IC50),1,>,> 100,100.0,ng/mL,0,Acute myeloid leukemia cells #SG009,Acute myeloid leukemia,https://adcdb.idrblab.net/data/adc/details/DRG0WXQJL,data/raw/adcdb_idrblab/adc_details/DRG0WXQJL.html
DRG0WXQJL,Vadastuximab talirine,Phase 3 (discontinued),Vadastuximab,TAR0OVWVF,Myeloid cell surface antigen CD33 (CD33),PAY0AKDAM,SGD-1882,PAY0AKDAM,Human deoxyribonucleic acid (hDNA),DNA-damaging,Mc-Val-Ala,ADCC002349,Half Maximal Inhibitory Concentration (IC50),1,>,> 110,110.0,ng/mL,0,Acute myeloid leukemia cells #SG012,Acute myeloid leukemia,https://adcdb.idrblab.net/data/adc/details/DRG0WXQJL,data/raw/adcdb_idrblab/adc_details/DRG0WXQJL.html
DRG0WXQJL,Vadastuximab talirine,Phase 3 (discontinued),Vadastuximab,TAR0OVWVF,Myeloid cell surface antigen CD33 (CD33),PAY0AKDAM,SGD-1882,PAY0AKDAM,Human deoxyribonucleic acid (hDNA),DNA-damaging,Mc-Val-Ala,ADCC002348,Half Maximal Inhibitory Concentration (IC50),1,>,> 110,110.0,ng/mL,0,Acute myeloid leukemia cells #SG020,Acute myeloid leukemia,https://adcdb.idrblab.net/data/adc/details/DRG0WXQJL,data/raw/adcdb_idrblab/adc_details/DRG0WXQJL.html
DRG0WXQJL,Vadastuximab talirine,Phase 3 (discontinued),Vadastuximab,TAR0OVWVF,Myeloid cell surface antigen CD33 (CD33),PAY0AKDAM,SGD-1882,PAY0AKDAM,Human deoxyribonucleic acid (hDNA),DNA-damaging,Mc-Val-Ala,ADCC002339,Half Maximal Inhibitory Concentration (IC50),1,>,> 1000,1000.0,ng/mL,0,ES-2 cells,Ovarian clear cell adenocarcinoma,https://adcdb.idrblab.net/data/adc/details/DRG0WXQJL,data/raw/adcdb_idrblab/adc_details/DRG0WXQJL.html
DRG0WXQJL,Vadastuximab talirine,Phase 3 (discontinued),Vadastuximab,TAR0OVWVF,Myeloid cell surface antigen CD33 (CD33),PAY0AKDAM,SGD-1882,PAY0AKDAM,Human deoxyribonucleic acid (hDNA),DNA-damaging,Mc-Val-Ala,ADCC002338,Half Maximal Inhibitory Concentration (IC50),1,>,> 1000,1000.0,ng/mL,0,Ramos cells,Burkitt lymphoma,https://adcdb.idrblab.net/data/adc/details/DRG0WXQJL,data/raw/adcdb_idrblab/adc_details/DRG0WXQJL.html
DRG0WXQJL,Vadastuximab talirine,Phase 3 (discontinued),Vadastuximab,TAR0OVWVF,Myeloid cell surface antigen CD33 (CD33),PAY0AKDAM,SGD-1882,PAY0AKDAM,Human deoxyribonucleic acid (hDNA),DNA-damaging,Mc-Val-Ala,ADCC002340,Half Maximal Inhibitory Concentration (IC50),1,>,> 5000,5000.0,ng/mL,0,SK-OV-3 cells,Ovarian serous cystadenocarcinoma,https://adcdb.idrblab.net/data/adc/details/DRG0WXQJL,data/raw/adcdb_idrblab/adc_details/DRG0WXQJL.html
DRG0XABHQ,Anti-TNF ADC 105,Investigative,Anti-TNF mAb alpha-TNF,TAR0DEDPZ,Tumor necrosis factor receptor superfamily member 1A (TNFRSF1A),PAY0NBSXR,GRM cpd 16,PAY0NBSXR,Glucocorticoid receptor (NR3C1),Other,MP-Ala-Ala,ADCC001865,Half Maximal Effective Concentration (EC50),1,=,2.18,2.18,ug/mL,0,K-562 cells (TNF expression),Chronic myelogenous leukemia,https://adcdb.idrblab.net/data/adc/details/DRG0XABHQ,data/raw/adcdb_idrblab/adc_details/DRG0XABHQ.html
DRG0XABHQ,Anti-TNF ADC 105,Investigative,Anti-TNF mAb alpha-TNF,TAR0DEDPZ,Tumor necrosis factor receptor superfamily member 1A (TNFRSF1A),PAY0NBSXR,GRM cpd 16,PAY0NBSXR,Glucocorticoid receptor (NR3C1),Other,MP-Ala-Ala,ADCC001866,Half Maximal Effective Concentration (EC50),1,>,> 50,50.0,ug/mL,0,K-562 cells,Chronic myelogenous leukemia,https://adcdb.idrblab.net/data/adc/details/DRG0XABHQ,data/raw/adcdb_idrblab/adc_details/DRG0XABHQ.html
DRG0XBANE,Anti-FGFR2/4 mAb-12439 SMCC-DM1,Investigative,Anti-FGFR2/4 mAb 12439,TAR0ODKQM,Fibroblast growth factor receptor 2 (FGFR2); Fibroblast growth factor receptor 4 (FGFR4),PAY0JCIBW,Mertansine DM1,PAY0JCIBW,Microtubule (MT),microtubule-disrupting,Succinimidyl-4-(N-maleimidomethyl)cyclohexane-1-carboxylate (SMCC),ADCC008318,Half Maximal Inhibitory Concentration (IC50),1,<,< 3,3.0,nM,1,CVCL_0371,Down syndrome,https://adcdb.idrblab.net/data/adc/details/DRG0XBANE,data/raw/adcdb_idrblab/adc_details/DRG0XBANE.html
DRG0XBANE,Anti-FGFR2/4 mAb-12439 SMCC-DM1,Investigative,Anti-FGFR2/4 mAb 12439,TAR0ODKQM,Fibroblast growth factor receptor 2 (FGFR2); Fibroblast growth factor receptor 4 (FGFR4),PAY0JCIBW,Mertansine DM1,PAY0JCIBW,Microtubule (MT),microtubule-disrupting,Succinimidyl-4-(N-maleimidomethyl)cyclohexane-1-carboxylate (SMCC),ADCC008303,Half Maximal Inhibitory Concentration (IC50),1,<,< 3,3.0,nM,1,CVCL_0076,Gastric adenocarcinoma,https://adcdb.idrblab.net/data/adc/details/DRG0XBANE,data/raw/adcdb_idrblab/adc_details/DRG0XBANE.html
DRG0XFTRM,Bevacizumab vedotin,Investigative,Bevacizumab,TAR0VKDND,Vascular endothelial growth factor A (VEGFA),PAY0FSXOW,Monomethyl auristatin E,PAY0FSXOW,Microtubule (MT),microtubule-disrupting,Mc-Val-Cit-PABC,ADCC003019,Half Maximal Inhibitory Concentration (IC50),1,=,0.14,0.14,ug/mL,0,MCF-7 cells,Invasive breast carcinoma,https://adcdb.idrblab.net/data/adc/details/DRG0XFTRM,data/raw/adcdb_idrblab/adc_details/DRG0XFTRM.html
DRG0XFTRM,Bevacizumab vedotin,Investigative,Bevacizumab,TAR0VKDND,Vascular endothelial growth factor A (VEGFA),PAY0FSXOW,Monomethyl auristatin E,PAY0FSXOW,Microtubule (MT),microtubule-disrupting,Mc-Val-Cit-PABC,ADCC003018,Half Maximal Inhibitory Concentration (IC50),1,=,0.65,0.65,ug/mL,0,Hep-G2 cells,Hepatoblastoma,https://adcdb.idrblab.net/data/adc/details/DRG0XFTRM,data/raw/adcdb_idrblab/adc_details/DRG0XFTRM.html
DRG0XFTRM,Bevacizumab vedotin,Investigative,Bevacizumab,TAR0VKDND,Vascular endothelial growth factor A (VEGFA),PAY0FSXOW,Monomethyl auristatin E,PAY0FSXOW,Microtubule (MT),microtubule-disrupting,Mc-Val-Cit-PABC,ADCC003017,Half Maximal Inhibitory Concentration (IC50),1,=,14.17,14.17,ug/mL,0,U-87MG cells,Glioblastoma,https://adcdb.idrblab.net/data/adc/details/DRG0XFTRM,data/raw/adcdb_idrblab/adc_details/DRG0XFTRM.html
DRG0XGLSR,NOV0712-DM4,Investigative,Anti-CDH6 mAb NOV0712,TAR0SOZLV,Cadherin-6 (CDH6),PAY0GTSVM,Mertansine DM4,PAY0GTSVM,Microtubule (MT),microtubule-disrupting,Sulfo-SPDB,ADCC007056,Half Maximal Inhibitory Concentration (IC50),1,=,1.00-10.00,1.0,nM,1,CVCL_0479,Ovarian mixed germ cell tumor,https://adcdb.idrblab.net/data/adc/details/DRG0XGLSR,data/raw/adcdb_idrblab/adc_details/DRG0XGLSR.html
DRG0XHGCX,ChmAb-D B7-H3-ADC,Investigative,chmAb-D,TAR0GLSWQ,CD276 antigen (CD276),PAY0FSXOW,Monomethyl auristatin E,PAY0FSXOW,Microtubule (MT),microtubule-disrupting,Mc-Val-Cit-PABC,ADCC003403,Half Maximal Inhibitory Concentration (IC50),1,=,0.16,0.16,nM,1,NCI-H1975 cells,Lung adenocarcinoma,https://adcdb.idrblab.net/data/adc/details/DRG0XHGCX,data/raw/adcdb_idrblab/adc_details/DRG0XHGCX.html
DRG0XHGCX,ChmAb-D B7-H3-ADC,Investigative,chmAb-D,TAR0GLSWQ,CD276 antigen (CD276),PAY0FSXOW,Monomethyl auristatin E,PAY0FSXOW,Microtubule (MT),microtubule-disrupting,Mc-Val-Cit-PABC,ADCC003395,Half Maximal Inhibitory Concentration (IC50),1,=,0.17,0.17,nM,1,Calu-6 cells,Lung adenocarcinoma,https://adcdb.idrblab.net/data/adc/details/DRG0XHGCX,data/raw/adcdb_idrblab/adc_details/DRG0XHGCX.html
DRG0XHGCX,ChmAb-D B7-H3-ADC,Investigative,chmAb-D,TAR0GLSWQ,CD276 antigen (CD276),PAY0FSXOW,Monomethyl auristatin E,PAY0FSXOW,Microtubule (MT),microtubule-disrupting,Mc-Val-Cit-PABC,ADCC003399,Half Maximal Inhibitory Concentration (IC50),1,=,0.22,0.22,nM,1,NCI-H1703 cells,Lung squamous cell carcinoma,https://adcdb.idrblab.net/data/adc/details/DRG0XHGCX,data/raw/adcdb_idrblab/adc_details/DRG0XHGCX.html
DRG0XHGCX,ChmAb-D B7-H3-ADC,Investigative,chmAb-D,TAR0GLSWQ,CD276 antigen (CD276),PAY0FSXOW,Monomethyl auristatin E,PAY0FSXOW,Microtubule (MT),microtubule-disrupting,Mc-Val-Cit-PABC,ADCC003411,Half Maximal Inhibitory Concentration (IC50),1,=,0.3,0.3,nM,1,Hs 700T cells,Neoplasm,https://adcdb.idrblab.net/data/adc/details/DRG0XHGCX,data/raw/adcdb_idrblab/adc_details/DRG0XHGCX.html
DRG0XHGCX,ChmAb-D B7-H3-ADC,Investigative,chmAb-D,TAR0GLSWQ,CD276 antigen (CD276),PAY0FSXOW,Monomethyl auristatin E,PAY0FSXOW,Microtubule (MT),microtubule-disrupting,Mc-Val-Cit-PABC,ADCC003383,Half Maximal Inhibitory Concentration (IC50),1,=,0.74,0.74,nM,1,JIMT-1 cells,Breast ductal carcinoma,https://adcdb.idrblab.net/data/adc/details/DRG0XHGCX,data/raw/adcdb_idrblab/adc_details/DRG0XHGCX.html
DRG0XHGCX,ChmAb-D B7-H3-ADC,Investigative,chmAb-D,TAR0GLSWQ,CD276 antigen (CD276),PAY0FSXOW,Monomethyl auristatin E,PAY0FSXOW,Microtubule (MT),microtubule-disrupting,Mc-Val-Cit-PABC,ADCC003391,Half Maximal Inhibitory Concentration (IC50),1,=,0.89,0.89,nM,1,A375.S2 cells,Amelanotic melanoma,https://adcdb.idrblab.net/data/adc/details/DRG0XHGCX,data/raw/adcdb_idrblab/adc_details/DRG0XHGCX.html
DRG0XHGCX,ChmAb-D B7-H3-ADC,Investigative,chmAb-D,TAR0GLSWQ,CD276 antigen (CD276),PAY0FSXOW,Monomethyl auristatin E,PAY0FSXOW,Microtubule (MT),microtubule-disrupting,Mc-Val-Cit-PABC,ADCC003387,Half Maximal Inhibitory Concentration (IC50),1,=,1.38,1.38,nM,1,MDA-MB-468 cells,Breast adenocarcinoma,https://adcdb.idrblab.net/data/adc/details/DRG0XHGCX,data/raw/adcdb_idrblab/adc_details/DRG0XHGCX.html
DRG0XHGCX,ChmAb-D B7-H3-ADC,Investigative,chmAb-D,TAR0GLSWQ,CD276 antigen (CD276),PAY0FSXOW,Monomethyl auristatin E,PAY0FSXOW,Microtubule (MT),microtubule-disrupting,Mc-Val-Cit-PABC,ADCC003407,Half Maximal Inhibitory Concentration (IC50),1,=,1.8,1.8,nM,1,PA-1 cells,Ovarian mixed germ cell tumor,https://adcdb.idrblab.net/data/adc/details/DRG0XHGCX,data/raw/adcdb_idrblab/adc_details/DRG0XHGCX.html
DRG0XHGCX,ChmAb-D B7-H3-ADC,Investigative,chmAb-D,TAR0GLSWQ,CD276 antigen (CD276),PAY0FSXOW,Monomethyl auristatin E,PAY0FSXOW,Microtubule (MT),microtubule-disrupting,Mc-Val-Cit-PABC,ADCC003415,Half Maximal Inhibitory Concentration (IC50),1,=,2.59,2.59,nM,1,DU145 cells,Prostate carcinoma,https://adcdb.idrblab.net/data/adc/details/DRG0XHGCX,data/raw/adcdb_idrblab/adc_details/DRG0XHGCX.html
DRG0XHGCX,ChmAb-D B7-H3-ADC,Investigative,chmAb-D,TAR0GLSWQ,CD276 antigen (CD276),PAY0FSXOW,Monomethyl auristatin E,PAY0FSXOW,Microtubule (MT),microtubule-disrupting,Mc-Val-Cit-PABC,ADCC003419,Half Maximal Inhibitory Concentration (IC50),1,>,> 100,100.0,nM,1,Raji cells,EBV-related Burkitt lymphoma,https://adcdb.idrblab.net/data/adc/details/DRG0XHGCX,data/raw/adcdb_idrblab/adc_details/DRG0XHGCX.html
DRG0XIMBQ,Engineered HER-SG3227,Investigative,Engineered trastuzumab,TAR0THKZD,Receptor tyrosine-protein kinase erbB-2 (HER2),PAY0XUVDV,SG2219,PAY0XUVDV,Human Deoxyribonucleic acid (hDNA),DNA-damaging,Acetamide-PEG4-Val-Ala-PABA,ADCC001424,Half Maximal Inhibitory Concentration (IC50),1,=,4.29,4.29,ng/mL,0,NCI-N87 cells,Gastric tubular adenocarcinoma,https://adcdb.idrblab.net/data/adc/details/DRG0XIMBQ,data/raw/adcdb_idrblab/adc_details/DRG0XIMBQ.html
DRG0XIMBQ,Engineered HER-SG3227,Investigative,Engineered trastuzumab,TAR0THKZD,Receptor tyrosine-protein kinase erbB-2 (HER2),PAY0XUVDV,SG2219,PAY0XUVDV,Human Deoxyribonucleic acid (hDNA),DNA-damaging,Acetamide-PEG4-Val-Ala-PABA,ADCC001425,Half Maximal Inhibitory Concentration (IC50),1,=,1220,1220.0,ng/mL,0,MDA-MB-468 cells,Breast adenocarcinoma,https://adcdb.idrblab.net/data/adc/details/DRG0XIMBQ,data/raw/adcdb_idrblab/adc_details/DRG0XIMBQ.html
DRG0XJKXB,Trastuzumab-C239I-SG3400,Investigative,Engineered trastuzumab,TAR0THKZD,Receptor tyrosine-protein kinase erbB-2 (HER2),PAY0EKUNN,SG3200,PAY0EKUNN,Human Deoxyribonucleic acid (hDNA),DNA-damaging,Mal-PEG8-Val-Ala-PABC,ADCC001440,Half Maximal Inhibitory Concentration (IC50),1,=,10.7,10.7,ng/mL,0,NCI-N87 cells,Gastric tubular adenocarcinoma,https://adcdb.idrblab.net/data/adc/details/DRG0XJKXB,data/raw/adcdb_idrblab/adc_details/DRG0XJKXB.html
DRG0XJKXB,Trastuzumab-C239I-SG3400,Investigative,Engineered trastuzumab,TAR0THKZD,Receptor tyrosine-protein kinase erbB-2 (HER2),PAY0EKUNN,SG3200,PAY0EKUNN,Human Deoxyribonucleic acid (hDNA),DNA-damaging,Mal-PEG8-Val-Ala-PABC,ADCC001436,Half Maximal Inhibitory Concentration (IC50),1,=,20.9,20.9,ng/mL,0,SK-OV-3 cells,Ovarian serous cystadenocarcinoma,https://adcdb.idrblab.net/data/adc/details/DRG0XJKXB,data/raw/adcdb_idrblab/adc_details/DRG0XJKXB.html
DRG0XJKXB,Trastuzumab-C239I-SG3400,Investigative,Engineered trastuzumab,TAR0THKZD,Receptor tyrosine-protein kinase erbB-2 (HER2),PAY0EKUNN,SG3200,PAY0EKUNN,Human Deoxyribonucleic acid (hDNA),DNA-damaging,Mal-PEG8-Val-Ala-PABC,ADCC001437,Half Maximal Inhibitory Concentration (IC50),1,=,23.3,23.3,ng/mL,0,MDA-MB-231 cells,Breast adenocarcinoma,https://adcdb.idrblab.net/data/adc/details/DRG0XJKXB,data/raw/adcdb_idrblab/adc_details/DRG0XJKXB.html
DRG0XJKXB,Trastuzumab-C239I-SG3400,Investigative,Engineered trastuzumab,TAR0THKZD,Receptor tyrosine-protein kinase erbB-2 (HER2),PAY0EKUNN,SG3200,PAY0EKUNN,Human Deoxyribonucleic acid (hDNA),DNA-damaging,Mal-PEG8-Val-Ala-PABC,ADCC001438,Half Maximal Inhibitory Concentration (IC50),1,>,> 50,50.0,ng/mL,0,MCF-7 cells,Invasive breast carcinoma,https://adcdb.idrblab.net/data/adc/details/DRG0XJKXB,data/raw/adcdb_idrblab/adc_details/DRG0XJKXB.html
DRG0XJKXB,Trastuzumab-C239I-SG3400,Investigative,Engineered trastuzumab,TAR0THKZD,Receptor tyrosine-protein kinase erbB-2 (HER2),PAY0EKUNN,SG3200,PAY0EKUNN,Human Deoxyribonucleic acid (hDNA),DNA-damaging,Mal-PEG8-Val-Ala-PABC,ADCC001439,Half Maximal Inhibitory Concentration (IC50),1,>,> 250,250.0,ng/mL,0,JIMT-1 cells,Breast ductal carcinoma,https://adcdb.idrblab.net/data/adc/details/DRG0XJKXB,data/raw/adcdb_idrblab/adc_details/DRG0XJKXB.html
DRG0XOIAM,Anti-KIT NEG024-SMCC-DM1,Investigative,Anti-KIT mAb NEG024,TAR0SDULL,Mast/stem cell growth factor receptor Kit (KIT),PAY0JCIBW,Mertansine DM1,PAY0JCIBW,Microtubule (MT),microtubule-disrupting,Succinimidyl-4-(N-maleimidomethyl)cyclohexane-1-carboxylate (SMCC),ADCC008154,Max inhibition rate (MIR),0,=,53,53.0,%,0,CVCL_7040,Gastrointestinal stromal tumor,https://adcdb.idrblab.net/data/adc/details/DRG0XOIAM,data/raw/adcdb_idrblab/adc_details/DRG0XOIAM.html
DRG0XOIAM,Anti-KIT NEG024-SMCC-DM1,Investigative,Anti-KIT mAb NEG024,TAR0SDULL,Mast/stem cell growth factor receptor Kit (KIT),PAY0JCIBW,Mertansine DM1,PAY0JCIBW,Microtubule (MT),microtubule-disrupting,Succinimidyl-4-(N-maleimidomethyl)cyclohexane-1-carboxylate (SMCC),ADCC008149,Max inhibition rate (MIR),0,=,66,66.0,%,0,CVCL_7044,Gastrointestinal stromal tumor,https://adcdb.idrblab.net/data/adc/details/DRG0XOIAM,data/raw/adcdb_idrblab/adc_details/DRG0XOIAM.html
DRG0XOIAM,Anti-KIT NEG024-SMCC-DM1,Investigative,Anti-KIT mAb NEG024,TAR0SDULL,Mast/stem cell growth factor receptor Kit (KIT),PAY0JCIBW,Mertansine DM1,PAY0JCIBW,Microtubule (MT),microtubule-disrupting,Succinimidyl-4-(N-maleimidomethyl)cyclohexane-1-carboxylate (SMCC),ADCC008144,Max inhibition rate (MIR),0,=,72,72.0,%,0,CVCL_4976,Gastrointestinal stromal tumor,https://adcdb.idrblab.net/data/adc/details/DRG0XOIAM,data/raw/adcdb_idrblab/adc_details/DRG0XOIAM.html
DRG0XOIAM,Anti-KIT NEG024-SMCC-DM1,Investigative,Anti-KIT mAb NEG024,TAR0SDULL,Mast/stem cell growth factor receptor Kit (KIT),PAY0JCIBW,Mertansine DM1,PAY0JCIBW,Microtubule (MT),microtubule-disrupting,Succinimidyl-4-(N-maleimidomethyl)cyclohexane-1-carboxylate (SMCC),ADCC008169,Max inhibition rate (MIR),0,=,78,78.0,%,0,CVCL_0614,Acute myeloid leukemia,https://adcdb.idrblab.net/data/adc/details/DRG0XOIAM,data/raw/adcdb_idrblab/adc_details/DRG0XOIAM.html
DRG0XOIAM,Anti-KIT NEG024-SMCC-DM1,Investigative,Anti-KIT mAb NEG024,TAR0SDULL,Mast/stem cell growth factor receptor Kit (KIT),PAY0JCIBW,Mertansine DM1,PAY0JCIBW,Microtubule (MT),microtubule-disrupting,Succinimidyl-4-(N-maleimidomethyl)cyclohexane-1-carboxylate (SMCC),ADCC008179,Max inhibition rate (MIR),0,=,92,92.0,%,0,CVCL_0418,Breast adenocarcinoma,https://adcdb.idrblab.net/data/adc/details/DRG0XOIAM,data/raw/adcdb_idrblab/adc_details/DRG0XOIAM.html
DRG0XOIAM,Anti-KIT NEG024-SMCC-DM1,Investigative,Anti-KIT mAb NEG024,TAR0SDULL,Mast/stem cell growth factor receptor Kit (KIT),PAY0JCIBW,Mertansine DM1,PAY0JCIBW,Microtubule (MT),microtubule-disrupting,Succinimidyl-4-(N-maleimidomethyl)cyclohexane-1-carboxylate (SMCC),ADCC008164,Max inhibition rate (MIR),0,=,98,98.0,%,0,CVCL_1453,Lung small cell carcinoma,https://adcdb.idrblab.net/data/adc/details/DRG0XOIAM,data/raw/adcdb_idrblab/adc_details/DRG0XOIAM.html
DRG0XOIAM,Anti-KIT NEG024-SMCC-DM1,Investigative,Anti-KIT mAb NEG024,TAR0SDULL,Mast/stem cell growth factor receptor Kit (KIT),PAY0JCIBW,Mertansine DM1,PAY0JCIBW,Microtubule (MT),microtubule-disrupting,Succinimidyl-4-(N-maleimidomethyl)cyclohexane-1-carboxylate (SMCC),ADCC008174,Max inhibition rate (MIR),0,=,99,99.0,%,0,CVCL_0589,Myeloid leukemia with maturation,https://adcdb.idrblab.net/data/adc/details/DRG0XOIAM,data/raw/adcdb_idrblab/adc_details/DRG0XOIAM.html
DRG0XOIAM,Anti-KIT NEG024-SMCC-DM1,Investigative,Anti-KIT mAb NEG024,TAR0SDULL,Mast/stem cell growth factor receptor Kit (KIT),PAY0JCIBW,Mertansine DM1,PAY0JCIBW,Microtubule (MT),microtubule-disrupting,Succinimidyl-4-(N-maleimidomethyl)cyclohexane-1-carboxylate (SMCC),ADCC008159,Max inhibition rate (MIR),0,=,99,99.0,%,0,CVCL_1569,Lung small cell carcinoma,https://adcdb.idrblab.net/data/adc/details/DRG0XOIAM,data/raw/adcdb_idrblab/adc_details/DRG0XOIAM.html
DRG0XOIAM,Anti-KIT NEG024-SMCC-DM1,Investigative,Anti-KIT mAb NEG024,TAR0SDULL,Mast/stem cell growth factor receptor Kit (KIT),PAY0JCIBW,Mertansine DM1,PAY0JCIBW,Microtubule (MT),microtubule-disrupting,Succinimidyl-4-(N-maleimidomethyl)cyclohexane-1-carboxylate (SMCC),ADCC008104,Half Maximal Inhibitory Concentration (IC50),1,=,0.02,0.02,nM,1,CVCL_4976,Gastrointestinal stromal tumor,https://adcdb.idrblab.net/data/adc/details/DRG0XOIAM,data/raw/adcdb_idrblab/adc_details/DRG0XOIAM.html
DRG0XOIAM,Anti-KIT NEG024-SMCC-DM1,Investigative,Anti-KIT mAb NEG024,TAR0SDULL,Mast/stem cell growth factor receptor Kit (KIT),PAY0JCIBW,Mertansine DM1,PAY0JCIBW,Microtubule (MT),microtubule-disrupting,Succinimidyl-4-(N-maleimidomethyl)cyclohexane-1-carboxylate (SMCC),ADCC008114,Half Maximal Inhibitory Concentration (IC50),1,=,0.04,0.04,nM,1,CVCL_7040,Gastrointestinal stromal tumor,https://adcdb.idrblab.net/data/adc/details/DRG0XOIAM,data/raw/adcdb_idrblab/adc_details/DRG0XOIAM.html
DRG0XOIAM,Anti-KIT NEG024-SMCC-DM1,Investigative,Anti-KIT mAb NEG024,TAR0SDULL,Mast/stem cell growth factor receptor Kit (KIT),PAY0JCIBW,Mertansine DM1,PAY0JCIBW,Microtubule (MT),microtubule-disrupting,Succinimidyl-4-(N-maleimidomethyl)cyclohexane-1-carboxylate (SMCC),ADCC008119,Half Maximal Inhibitory Concentration (IC50),1,=,0.07,0.07,nM,1,CVCL_1569,Lung small cell carcinoma,https://adcdb.idrblab.net/data/adc/details/DRG0XOIAM,data/raw/adcdb_idrblab/adc_details/DRG0XOIAM.html
DRG0XOIAM,Anti-KIT NEG024-SMCC-DM1,Investigative,Anti-KIT mAb NEG024,TAR0SDULL,Mast/stem cell growth factor receptor Kit (KIT),PAY0JCIBW,Mertansine DM1,PAY0JCIBW,Microtubule (MT),microtubule-disrupting,Succinimidyl-4-(N-maleimidomethyl)cyclohexane-1-carboxylate (SMCC),ADCC008109,Half Maximal Inhibitory Concentration (IC50),1,=,0.72,0.72,nM,1,CVCL_7044,Gastrointestinal stromal tumor,https://adcdb.idrblab.net/data/adc/details/DRG0XOIAM,data/raw/adcdb_idrblab/adc_details/DRG0XOIAM.html
DRG0XOIAM,Anti-KIT NEG024-SMCC-DM1,Investigative,Anti-KIT mAb NEG024,TAR0SDULL,Mast/stem cell growth factor receptor Kit (KIT),PAY0JCIBW,Mertansine DM1,PAY0JCIBW,Microtubule (MT),microtubule-disrupting,Succinimidyl-4-(N-maleimidomethyl)cyclohexane-1-carboxylate (SMCC),ADCC008124,Half Maximal Inhibitory Concentration (IC50),1,=,0.74,0.74,nM,1,CVCL_1453,Lung small cell carcinoma,https://adcdb.idrblab.net/data/adc/details/DRG0XOIAM,data/raw/adcdb_idrblab/adc_details/DRG0XOIAM.html
DRG0XOIAM,Anti-KIT NEG024-SMCC-DM1,Investigative,Anti-KIT mAb NEG024,TAR0SDULL,Mast/stem cell growth factor receptor Kit (KIT),PAY0JCIBW,Mertansine DM1,PAY0JCIBW,Microtubule (MT),microtubule-disrupting,Succinimidyl-4-(N-maleimidomethyl)cyclohexane-1-carboxylate (SMCC),ADCC008129,Half Maximal Inhibitory Concentration (IC50),1,=,5.26,5.26,nM,1,CVCL_0614,Acute myeloid leukemia,https://adcdb.idrblab.net/data/adc/details/DRG0XOIAM,data/raw/adcdb_idrblab/adc_details/DRG0XOIAM.html
DRG0XOIAM,Anti-KIT NEG024-SMCC-DM1,Investigative,Anti-KIT mAb NEG024,TAR0SDULL,Mast/stem cell growth factor receptor Kit (KIT),PAY0JCIBW,Mertansine DM1,PAY0JCIBW,Microtubule (MT),microtubule-disrupting,Succinimidyl-4-(N-maleimidomethyl)cyclohexane-1-carboxylate (SMCC),ADCC008134,Half Maximal Inhibitory Concentration (IC50),1,=,8.49,8.49,nM,1,CVCL_0589,Myeloid leukemia with maturation,https://adcdb.idrblab.net/data/adc/details/DRG0XOIAM,data/raw/adcdb_idrblab/adc_details/DRG0XOIAM.html
DRG0XOIAM,Anti-KIT NEG024-SMCC-DM1,Investigative,Anti-KIT mAb NEG024,TAR0SDULL,Mast/stem cell growth factor receptor Kit (KIT),PAY0JCIBW,Mertansine DM1,PAY0JCIBW,Microtubule (MT),microtubule-disrupting,Succinimidyl-4-(N-maleimidomethyl)cyclohexane-1-carboxylate (SMCC),ADCC008139,Half Maximal Inhibitory Concentration (IC50),1,=,22.77,22.77,nM,1,CVCL_0418,Breast adenocarcinoma,https://adcdb.idrblab.net/data/adc/details/DRG0XOIAM,data/raw/adcdb_idrblab/adc_details/DRG0XOIAM.html
DRG0XOWVF,Mil40-12A,Investigative,Mil40,TAR0THKZD,Receptor tyrosine-protein kinase erbB-2 (HER2),PAY0FSXOW,Monomethyl auristatin E,PAY0FSXOW,Microtubule (MT),microtubule-disrupting,Maleamic methyl ester-based linker 12A,ADCC002429,Half Maximal Inhibitory Concentration (IC50),1,=,0.02,0.02,nM,1,SK-BR-3 cells,Breast adenocarcinoma,https://adcdb.idrblab.net/data/adc/details/DRG0XOWVF,data/raw/adcdb_idrblab/adc_details/DRG0XOWVF.html
DRG0XOWVF,Mil40-12A,Investigative,Mil40,TAR0THKZD,Receptor tyrosine-protein kinase erbB-2 (HER2),PAY0FSXOW,Monomethyl auristatin E,PAY0FSXOW,Microtubule (MT),microtubule-disrupting,Maleamic methyl ester-based linker 12A,ADCC002428,Half Maximal Inhibitory Concentration (IC50),1,=,0.05,0.05,nM,1,NCI-N87 cells,Gastric tubular adenocarcinoma,https://adcdb.idrblab.net/data/adc/details/DRG0XOWVF,data/raw/adcdb_idrblab/adc_details/DRG0XOWVF.html
DRG0XOWVF,Mil40-12A,Investigative,Mil40,TAR0THKZD,Receptor tyrosine-protein kinase erbB-2 (HER2),PAY0FSXOW,Monomethyl auristatin E,PAY0FSXOW,Microtubule (MT),microtubule-disrupting,Maleamic methyl ester-based linker 12A,ADCC002427,Half Maximal Inhibitory Concentration (IC50),1,=,0.09,0.09,nM,1,BT-474 cells,Invasive breast carcinoma,https://adcdb.idrblab.net/data/adc/details/DRG0XOWVF,data/raw/adcdb_idrblab/adc_details/DRG0XOWVF.html
DRG0XOWVF,Mil40-12A,Investigative,Mil40,TAR0THKZD,Receptor tyrosine-protein kinase erbB-2 (HER2),PAY0FSXOW,Monomethyl auristatin E,PAY0FSXOW,Microtubule (MT),microtubule-disrupting,Maleamic methyl ester-based linker 12A,ADCC002430,Half Maximal Inhibitory Concentration (IC50),1,=,0.22,0.22,nM,1,SK-OV-3 cells,Ovarian serous cystadenocarcinoma,https://adcdb.idrblab.net/data/adc/details/DRG0XOWVF,data/raw/adcdb_idrblab/adc_details/DRG0XOWVF.html
DRG0XOWVF,Mil40-12A,Investigative,Mil40,TAR0THKZD,Receptor tyrosine-protein kinase erbB-2 (HER2),PAY0FSXOW,Monomethyl auristatin E,PAY0FSXOW,Microtubule (MT),microtubule-disrupting,Maleamic methyl ester-based linker 12A,ADCC002431,Half Maximal Inhibitory Concentration (IC50),1,=,23.31,23.31,nM,1,MCF-7 cells,Invasive breast carcinoma,https://adcdb.idrblab.net/data/adc/details/DRG0XOWVF,data/raw/adcdb_idrblab/adc_details/DRG0XOWVF.html
DRG0XOWVF,Mil40-12A,Investigative,Mil40,TAR0THKZD,Receptor tyrosine-protein kinase erbB-2 (HER2),PAY0FSXOW,Monomethyl auristatin E,PAY0FSXOW,Microtubule (MT),microtubule-disrupting,Maleamic methyl ester-based linker 12A,ADCC002432,Half Maximal Inhibitory Concentration (IC50),1,=,24.14,24.14,nM,1,MDA-MB-468 cells,Breast adenocarcinoma,https://adcdb.idrblab.net/data/adc/details/DRG0XOWVF,data/raw/adcdb_idrblab/adc_details/DRG0XOWVF.html
DRG0XRKKA,Anti-FGFR2/4 mAb-12425 SPDB-DM4,Investigative,Anti-FGFR2/4 mAb 12425,TAR0ODKQM,Fibroblast growth factor receptor 2 (FGFR2); Fibroblast growth factor receptor 4 (FGFR4),PAY0GTSVM,Mertansine DM4,PAY0GTSVM,Microtubule (MT),microtubule-disrupting,N-succinimidyl 4-(2-pyridyldithio) butanoate (SPDB),ADCC008323,Half Maximal Inhibitory Concentration (IC50),1,=,0.04,0.04,nM,1,CVCL_0076,Gastric adenocarcinoma,https://adcdb.idrblab.net/data/adc/details/DRG0XRKKA,data/raw/adcdb_idrblab/adc_details/DRG0XRKKA.html
DRG0YBEES,Anti-TNF ADC 120,Investigative,Anti-TNF mAb alpha-TNF,TAR0DEDPZ,Tumor necrosis factor receptor superfamily member 1A (TNFRSF1A),PAY0XMOKS,GRM cpd 5,PAY0XMOKS,Glucocorticoid receptor (NR3C1),Other,MP-Ala-Ala,ADCC001895,Half Maximal Effective Concentration (EC50),1,=,0.03,0.03,ug/mL,0,K-562 cells (TNF expression),Chronic myelogenous leukemia,https://adcdb.idrblab.net/data/adc/details/DRG0YBEES,data/raw/adcdb_idrblab/adc_details/DRG0YBEES.html
DRG0YBEES,Anti-TNF ADC 120,Investigative,Anti-TNF mAb alpha-TNF,TAR0DEDPZ,Tumor necrosis factor receptor superfamily member 1A (TNFRSF1A),PAY0XMOKS,GRM cpd 5,PAY0XMOKS,Glucocorticoid receptor (NR3C1),Other,MP-Ala-Ala,ADCC001896,Half Maximal Effective Concentration (EC50),1,=,8.5,8.5,ug/mL,0,K-562 cells,Chronic myelogenous leukemia,https://adcdb.idrblab.net/data/adc/details/DRG0YBEES,data/raw/adcdb_idrblab/adc_details/DRG0YBEES.html
DRG0YFDWE,Anti-TNF ADC 113,Investigative,Anti-TNF mAb alpha-TNF,TAR0DEDPZ,Tumor necrosis factor receptor superfamily member 1A (TNFRSF1A),PAY0ECADG,GRM cpd 25,PAY0ECADG,Glucocorticoid receptor (NR3C1),Other,MP-Ala-Ala,ADCC001881,Half Maximal Effective Concentration (EC50),1,=,0.2,0.2,ug/mL,0,K-562 cells (TNF expression),Chronic myelogenous leukemia,https://adcdb.idrblab.net/data/adc/details/DRG0YFDWE,data/raw/adcdb_idrblab/adc_details/DRG0YFDWE.html
DRG0YFDWE,Anti-TNF ADC 113,Investigative,Anti-TNF mAb alpha-TNF,TAR0DEDPZ,Tumor necrosis factor receptor superfamily member 1A (TNFRSF1A),PAY0ECADG,GRM cpd 25,PAY0ECADG,Glucocorticoid receptor (NR3C1),Other,MP-Ala-Ala,ADCC001882,Half Maximal Effective Concentration (EC50),1,=,3.1,3.1,ug/mL,0,K-562 cells,Chronic myelogenous leukemia,https://adcdb.idrblab.net/data/adc/details/DRG0YFDWE,data/raw/adcdb_idrblab/adc_details/DRG0YFDWE.html
DRG0YFUMC,Tras-Gly5-EDA-Dox,Investigative,Trastuzumab,TAR0THKZD,Receptor tyrosine-protein kinase erbB-2 (HER2),PAY0DYTCC,Doxorubicin,PAY0DYTCC,DNA topoisomerase 2-alpha (TOP2A),DNA-damaging,Gly5-EDA,ADCC002523,Half Maximal Inhibitory Concentration (IC50),1,=,2.8,2.8,ng/mL,0,SK-BR-3 cells,Breast adenocarcinoma,https://adcdb.idrblab.net/data/adc/details/DRG0YFUMC,data/raw/adcdb_idrblab/adc_details/DRG0YFUMC.html
DRG0YQKRG,IMAB362-MC-Val-Cit-PAB-MMAE,Investigative,IMAB362,TAR0IBZAS,Claudin-18.2 (CLDN18.2),PAY0FSXOW,Monomethyl auristatin E,PAY0FSXOW,Microtubule (MT),microtubule-disrupting,Mc-Val-Cit-PABC,ADCC004324,Half Maximal Inhibitory Concentration (IC50),1,=,501,501.0,ng/mL,0,NCI-N87 cells,Gastric tubular adenocarcinoma,https://adcdb.idrblab.net/data/adc/details/DRG0YQKRG,data/raw/adcdb_idrblab/adc_details/DRG0YQKRG.html
DRG0ZBHUT,Anti-TNF ADC 114,Investigative,Anti-TNF mAb alpha-TNF,TAR0DEDPZ,Tumor necrosis factor receptor superfamily member 1A (TNFRSF1A),PAY0QBKLZ,GRM cpd 26,PAY0QBKLZ,Glucocorticoid receptor (NR3C1),Other,MP-Ala-Ala,ADCC001883,Half Maximal Effective Concentration (EC50),1,=,0.12,0.12,ug/mL,0,K-562 cells (TNF expression),Chronic myelogenous leukemia,https://adcdb.idrblab.net/data/adc/details/DRG0ZBHUT,data/raw/adcdb_idrblab/adc_details/DRG0ZBHUT.html
DRG0ZBHUT,Anti-TNF ADC 114,Investigative,Anti-TNF mAb alpha-TNF,TAR0DEDPZ,Tumor necrosis factor receptor superfamily member 1A (TNFRSF1A),PAY0QBKLZ,GRM cpd 26,PAY0QBKLZ,Glucocorticoid receptor (NR3C1),Other,MP-Ala-Ala,ADCC001884,Half Maximal Effective Concentration (EC50),1,>,> 50,50.0,ug/mL,0,K-562 cells,Chronic myelogenous leukemia,https://adcdb.idrblab.net/data/adc/details/DRG0ZBHUT,data/raw/adcdb_idrblab/adc_details/DRG0ZBHUT.html
DRG0ZBRFQ,H04L02-DXd,Investigative,Anti-CDH6 mAb H04L02,TAR0SOZLV,Cadherin-6 (CDH6),PAY0UXDSB,DX-8951 derivative (DXd),PAY0UXDSB,DNA topoisomerase 1 (TOP1),Topo-I inhibitor,Mc-Gly-Gly-Phe-Gly,ADCC007055,Half Maximal Inhibitory Concentration (IC50),1,=,0.10-1.00,0.1,nM,1,CVCL_0479,Ovarian mixed germ cell tumor,https://adcdb.idrblab.net/data/adc/details/DRG0ZBRFQ,data/raw/adcdb_idrblab/adc_details/DRG0ZBRFQ.html
DRG0ZIJNR,Milatuzumab doxorubicin,Phase 1/2 (discontinued),Milatuzumab,TAR0KVKEF,HLA class II histocompatibility antigen gamma chain (CD74),PAY0DYTCC,Doxorubicin,PAY0DYTCC,DNA topoisomerase 2-alpha (TOP2A),DNA-damaging,SMCC-hydrazide,ADCC001859,Half Maximal Inhibitory Concentration (IC50),1,=,0.8,0.8,uM,1,Raji cells,EBV-related Burkitt lymphoma,https://adcdb.idrblab.net/data/adc/details/DRG0ZIJNR,data/raw/adcdb_idrblab/adc_details/DRG0ZIJNR.html
DRG0ZIJNR,Milatuzumab doxorubicin,Phase 1/2 (discontinued),Milatuzumab,TAR0KVKEF,HLA class II histocompatibility antigen gamma chain (CD74),PAY0DYTCC,Doxorubicin,PAY0DYTCC,DNA topoisomerase 2-alpha (TOP2A),DNA-damaging,SMCC-hydrazide,ADCC001858,Half Maximal Inhibitory Concentration (IC50),1,=,0.9,0.9,uM,1,MC/CAR cells,Normal,https://adcdb.idrblab.net/data/adc/details/DRG0ZIJNR,data/raw/adcdb_idrblab/adc_details/DRG0ZIJNR.html
DRG0ZIJNR,Milatuzumab doxorubicin,Phase 1/2 (discontinued),Milatuzumab,TAR0KVKEF,HLA class II histocompatibility antigen gamma chain (CD74),PAY0DYTCC,Doxorubicin,PAY0DYTCC,DNA topoisomerase 2-alpha (TOP2A),DNA-damaging,SMCC-hydrazide,ADCC001860,Half Maximal Inhibitory Concentration (IC50),1,=,1.5,1.5,uM,1,Daudi cells,Burkitt lymphoma,https://adcdb.idrblab.net/data/adc/details/DRG0ZIJNR,data/raw/adcdb_idrblab/adc_details/DRG0ZIJNR.html
DRG0ZKEKI,Trastuzumab-Flexmab-SG3710,Investigative,Trastuzumab-Flexmab,TAR0THKZD,Receptor tyrosine-protein kinase erbB-2 (HER2),PAY0LZRXU,SG3199,PAY0LZRXU,Human Deoxyribonucleic acid (hDNA),DNA-damaging,Mal-PEG8-Val-Ala-PABC,ADCC001415,Half Maximal Inhibitory Concentration (IC50),1,=,35.5,35.5,pM,1,SK-BR-3 cells,Breast adenocarcinoma,https://adcdb.idrblab.net/data/adc/details/DRG0ZKEKI,data/raw/adcdb_idrblab/adc_details/DRG0ZKEKI.html
DRG0ZRDFG,Brentuximab-PNUEDAGly5,Investigative,Brentuximab,TAR0QPCSQ,Tumor necrosis factor receptor superfamily member 8 (TNFRSF8),PAY0WKBCR,PNU-159682,PAY0WKBCR,DNA topoisomerase 2-alpha (TOP2A),DNA-damaging,LPETG-Gly5-EDA,ADCC003377,Half Maximal Effective Concentration (EC50),1,=,4.8,4.8,ng/mL,0,SK-BR-3 cells,Breast adenocarcinoma,https://adcdb.idrblab.net/data/adc/details/DRG0ZRDFG,data/raw/adcdb_idrblab/adc_details/DRG0ZRDFG.html
DRG0ZRDFG,Brentuximab-PNUEDAGly5,Investigative,Brentuximab,TAR0QPCSQ,Tumor necrosis factor receptor superfamily member 8 (TNFRSF8),PAY0WKBCR,PNU-159682,PAY0WKBCR,DNA topoisomerase 2-alpha (TOP2A),DNA-damaging,LPETG-Gly5-EDA,ADCC003378,Half Maximal Effective Concentration (EC50),1,=,11,11.0,ng/mL,0,T-47D cells,Invasive breast carcinoma,https://adcdb.idrblab.net/data/adc/details/DRG0ZRDFG,data/raw/adcdb_idrblab/adc_details/DRG0ZRDFG.html
DRG0ZXCSM,Trastuzumab-RSL3-NH2,Investigative,Trastuzumab,TAR0THKZD,Receptor tyrosine-protein kinase erbB-2 (HER2),PAY0NNLXO,RSL3-NH2,PAY0NNLXO,Phospholipid hydroperoxide glutathione peroxidase (GPX4),Other,Mal-PEG4-DBCO-Ala-Val,ADCC000583,Half Maximal Inhibitory Concentration (IC50),1,=,100,100.0,nM,1,BT-474 cells,Invasive breast carcinoma,https://adcdb.idrblab.net/data/adc/details/DRG0ZXCSM,data/raw/adcdb_idrblab/adc_details/DRG0ZXCSM.html
