adc_id,adc_name,drug_status,antibody_name,antigen_id,antigen_name,payload_id,payload_name,payload_identity,payload_target,payload_mechanism,linker_name,cell_line,disease_model,value_nM_min,label_10nM,source_activity_rows,has_conflicting_10nM_labels,source_activity_ids,source_url,cell_antigen_context
DRG0CXFTH,Serclutamab talirine,Phase 1 (discontinued),Serclutamab,TAR0UYFIF,Epidermal growth factor receptor (EGFR),PAY0AKDAM,SGD-1882,PAY0AKDAM,Human deoxyribonucleic acid (hDNA),DNA-damaging,Mc-Val-Ala,A-172 cells,Glioblastoma,23.2,0,1,0,ADCC001058,https://adcdb.idrblab.net/data/adc/details/DRG0CXFTH,A-172 cells || Epidermal growth factor receptor (EGFR)
DRG0CXFTH,Serclutamab talirine,Phase 1 (discontinued),Serclutamab,TAR0UYFIF,Epidermal growth factor receptor (EGFR),PAY0AKDAM,SGD-1882,PAY0AKDAM,Human deoxyribonucleic acid (hDNA),DNA-damaging,Mc-Val-Ala,CHLA-03-AA cells,Anaplastic astrocytoma,4.8,1,1,0,ADCC001071,https://adcdb.idrblab.net/data/adc/details/DRG0CXFTH,CHLA-03-AA cells || Epidermal growth factor receptor (EGFR)
DRG0CXFTH,Serclutamab talirine,Phase 1 (discontinued),Serclutamab,TAR0UYFIF,Epidermal growth factor receptor (EGFR),PAY0AKDAM,SGD-1882,PAY0AKDAM,Human deoxyribonucleic acid (hDNA),DNA-damaging,Mc-Val-Ala,COLO 201 cells,Colon adenocarcinoma,2.6,1,1,0,ADCC001082,https://adcdb.idrblab.net/data/adc/details/DRG0CXFTH,COLO 201 cells || Epidermal growth factor receptor (EGFR)
DRG0CXFTH,Serclutamab talirine,Phase 1 (discontinued),Serclutamab,TAR0UYFIF,Epidermal growth factor receptor (EGFR),PAY0AKDAM,SGD-1882,PAY0AKDAM,Human deoxyribonucleic acid (hDNA),DNA-damaging,Mc-Val-Ala,COLO 205 cells,Colon adenocarcinoma,3.3,1,1,0,ADCC001097,https://adcdb.idrblab.net/data/adc/details/DRG0CXFTH,COLO 205 cells || Epidermal growth factor receptor (EGFR)
DRG0CXFTH,Serclutamab talirine,Phase 1 (discontinued),Serclutamab,TAR0UYFIF,Epidermal growth factor receptor (EGFR),PAY0AKDAM,SGD-1882,PAY0AKDAM,Human deoxyribonucleic acid (hDNA),DNA-damaging,Mc-Val-Ala,COLO 320DM cells,Colon adenocarcinoma,17.6,0,1,0,ADCC001100,https://adcdb.idrblab.net/data/adc/details/DRG0CXFTH,COLO 320DM cells || Epidermal growth factor receptor (EGFR)
DRG0CXFTH,Serclutamab talirine,Phase 1 (discontinued),Serclutamab,TAR0UYFIF,Epidermal growth factor receptor (EGFR),PAY0AKDAM,SGD-1882,PAY0AKDAM,Human deoxyribonucleic acid (hDNA),DNA-damaging,Mc-Val-Ala,COLO 320HSR cells,Colon adenocarcinoma,24.9,0,1,0,ADCC001098,https://adcdb.idrblab.net/data/adc/details/DRG0CXFTH,COLO 320HSR cells || Epidermal growth factor receptor (EGFR)
DRG0CXFTH,Serclutamab talirine,Phase 1 (discontinued),Serclutamab,TAR0UYFIF,Epidermal growth factor receptor (EGFR),PAY0AKDAM,SGD-1882,PAY0AKDAM,Human deoxyribonucleic acid (hDNA),DNA-damaging,Mc-Val-Ala,Caco-2 cells,Colon adenocarcinoma,13.9,0,1,0,ADCC001092,https://adcdb.idrblab.net/data/adc/details/DRG0CXFTH,Caco-2 cells || Epidermal growth factor receptor (EGFR)
DRG0CXFTH,Serclutamab talirine,Phase 1 (discontinued),Serclutamab,TAR0UYFIF,Epidermal growth factor receptor (EGFR),PAY0AKDAM,SGD-1882,PAY0AKDAM,Human deoxyribonucleic acid (hDNA),DNA-damaging,Mc-Val-Ala,DBTRG-05MG cells,Anaplastic astrocytoma,18,0,1,0,ADCC001066,https://adcdb.idrblab.net/data/adc/details/DRG0CXFTH,DBTRG-05MG cells || Epidermal growth factor receptor (EGFR)
DRG0CXFTH,Serclutamab talirine,Phase 1 (discontinued),Serclutamab,TAR0UYFIF,Epidermal growth factor receptor (EGFR),PAY0AKDAM,SGD-1882,PAY0AKDAM,Human deoxyribonucleic acid (hDNA),DNA-damaging,Mc-Val-Ala,DLD-1 cells,Colon adenocarcinoma,9,1,1,0,ADCC001080,https://adcdb.idrblab.net/data/adc/details/DRG0CXFTH,DLD-1 cells || Epidermal growth factor receptor (EGFR)
DRG0CXFTH,Serclutamab talirine,Phase 1 (discontinued),Serclutamab,TAR0UYFIF,Epidermal growth factor receptor (EGFR),PAY0AKDAM,SGD-1882,PAY0AKDAM,Human deoxyribonucleic acid (hDNA),DNA-damaging,Mc-Val-Ala,HCT 116 cells,Colon carcinoma,12,0,1,0,ADCC001081,https://adcdb.idrblab.net/data/adc/details/DRG0CXFTH,HCT 116 cells || Epidermal growth factor receptor (EGFR)
DRG0CXFTH,Serclutamab talirine,Phase 1 (discontinued),Serclutamab,TAR0UYFIF,Epidermal growth factor receptor (EGFR),PAY0AKDAM,SGD-1882,PAY0AKDAM,Human deoxyribonucleic acid (hDNA),DNA-damaging,Mc-Val-Ala,HCT 15 cells,Colon adenocarcinoma,28.4,0,1,0,ADCC001088,https://adcdb.idrblab.net/data/adc/details/DRG0CXFTH,HCT 15 cells || Epidermal growth factor receptor (EGFR)
DRG0CXFTH,Serclutamab talirine,Phase 1 (discontinued),Serclutamab,TAR0UYFIF,Epidermal growth factor receptor (EGFR),PAY0AKDAM,SGD-1882,PAY0AKDAM,Human deoxyribonucleic acid (hDNA),DNA-damaging,Mc-Val-Ala,HT29 cells,Colon cancer,1.5,1,1,0,ADCC001086,https://adcdb.idrblab.net/data/adc/details/DRG0CXFTH,HT29 cells || Epidermal growth factor receptor (EGFR)
DRG0CXFTH,Serclutamab talirine,Phase 1 (discontinued),Serclutamab,TAR0UYFIF,Epidermal growth factor receptor (EGFR),PAY0AKDAM,SGD-1882,PAY0AKDAM,Human deoxyribonucleic acid (hDNA),DNA-damaging,Mc-Val-Ala,LN-18 cells,Glioblastoma,8.4,1,1,0,ADCC001062,https://adcdb.idrblab.net/data/adc/details/DRG0CXFTH,LN-18 cells || Epidermal growth factor receptor (EGFR)
DRG0CXFTH,Serclutamab talirine,Phase 1 (discontinued),Serclutamab,TAR0UYFIF,Epidermal growth factor receptor (EGFR),PAY0AKDAM,SGD-1882,PAY0AKDAM,Human deoxyribonucleic acid (hDNA),DNA-damaging,Mc-Val-Ala,LS1034 cells,Cecum adenocarcinoma,9.5,1,1,0,ADCC001095,https://adcdb.idrblab.net/data/adc/details/DRG0CXFTH,LS1034 cells || Epidermal growth factor receptor (EGFR)
DRG0CXFTH,Serclutamab talirine,Phase 1 (discontinued),Serclutamab,TAR0UYFIF,Epidermal growth factor receptor (EGFR),PAY0AKDAM,SGD-1882,PAY0AKDAM,Human deoxyribonucleic acid (hDNA),DNA-damaging,Mc-Val-Ala,LS174T cells,Colon adenocarcinoma,1,1,1,0,ADCC001089,https://adcdb.idrblab.net/data/adc/details/DRG0CXFTH,LS174T cells || Epidermal growth factor receptor (EGFR)
DRG0CXFTH,Serclutamab talirine,Phase 1 (discontinued),Serclutamab,TAR0UYFIF,Epidermal growth factor receptor (EGFR),PAY0AKDAM,SGD-1882,PAY0AKDAM,Human deoxyribonucleic acid (hDNA),DNA-damaging,Mc-Val-Ala,LoVo cells,Colon adenocarcinoma,0.7,1,1,0,ADCC001083,https://adcdb.idrblab.net/data/adc/details/DRG0CXFTH,LoVo cells || Epidermal growth factor receptor (EGFR)
DRG0CXFTH,Serclutamab talirine,Phase 1 (discontinued),Serclutamab,TAR0UYFIF,Epidermal growth factor receptor (EGFR),PAY0AKDAM,SGD-1882,PAY0AKDAM,Human deoxyribonucleic acid (hDNA),DNA-damaging,Mc-Val-Ala,M059J cells,Glioblastoma,2.8,1,1,0,ADCC001060,https://adcdb.idrblab.net/data/adc/details/DRG0CXFTH,M059J cells || Epidermal growth factor receptor (EGFR)
DRG0CXFTH,Serclutamab talirine,Phase 1 (discontinued),Serclutamab,TAR0UYFIF,Epidermal growth factor receptor (EGFR),PAY0AKDAM,SGD-1882,PAY0AKDAM,Human deoxyribonucleic acid (hDNA),DNA-damaging,Mc-Val-Ala,M059K cells,Glioblastoma,1.5,1,1,0,ADCC001061,https://adcdb.idrblab.net/data/adc/details/DRG0CXFTH,M059K cells || Epidermal growth factor receptor (EGFR)
DRG0CXFTH,Serclutamab talirine,Phase 1 (discontinued),Serclutamab,TAR0UYFIF,Epidermal growth factor receptor (EGFR),PAY0AKDAM,SGD-1882,PAY0AKDAM,Human deoxyribonucleic acid (hDNA),DNA-damaging,Mc-Val-Ala,PFSK-1 cells,Primitive neuroectodermal tumor,1.9,1,1,0,ADCC001072,https://adcdb.idrblab.net/data/adc/details/DRG0CXFTH,PFSK-1 cells || Epidermal growth factor receptor (EGFR)
DRG0CXFTH,Serclutamab talirine,Phase 1 (discontinued),Serclutamab,TAR0UYFIF,Epidermal growth factor receptor (EGFR),PAY0AKDAM,SGD-1882,PAY0AKDAM,Human deoxyribonucleic acid (hDNA),DNA-damaging,Mc-Val-Ala,RKO cells,Colon carcinoma,4.7,1,1,0,ADCC001093,https://adcdb.idrblab.net/data/adc/details/DRG0CXFTH,RKO cells || Epidermal growth factor receptor (EGFR)
DRG0CXFTH,Serclutamab talirine,Phase 1 (discontinued),Serclutamab,TAR0UYFIF,Epidermal growth factor receptor (EGFR),PAY0AKDAM,SGD-1882,PAY0AKDAM,Human deoxyribonucleic acid (hDNA),DNA-damaging,Mc-Val-Ala,SF268 cells,Astrocytoma,1.4,1,1,0,ADCC001063,https://adcdb.idrblab.net/data/adc/details/DRG0CXFTH,SF268 cells || Epidermal growth factor receptor (EGFR)
DRG0CXFTH,Serclutamab talirine,Phase 1 (discontinued),Serclutamab,TAR0UYFIF,Epidermal growth factor receptor (EGFR),PAY0AKDAM,SGD-1882,PAY0AKDAM,Human deoxyribonucleic acid (hDNA),DNA-damaging,Mc-Val-Ala,SF539 cells,Gliosarcoma,2.5,1,1,0,ADCC001064,https://adcdb.idrblab.net/data/adc/details/DRG0CXFTH,SF539 cells || Epidermal growth factor receptor (EGFR)
DRG0CXFTH,Serclutamab talirine,Phase 1 (discontinued),Serclutamab,TAR0UYFIF,Epidermal growth factor receptor (EGFR),PAY0AKDAM,SGD-1882,PAY0AKDAM,Human deoxyribonucleic acid (hDNA),DNA-damaging,Mc-Val-Ala,SK-CO-1 cells,Colon adenocarcinoma,1.1,1,1,0,ADCC001090,https://adcdb.idrblab.net/data/adc/details/DRG0CXFTH,SK-CO-1 cells || Epidermal growth factor receptor (EGFR)
DRG0CXFTH,Serclutamab talirine,Phase 1 (discontinued),Serclutamab,TAR0UYFIF,Epidermal growth factor receptor (EGFR),PAY0AKDAM,SGD-1882,PAY0AKDAM,Human deoxyribonucleic acid (hDNA),DNA-damaging,Mc-Val-Ala,SNB-19 cells,Astrocytoma,3.7,1,1,0,ADCC001065,https://adcdb.idrblab.net/data/adc/details/DRG0CXFTH,SNB-19 cells || Epidermal growth factor receptor (EGFR)
DRG0CXFTH,Serclutamab talirine,Phase 1 (discontinued),Serclutamab,TAR0UYFIF,Epidermal growth factor receptor (EGFR),PAY0AKDAM,SGD-1882,PAY0AKDAM,Human deoxyribonucleic acid (hDNA),DNA-damaging,Mc-Val-Ala,SNB-75 cells,Glioblastoma,10.6,0,1,0,ADCC001070,https://adcdb.idrblab.net/data/adc/details/DRG0CXFTH,SNB-75 cells || Epidermal growth factor receptor (EGFR)
DRG0CXFTH,Serclutamab talirine,Phase 1 (discontinued),Serclutamab,TAR0UYFIF,Epidermal growth factor receptor (EGFR),PAY0AKDAM,SGD-1882,PAY0AKDAM,Human deoxyribonucleic acid (hDNA),DNA-damaging,Mc-Val-Ala,SW1116 cells,Colon adenocarcinoma,4.6,1,1,0,ADCC001084,https://adcdb.idrblab.net/data/adc/details/DRG0CXFTH,SW1116 cells || Epidermal growth factor receptor (EGFR)
DRG0CXFTH,Serclutamab talirine,Phase 1 (discontinued),Serclutamab,TAR0UYFIF,Epidermal growth factor receptor (EGFR),PAY0AKDAM,SGD-1882,PAY0AKDAM,Human deoxyribonucleic acid (hDNA),DNA-damaging,Mc-Val-Ala,SW1463 cells,Rectal adenocarcinoma,4.8,1,1,0,ADCC001096,https://adcdb.idrblab.net/data/adc/details/DRG0CXFTH,SW1463 cells || Epidermal growth factor receptor (EGFR)
DRG0CXFTH,Serclutamab talirine,Phase 1 (discontinued),Serclutamab,TAR0UYFIF,Epidermal growth factor receptor (EGFR),PAY0AKDAM,SGD-1882,PAY0AKDAM,Human deoxyribonucleic acid (hDNA),DNA-damaging,Mc-Val-Ala,SW403 cells,Colon adenocarcinoma,1.8,1,1,0,ADCC001094,https://adcdb.idrblab.net/data/adc/details/DRG0CXFTH,SW403 cells || Epidermal growth factor receptor (EGFR)
DRG0CXFTH,Serclutamab talirine,Phase 1 (discontinued),Serclutamab,TAR0UYFIF,Epidermal growth factor receptor (EGFR),PAY0AKDAM,SGD-1882,PAY0AKDAM,Human deoxyribonucleic acid (hDNA),DNA-damaging,Mc-Val-Ala,SW48 cells,Colon adenocarcinoma,0.015,1,1,0,ADCC001079,https://adcdb.idrblab.net/data/adc/details/DRG0CXFTH,SW48 cells || Epidermal growth factor receptor (EGFR)
DRG0CXFTH,Serclutamab talirine,Phase 1 (discontinued),Serclutamab,TAR0UYFIF,Epidermal growth factor receptor (EGFR),PAY0AKDAM,SGD-1882,PAY0AKDAM,Human deoxyribonucleic acid (hDNA),DNA-damaging,Mc-Val-Ala,SW480 cells,Colon adenocarcinoma,8,1,1,0,ADCC001087,https://adcdb.idrblab.net/data/adc/details/DRG0CXFTH,SW480 cells || Epidermal growth factor receptor (EGFR)
DRG0CXFTH,Serclutamab talirine,Phase 1 (discontinued),Serclutamab,TAR0UYFIF,Epidermal growth factor receptor (EGFR),PAY0AKDAM,SGD-1882,PAY0AKDAM,Human deoxyribonucleic acid (hDNA),DNA-damaging,Mc-Val-Ala,SW620 cells,Colon adenocarcinoma,4.3,1,1,0,ADCC001099,https://adcdb.idrblab.net/data/adc/details/DRG0CXFTH,SW620 cells || Epidermal growth factor receptor (EGFR)
DRG0CXFTH,Serclutamab talirine,Phase 1 (discontinued),Serclutamab,TAR0UYFIF,Epidermal growth factor receptor (EGFR),PAY0AKDAM,SGD-1882,PAY0AKDAM,Human deoxyribonucleic acid (hDNA),DNA-damaging,Mc-Val-Ala,T84 cells,Colon adenocarcinoma,11.8,0,1,0,ADCC001091,https://adcdb.idrblab.net/data/adc/details/DRG0CXFTH,T84 cells || Epidermal growth factor receptor (EGFR)
DRG0CXFTH,Serclutamab talirine,Phase 1 (discontinued),Serclutamab,TAR0UYFIF,Epidermal growth factor receptor (EGFR),PAY0AKDAM,SGD-1882,PAY0AKDAM,Human deoxyribonucleic acid (hDNA),DNA-damaging,Mc-Val-Ala,T98G cells,Glioblastoma,14.5,0,1,0,ADCC001059,https://adcdb.idrblab.net/data/adc/details/DRG0CXFTH,T98G cells || Epidermal growth factor receptor (EGFR)
DRG0CXFTH,Serclutamab talirine,Phase 1 (discontinued),Serclutamab,TAR0UYFIF,Epidermal growth factor receptor (EGFR),PAY0AKDAM,SGD-1882,PAY0AKDAM,Human deoxyribonucleic acid (hDNA),DNA-damaging,Mc-Val-Ala,U-138MG cells,Astrocytoma,16.1,0,1,0,ADCC001069,https://adcdb.idrblab.net/data/adc/details/DRG0CXFTH,U-138MG cells || Epidermal growth factor receptor (EGFR)
DRG0CXFTH,Serclutamab talirine,Phase 1 (discontinued),Serclutamab,TAR0UYFIF,Epidermal growth factor receptor (EGFR),PAY0AKDAM,SGD-1882,PAY0AKDAM,Human deoxyribonucleic acid (hDNA),DNA-damaging,Mc-Val-Ala,U-251MG cells,Astrocytoma,0.7,1,1,0,ADCC001068,https://adcdb.idrblab.net/data/adc/details/DRG0CXFTH,U-251MG cells || Epidermal growth factor receptor (EGFR)
DRG0CXFTH,Serclutamab talirine,Phase 1 (discontinued),Serclutamab,TAR0UYFIF,Epidermal growth factor receptor (EGFR),PAY0AKDAM,SGD-1882,PAY0AKDAM,Human deoxyribonucleic acid (hDNA),DNA-damaging,Mc-Val-Ala,U-87 MGvIII cells,Glioblastoma,0.23,1,1,0,ADCC001057,https://adcdb.idrblab.net/data/adc/details/DRG0CXFTH,U-87 MGvIII cells || Epidermal growth factor receptor (EGFR)
DRG0CXFTH,Serclutamab talirine,Phase 1 (discontinued),Serclutamab,TAR0UYFIF,Epidermal growth factor receptor (EGFR),PAY0AKDAM,SGD-1882,PAY0AKDAM,Human deoxyribonucleic acid (hDNA),DNA-damaging,Mc-Val-Ala,U-87MG cells,Glioblastoma,4.6,1,1,0,ADCC001067,https://adcdb.idrblab.net/data/adc/details/DRG0CXFTH,U-87MG cells || Epidermal growth factor receptor (EGFR)
DRG0CXFTH,Serclutamab talirine,Phase 1 (discontinued),Serclutamab,TAR0UYFIF,Epidermal growth factor receptor (EGFR),PAY0AKDAM,SGD-1882,PAY0AKDAM,Human deoxyribonucleic acid (hDNA),DNA-damaging,Mc-Val-Ala,WiDr cells,Colon adenocarcinoma,5.5,1,1,0,ADCC001085,https://adcdb.idrblab.net/data/adc/details/DRG0CXFTH,WiDr cells || Epidermal growth factor receptor (EGFR)
DRG0ZIJNR,Milatuzumab doxorubicin,Phase 1/2 (discontinued),Milatuzumab,TAR0KVKEF,HLA class II histocompatibility antigen gamma chain (CD74),PAY0DYTCC,Doxorubicin,PAY0DYTCC,DNA topoisomerase 2-alpha (TOP2A),DNA-damaging,SMCC-hydrazide,Daudi cells,Burkitt lymphoma,1500,0,1,0,ADCC001860,https://adcdb.idrblab.net/data/adc/details/DRG0ZIJNR,Daudi cells || HLA class II histocompatibility antigen gamma chain (CD74)
DRG0ZIJNR,Milatuzumab doxorubicin,Phase 1/2 (discontinued),Milatuzumab,TAR0KVKEF,HLA class II histocompatibility antigen gamma chain (CD74),PAY0DYTCC,Doxorubicin,PAY0DYTCC,DNA topoisomerase 2-alpha (TOP2A),DNA-damaging,SMCC-hydrazide,MC/CAR cells,Normal,900,0,1,0,ADCC001858,https://adcdb.idrblab.net/data/adc/details/DRG0ZIJNR,MC/CAR cells || HLA class II histocompatibility antigen gamma chain (CD74)
DRG0ZIJNR,Milatuzumab doxorubicin,Phase 1/2 (discontinued),Milatuzumab,TAR0KVKEF,HLA class II histocompatibility antigen gamma chain (CD74),PAY0DYTCC,Doxorubicin,PAY0DYTCC,DNA topoisomerase 2-alpha (TOP2A),DNA-damaging,SMCC-hydrazide,Raji cells,EBV-related Burkitt lymphoma,800,0,1,0,ADCC001859,https://adcdb.idrblab.net/data/adc/details/DRG0ZIJNR,Raji cells || HLA class II histocompatibility antigen gamma chain (CD74)
DRG0DNWSM,ABT-700 (S238C)-PBD,Investigative,Telisotuzumab,TAR0AIJKM,Hepatocyte growth factor receptor (MET),PAY0IJSCK,PBD dimer,PAY0IJSCK,Human Deoxyribonucleic acid (hDNA),DNA-damaging,Mc-Val-Ala,A-172 cells,Glioblastoma,67,0,1,0,ADCC002769,https://adcdb.idrblab.net/data/adc/details/DRG0DNWSM,A-172 cells || Hepatocyte growth factor receptor (MET)
DRG0DNWSM,ABT-700 (S238C)-PBD,Investigative,Telisotuzumab,TAR0AIJKM,Hepatocyte growth factor receptor (MET),PAY0IJSCK,PBD dimer,PAY0IJSCK,Human Deoxyribonucleic acid (hDNA),DNA-damaging,Mc-Val-Ala,A-549 cells,Lung adenocarcinoma,0.1,1,1,0,ADCC002729,https://adcdb.idrblab.net/data/adc/details/DRG0DNWSM,A-549 cells || Hepatocyte growth factor receptor (MET)
DRG0DNWSM,ABT-700 (S238C)-PBD,Investigative,Telisotuzumab,TAR0AIJKM,Hepatocyte growth factor receptor (MET),PAY0IJSCK,PBD dimer,PAY0IJSCK,Human Deoxyribonucleic acid (hDNA),DNA-damaging,Mc-Val-Ala,BT-20 cells,Invasive breast carcinoma of no special type,0.1,1,1,0,ADCC002728,https://adcdb.idrblab.net/data/adc/details/DRG0DNWSM,BT-20 cells || Hepatocyte growth factor receptor (MET)
DRG0DNWSM,ABT-700 (S238C)-PBD,Investigative,Telisotuzumab,TAR0AIJKM,Hepatocyte growth factor receptor (MET),PAY0IJSCK,PBD dimer,PAY0IJSCK,Human Deoxyribonucleic acid (hDNA),DNA-damaging,Mc-Val-Ala,CHLA-03-AA cells,Anaplastic astrocytoma,0.97,1,1,0,ADCC002776,https://adcdb.idrblab.net/data/adc/details/DRG0DNWSM,CHLA-03-AA cells || Hepatocyte growth factor receptor (MET)
DRG0DNWSM,ABT-700 (S238C)-PBD,Investigative,Telisotuzumab,TAR0AIJKM,Hepatocyte growth factor receptor (MET),PAY0IJSCK,PBD dimer,PAY0IJSCK,Human Deoxyribonucleic acid (hDNA),DNA-damaging,Mc-Val-Ala,COLO 201 cells,Colon adenocarcinoma,0.007,1,1,0,ADCC002750,https://adcdb.idrblab.net/data/adc/details/DRG0DNWSM,COLO 201 cells || Hepatocyte growth factor receptor (MET)
DRG0DNWSM,ABT-700 (S238C)-PBD,Investigative,Telisotuzumab,TAR0AIJKM,Hepatocyte growth factor receptor (MET),PAY0IJSCK,PBD dimer,PAY0IJSCK,Human Deoxyribonucleic acid (hDNA),DNA-damaging,Mc-Val-Ala,COLO 205 cells,Colon adenocarcinoma,0.02,1,1,0,ADCC002754,https://adcdb.idrblab.net/data/adc/details/DRG0DNWSM,COLO 205 cells || Hepatocyte growth factor receptor (MET)
DRG0DNWSM,ABT-700 (S238C)-PBD,Investigative,Telisotuzumab,TAR0AIJKM,Hepatocyte growth factor receptor (MET),PAY0IJSCK,PBD dimer,PAY0IJSCK,Human Deoxyribonucleic acid (hDNA),DNA-damaging,Mc-Val-Ala,COLO 320DM cells,Colon adenocarcinoma,0.02,1,1,0,ADCC002759,https://adcdb.idrblab.net/data/adc/details/DRG0DNWSM,COLO 320DM cells || Hepatocyte growth factor receptor (MET)
DRG0DNWSM,ABT-700 (S238C)-PBD,Investigative,Telisotuzumab,TAR0AIJKM,Hepatocyte growth factor receptor (MET),PAY0IJSCK,PBD dimer,PAY0IJSCK,Human Deoxyribonucleic acid (hDNA),DNA-damaging,Mc-Val-Ala,COLO 320HSR cells,Colon adenocarcinoma,0.04,1,1,0,ADCC002760,https://adcdb.idrblab.net/data/adc/details/DRG0DNWSM,COLO 320HSR cells || Hepatocyte growth factor receptor (MET)
DRG0DNWSM,ABT-700 (S238C)-PBD,Investigative,Telisotuzumab,TAR0AIJKM,Hepatocyte growth factor receptor (MET),PAY0IJSCK,PBD dimer,PAY0IJSCK,Human Deoxyribonucleic acid (hDNA),DNA-damaging,Mc-Val-Ala,Caco-2 cells,Colon adenocarcinoma,67,0,1,0,ADCC002748,https://adcdb.idrblab.net/data/adc/details/DRG0DNWSM,Caco-2 cells || Hepatocyte growth factor receptor (MET)
DRG0DNWSM,ABT-700 (S238C)-PBD,Investigative,Telisotuzumab,TAR0AIJKM,Hepatocyte growth factor receptor (MET),PAY0IJSCK,PBD dimer,PAY0IJSCK,Human Deoxyribonucleic acid (hDNA),DNA-damaging,Mc-Val-Ala,DBTRG-05MG cells,Anaplastic astrocytoma,0.001,1,1,0,ADCC002771,https://adcdb.idrblab.net/data/adc/details/DRG0DNWSM,DBTRG-05MG cells || Hepatocyte growth factor receptor (MET)
DRG0DNWSM,ABT-700 (S238C)-PBD,Investigative,Telisotuzumab,TAR0AIJKM,Hepatocyte growth factor receptor (MET),PAY0IJSCK,PBD dimer,PAY0IJSCK,Human Deoxyribonucleic acid (hDNA),DNA-damaging,Mc-Val-Ala,DLD-1 cells,Colon adenocarcinoma,0.004,1,1,0,ADCC002749,https://adcdb.idrblab.net/data/adc/details/DRG0DNWSM,DLD-1 cells || Hepatocyte growth factor receptor (MET)
DRG0DNWSM,ABT-700 (S238C)-PBD,Investigative,Telisotuzumab,TAR0AIJKM,Hepatocyte growth factor receptor (MET),PAY0IJSCK,PBD dimer,PAY0IJSCK,Human Deoxyribonucleic acid (hDNA),DNA-damaging,Mc-Val-Ala,EBC-1 cells,Lung squamous cell carcinoma,0.1,1,1,0,ADCC002726,https://adcdb.idrblab.net/data/adc/details/DRG0DNWSM,EBC-1 cells || Hepatocyte growth factor receptor (MET)
DRG0DNWSM,ABT-700 (S238C)-PBD,Investigative,Telisotuzumab,TAR0AIJKM,Hepatocyte growth factor receptor (MET),PAY0IJSCK,PBD dimer,PAY0IJSCK,Human Deoxyribonucleic acid (hDNA),DNA-damaging,Mc-Val-Ala,HCC15 cells,Lung squamous cell carcinoma,0.003,1,1,0,ADCC002740,https://adcdb.idrblab.net/data/adc/details/DRG0DNWSM,HCC15 cells || Hepatocyte growth factor receptor (MET)
DRG0DNWSM,ABT-700 (S238C)-PBD,Investigative,Telisotuzumab,TAR0AIJKM,Hepatocyte growth factor receptor (MET),PAY0IJSCK,PBD dimer,PAY0IJSCK,Human Deoxyribonucleic acid (hDNA),DNA-damaging,Mc-Val-Ala,HCT 116 cells,Colon carcinoma,0.005,1,1,0,ADCC002744,https://adcdb.idrblab.net/data/adc/details/DRG0DNWSM,HCT 116 cells || Hepatocyte growth factor receptor (MET)
DRG0DNWSM,ABT-700 (S238C)-PBD,Investigative,Telisotuzumab,TAR0AIJKM,Hepatocyte growth factor receptor (MET),PAY0IJSCK,PBD dimer,PAY0IJSCK,Human Deoxyribonucleic acid (hDNA),DNA-damaging,Mc-Val-Ala,HCT 15 cells,Colon adenocarcinoma,67,0,1,0,ADCC002751,https://adcdb.idrblab.net/data/adc/details/DRG0DNWSM,HCT 15 cells || Hepatocyte growth factor receptor (MET)
DRG0DNWSM,ABT-700 (S238C)-PBD,Investigative,Telisotuzumab,TAR0AIJKM,Hepatocyte growth factor receptor (MET),PAY0IJSCK,PBD dimer,PAY0IJSCK,Human Deoxyribonucleic acid (hDNA),DNA-damaging,Mc-Val-Ala,HT-29 cells,Colon adenocarcinoma,0.004,1,1,0,ADCC002753,https://adcdb.idrblab.net/data/adc/details/DRG0DNWSM,HT-29 cells || Hepatocyte growth factor receptor (MET)
DRG0DNWSM,ABT-700 (S238C)-PBD,Investigative,Telisotuzumab,TAR0AIJKM,Hepatocyte growth factor receptor (MET),PAY0IJSCK,PBD dimer,PAY0IJSCK,Human Deoxyribonucleic acid (hDNA),DNA-damaging,Mc-Val-Ala,Hs 746.T cells,Gastric adenocarcinoma,0.02,1,1,0,ADCC002725,https://adcdb.idrblab.net/data/adc/details/DRG0DNWSM,Hs 746.T cells || Hepatocyte growth factor receptor (MET)
DRG0DNWSM,ABT-700 (S238C)-PBD,Investigative,Telisotuzumab,TAR0AIJKM,Hepatocyte growth factor receptor (MET),PAY0IJSCK,PBD dimer,PAY0IJSCK,Human Deoxyribonucleic acid (hDNA),DNA-damaging,Mc-Val-Ala,KP-4 cells,Pancreatic carcinoma,0.02,1,1,0,ADCC002733,https://adcdb.idrblab.net/data/adc/details/DRG0DNWSM,KP-4 cells || Hepatocyte growth factor receptor (MET)
DRG0DNWSM,ABT-700 (S238C)-PBD,Investigative,Telisotuzumab,TAR0AIJKM,Hepatocyte growth factor receptor (MET),PAY0IJSCK,PBD dimer,PAY0IJSCK,Human Deoxyribonucleic acid (hDNA),DNA-damaging,Mc-Val-Ala,LS1034 cells,Cecum adenocarcinoma,0.04,1,1,0,ADCC002758,https://adcdb.idrblab.net/data/adc/details/DRG0DNWSM,LS1034 cells || Hepatocyte growth factor receptor (MET)
DRG0DNWSM,ABT-700 (S238C)-PBD,Investigative,Telisotuzumab,TAR0AIJKM,Hepatocyte growth factor receptor (MET),PAY0IJSCK,PBD dimer,PAY0IJSCK,Human Deoxyribonucleic acid (hDNA),DNA-damaging,Mc-Val-Ala,LS174T cells,Colon adenocarcinoma,0.001,1,1,0,ADCC002761,https://adcdb.idrblab.net/data/adc/details/DRG0DNWSM,LS174T cells || Hepatocyte growth factor receptor (MET)
DRG0DNWSM,ABT-700 (S238C)-PBD,Investigative,Telisotuzumab,TAR0AIJKM,Hepatocyte growth factor receptor (MET),PAY0IJSCK,PBD dimer,PAY0IJSCK,Human Deoxyribonucleic acid (hDNA),DNA-damaging,Mc-Val-Ala,LoVo cells,Colon adenocarcinoma,0.07,1,1,0,ADCC002745,https://adcdb.idrblab.net/data/adc/details/DRG0DNWSM,LoVo cells || Hepatocyte growth factor receptor (MET)
DRG0DNWSM,ABT-700 (S238C)-PBD,Investigative,Telisotuzumab,TAR0AIJKM,Hepatocyte growth factor receptor (MET),PAY0IJSCK,PBD dimer,PAY0IJSCK,Human Deoxyribonucleic acid (hDNA),DNA-damaging,Mc-Val-Ala,M059J cells,Glioblastoma,0.001,1,2,0,ADCC002767;ADCC002731,https://adcdb.idrblab.net/data/adc/details/DRG0DNWSM,M059J cells || Hepatocyte growth factor receptor (MET)
DRG0DNWSM,ABT-700 (S238C)-PBD,Investigative,Telisotuzumab,TAR0AIJKM,Hepatocyte growth factor receptor (MET),PAY0IJSCK,PBD dimer,PAY0IJSCK,Human Deoxyribonucleic acid (hDNA),DNA-damaging,Mc-Val-Ala,M059K cells,Glioblastoma,0.001,1,1,0,ADCC002768,https://adcdb.idrblab.net/data/adc/details/DRG0DNWSM,M059K cells || Hepatocyte growth factor receptor (MET)
DRG0DNWSM,ABT-700 (S238C)-PBD,Investigative,Telisotuzumab,TAR0AIJKM,Hepatocyte growth factor receptor (MET),PAY0IJSCK,PBD dimer,PAY0IJSCK,Human Deoxyribonucleic acid (hDNA),DNA-damaging,Mc-Val-Ala,NCI-H1573 cells,Lung adenocarcinoma,0.07,1,1,0,ADCC002736,https://adcdb.idrblab.net/data/adc/details/DRG0DNWSM,NCI-H1573 cells || Hepatocyte growth factor receptor (MET)
DRG0DNWSM,ABT-700 (S238C)-PBD,Investigative,Telisotuzumab,TAR0AIJKM,Hepatocyte growth factor receptor (MET),PAY0IJSCK,PBD dimer,PAY0IJSCK,Human Deoxyribonucleic acid (hDNA),DNA-damaging,Mc-Val-Ala,NCI-H1650 cells,Lung adenocarcinoma,0.4,1,1,0,ADCC002737,https://adcdb.idrblab.net/data/adc/details/DRG0DNWSM,NCI-H1650 cells || Hepatocyte growth factor receptor (MET)
DRG0DNWSM,ABT-700 (S238C)-PBD,Investigative,Telisotuzumab,TAR0AIJKM,Hepatocyte growth factor receptor (MET),PAY0IJSCK,PBD dimer,PAY0IJSCK,Human Deoxyribonucleic acid (hDNA),DNA-damaging,Mc-Val-Ala,NCI-H1703 cells,Lung squamous cell carcinoma,0.7,1,1,0,ADCC002742,https://adcdb.idrblab.net/data/adc/details/DRG0DNWSM,NCI-H1703 cells || Hepatocyte growth factor receptor (MET)
DRG0DNWSM,ABT-700 (S238C)-PBD,Investigative,Telisotuzumab,TAR0AIJKM,Hepatocyte growth factor receptor (MET),PAY0IJSCK,PBD dimer,PAY0IJSCK,Human Deoxyribonucleic acid (hDNA),DNA-damaging,Mc-Val-Ala,NCI-H226 cells,Pleural epithelioid mesothelioma,0.04,1,1,0,ADCC002738,https://adcdb.idrblab.net/data/adc/details/DRG0DNWSM,NCI-H226 cells || Hepatocyte growth factor receptor (MET)
DRG0DNWSM,ABT-700 (S238C)-PBD,Investigative,Telisotuzumab,TAR0AIJKM,Hepatocyte growth factor receptor (MET),PAY0IJSCK,PBD dimer,PAY0IJSCK,Human Deoxyribonucleic acid (hDNA),DNA-damaging,Mc-Val-Ala,NCI-H441 cells,Lung papillary adenocarcinoma,0.01,1,1,0,ADCC002727,https://adcdb.idrblab.net/data/adc/details/DRG0DNWSM,NCI-H441 cells || Hepatocyte growth factor receptor (MET)
DRG0DNWSM,ABT-700 (S238C)-PBD,Investigative,Telisotuzumab,TAR0AIJKM,Hepatocyte growth factor receptor (MET),PAY0IJSCK,PBD dimer,PAY0IJSCK,Human Deoxyribonucleic acid (hDNA),DNA-damaging,Mc-Val-Ala,NCI-H820 cells,Lung papillary adenocarcinoma,0.02,1,1,0,ADCC002735,https://adcdb.idrblab.net/data/adc/details/DRG0DNWSM,NCI-H820 cells || Hepatocyte growth factor receptor (MET)
DRG0DNWSM,ABT-700 (S238C)-PBD,Investigative,Telisotuzumab,TAR0AIJKM,Hepatocyte growth factor receptor (MET),PAY0IJSCK,PBD dimer,PAY0IJSCK,Human Deoxyribonucleic acid (hDNA),DNA-damaging,Mc-Val-Ala,PFSK-1 cells,Primitive neuroectodermal tumor,2.45,1,1,0,ADCC002770,https://adcdb.idrblab.net/data/adc/details/DRG0DNWSM,PFSK-1 cells || Hepatocyte growth factor receptor (MET)
DRG0DNWSM,ABT-700 (S238C)-PBD,Investigative,Telisotuzumab,TAR0AIJKM,Hepatocyte growth factor receptor (MET),PAY0IJSCK,PBD dimer,PAY0IJSCK,Human Deoxyribonucleic acid (hDNA),DNA-damaging,Mc-Val-Ala,RKO cells,Colon carcinoma,0.01,1,1,0,ADCC002752,https://adcdb.idrblab.net/data/adc/details/DRG0DNWSM,RKO cells || Hepatocyte growth factor receptor (MET)
DRG0DNWSM,ABT-700 (S238C)-PBD,Investigative,Telisotuzumab,TAR0AIJKM,Hepatocyte growth factor receptor (MET),PAY0IJSCK,PBD dimer,PAY0IJSCK,Human Deoxyribonucleic acid (hDNA),DNA-damaging,Mc-Val-Ala,SF264 cells,Gliosarcoma,0.005,1,1,0,ADCC002775,https://adcdb.idrblab.net/data/adc/details/DRG0DNWSM,SF264 cells || Hepatocyte growth factor receptor (MET)
DRG0DNWSM,ABT-700 (S238C)-PBD,Investigative,Telisotuzumab,TAR0AIJKM,Hepatocyte growth factor receptor (MET),PAY0IJSCK,PBD dimer,PAY0IJSCK,Human Deoxyribonucleic acid (hDNA),DNA-damaging,Mc-Val-Ala,SF539 cells,Gliosarcoma,0.04,1,1,0,ADCC002774,https://adcdb.idrblab.net/data/adc/details/DRG0DNWSM,SF539 cells || Hepatocyte growth factor receptor (MET)
DRG0DNWSM,ABT-700 (S238C)-PBD,Investigative,Telisotuzumab,TAR0AIJKM,Hepatocyte growth factor receptor (MET),PAY0IJSCK,PBD dimer,PAY0IJSCK,Human Deoxyribonucleic acid (hDNA),DNA-damaging,Mc-Val-Ala,SK-CO-1 cells,Colon adenocarcinoma,0.001,1,1,0,ADCC002746,https://adcdb.idrblab.net/data/adc/details/DRG0DNWSM,SK-CO-1 cells || Hepatocyte growth factor receptor (MET)
DRG0DNWSM,ABT-700 (S238C)-PBD,Investigative,Telisotuzumab,TAR0AIJKM,Hepatocyte growth factor receptor (MET),PAY0IJSCK,PBD dimer,PAY0IJSCK,Human Deoxyribonucleic acid (hDNA),DNA-damaging,Mc-Val-Ala,SK-MES-1 cells,Lung squamous cell carcinoma,0.17,1,1,0,ADCC002741,https://adcdb.idrblab.net/data/adc/details/DRG0DNWSM,SK-MES-1 cells || Hepatocyte growth factor receptor (MET)
DRG0DNWSM,ABT-700 (S238C)-PBD,Investigative,Telisotuzumab,TAR0AIJKM,Hepatocyte growth factor receptor (MET),PAY0IJSCK,PBD dimer,PAY0IJSCK,Human Deoxyribonucleic acid (hDNA),DNA-damaging,Mc-Val-Ala,SNB-19 cells,Astrocytoma,0.006,1,1,0,ADCC002772,https://adcdb.idrblab.net/data/adc/details/DRG0DNWSM,SNB-19 cells || Hepatocyte growth factor receptor (MET)
DRG0DNWSM,ABT-700 (S238C)-PBD,Investigative,Telisotuzumab,TAR0AIJKM,Hepatocyte growth factor receptor (MET),PAY0IJSCK,PBD dimer,PAY0IJSCK,Human Deoxyribonucleic acid (hDNA),DNA-damaging,Mc-Val-Ala,SNB-75 cells,Glioblastoma,28.2,0,1,0,ADCC002773,https://adcdb.idrblab.net/data/adc/details/DRG0DNWSM,SNB-75 cells || Hepatocyte growth factor receptor (MET)
DRG0DNWSM,ABT-700 (S238C)-PBD,Investigative,Telisotuzumab,TAR0AIJKM,Hepatocyte growth factor receptor (MET),PAY0IJSCK,PBD dimer,PAY0IJSCK,Human Deoxyribonucleic acid (hDNA),DNA-damaging,Mc-Val-Ala,SW1116 cells,Colon adenocarcinoma,0.03,1,1,0,ADCC002743,https://adcdb.idrblab.net/data/adc/details/DRG0DNWSM,SW1116 cells || Hepatocyte growth factor receptor (MET)
DRG0DNWSM,ABT-700 (S238C)-PBD,Investigative,Telisotuzumab,TAR0AIJKM,Hepatocyte growth factor receptor (MET),PAY0IJSCK,PBD dimer,PAY0IJSCK,Human Deoxyribonucleic acid (hDNA),DNA-damaging,Mc-Val-Ala,SW1463 cells,Rectal adenocarcinoma,0.01,1,1,0,ADCC002757,https://adcdb.idrblab.net/data/adc/details/DRG0DNWSM,SW1463 cells || Hepatocyte growth factor receptor (MET)
DRG0DNWSM,ABT-700 (S238C)-PBD,Investigative,Telisotuzumab,TAR0AIJKM,Hepatocyte growth factor receptor (MET),PAY0IJSCK,PBD dimer,PAY0IJSCK,Human Deoxyribonucleic acid (hDNA),DNA-damaging,Mc-Val-Ala,SW403 cells,Colon adenocarcinoma,0.006,1,1,0,ADCC002756,https://adcdb.idrblab.net/data/adc/details/DRG0DNWSM,SW403 cells || Hepatocyte growth factor receptor (MET)
DRG0DNWSM,ABT-700 (S238C)-PBD,Investigative,Telisotuzumab,TAR0AIJKM,Hepatocyte growth factor receptor (MET),PAY0IJSCK,PBD dimer,PAY0IJSCK,Human Deoxyribonucleic acid (hDNA),DNA-damaging,Mc-Val-Ala,SW48 cells,Colon adenocarcinoma,0.0029,1,1,0,ADCC002734,https://adcdb.idrblab.net/data/adc/details/DRG0DNWSM,SW48 cells || Hepatocyte growth factor receptor (MET)
DRG0DNWSM,ABT-700 (S238C)-PBD,Investigative,Telisotuzumab,TAR0AIJKM,Hepatocyte growth factor receptor (MET),PAY0IJSCK,PBD dimer,PAY0IJSCK,Human Deoxyribonucleic acid (hDNA),DNA-damaging,Mc-Val-Ala,SW480 cells,Colon adenocarcinoma,26,0,1,0,ADCC002762,https://adcdb.idrblab.net/data/adc/details/DRG0DNWSM,SW480 cells || Hepatocyte growth factor receptor (MET)
DRG0DNWSM,ABT-700 (S238C)-PBD,Investigative,Telisotuzumab,TAR0AIJKM,Hepatocyte growth factor receptor (MET),PAY0IJSCK,PBD dimer,PAY0IJSCK,Human Deoxyribonucleic acid (hDNA),DNA-damaging,Mc-Val-Ala,SW620 cells,Colon adenocarcinoma,0.005,1,1,0,ADCC002747,https://adcdb.idrblab.net/data/adc/details/DRG0DNWSM,SW620 cells || Hepatocyte growth factor receptor (MET)
DRG0DNWSM,ABT-700 (S238C)-PBD,Investigative,Telisotuzumab,TAR0AIJKM,Hepatocyte growth factor receptor (MET),PAY0IJSCK,PBD dimer,PAY0IJSCK,Human Deoxyribonucleic acid (hDNA),DNA-damaging,Mc-Val-Ala,SW900 cells,Lung squamous cell carcinoma,0.02,1,1,0,ADCC002739,https://adcdb.idrblab.net/data/adc/details/DRG0DNWSM,SW900 cells || Hepatocyte growth factor receptor (MET)
DRG0DNWSM,ABT-700 (S238C)-PBD,Investigative,Telisotuzumab,TAR0AIJKM,Hepatocyte growth factor receptor (MET),PAY0IJSCK,PBD dimer,PAY0IJSCK,Human Deoxyribonucleic acid (hDNA),DNA-damaging,Mc-Val-Ala,T84 cells,Colon adenocarcinoma,0.1,1,1,0,ADCC002755,https://adcdb.idrblab.net/data/adc/details/DRG0DNWSM,T84 cells || Hepatocyte growth factor receptor (MET)
DRG0DNWSM,ABT-700 (S238C)-PBD,Investigative,Telisotuzumab,TAR0AIJKM,Hepatocyte growth factor receptor (MET),PAY0IJSCK,PBD dimer,PAY0IJSCK,Human Deoxyribonucleic acid (hDNA),DNA-damaging,Mc-Val-Ala,T98G cells,Glioblastoma,141,0,1,0,ADCC002765,https://adcdb.idrblab.net/data/adc/details/DRG0DNWSM,T98G cells || Hepatocyte growth factor receptor (MET)
DRG0DNWSM,ABT-700 (S238C)-PBD,Investigative,Telisotuzumab,TAR0AIJKM,Hepatocyte growth factor receptor (MET),PAY0IJSCK,PBD dimer,PAY0IJSCK,Human Deoxyribonucleic acid (hDNA),DNA-damaging,Mc-Val-Ala,U-118MG cells,Astrocytoma,0.2,1,1,0,ADCC002732,https://adcdb.idrblab.net/data/adc/details/DRG0DNWSM,U-118MG cells || Hepatocyte growth factor receptor (MET)
DRG0DNWSM,ABT-700 (S238C)-PBD,Investigative,Telisotuzumab,TAR0AIJKM,Hepatocyte growth factor receptor (MET),PAY0IJSCK,PBD dimer,PAY0IJSCK,Human Deoxyribonucleic acid (hDNA),DNA-damaging,Mc-Val-Ala,U-138MG cells,Astrocytoma,0.001,1,1,0,ADCC002764,https://adcdb.idrblab.net/data/adc/details/DRG0DNWSM,U-138MG cells || Hepatocyte growth factor receptor (MET)
DRG0DNWSM,ABT-700 (S238C)-PBD,Investigative,Telisotuzumab,TAR0AIJKM,Hepatocyte growth factor receptor (MET),PAY0IJSCK,PBD dimer,PAY0IJSCK,Human Deoxyribonucleic acid (hDNA),DNA-damaging,Mc-Val-Ala,U-251MG cells,Astrocytoma,0.007,1,1,0,ADCC002766,https://adcdb.idrblab.net/data/adc/details/DRG0DNWSM,U-251MG cells || Hepatocyte growth factor receptor (MET)
DRG0DNWSM,ABT-700 (S238C)-PBD,Investigative,Telisotuzumab,TAR0AIJKM,Hepatocyte growth factor receptor (MET),PAY0IJSCK,PBD dimer,PAY0IJSCK,Human Deoxyribonucleic acid (hDNA),DNA-damaging,Mc-Val-Ala,U-87MG cells,Glioblastoma,0.21,1,1,0,ADCC002730,https://adcdb.idrblab.net/data/adc/details/DRG0DNWSM,U-87MG cells || Hepatocyte growth factor receptor (MET)
DRG0DNWSM,ABT-700 (S238C)-PBD,Investigative,Telisotuzumab,TAR0AIJKM,Hepatocyte growth factor receptor (MET),PAY0IJSCK,PBD dimer,PAY0IJSCK,Human Deoxyribonucleic acid (hDNA),DNA-damaging,Mc-Val-Ala,WiDr cells,Colon adenocarcinoma,0.01,1,1,0,ADCC002763,https://adcdb.idrblab.net/data/adc/details/DRG0DNWSM,WiDr cells || Hepatocyte growth factor receptor (MET)
DRG0OHTUI,Trastuzumab-C239I-SG3249,Investigative,Trastuzumab,TAR0THKZD,Receptor tyrosine-protein kinase erbB-2 (HER2),PAY0LZRXU,SG3199,PAY0LZRXU,Human Deoxyribonucleic acid (hDNA),DNA-damaging,Mal-PEG8-Val-Ala-PABC,SK-BR-3 cells,Breast adenocarcinoma,0.0144,1,1,0,ADCC001419,https://adcdb.idrblab.net/data/adc/details/DRG0OHTUI,SK-BR-3 cells || Receptor tyrosine-protein kinase erbB-2 (HER2)
DRG0ZKEKI,Trastuzumab-Flexmab-SG3710,Investigative,Trastuzumab-Flexmab,TAR0THKZD,Receptor tyrosine-protein kinase erbB-2 (HER2),PAY0LZRXU,SG3199,PAY0LZRXU,Human Deoxyribonucleic acid (hDNA),DNA-damaging,Mal-PEG8-Val-Ala-PABC,SK-BR-3 cells,Breast adenocarcinoma,0.0355,1,1,0,ADCC001415,https://adcdb.idrblab.net/data/adc/details/DRG0ZKEKI,SK-BR-3 cells || Receptor tyrosine-protein kinase erbB-2 (HER2)
DRG0JWSPU,T-PBA,Investigative,Trastuzumab,TAR0THKZD,Receptor tyrosine-protein kinase erbB-2 (HER2),PAY0QKJME,PBD-based payload 37b3,PAY0QKJME,Human Deoxyribonucleic acid (hDNA),DNA-damaging,Mc-Val-Ala,MDA-MB-231 cells,Breast adenocarcinoma,344.6,0,1,0,ADCC006553,https://adcdb.idrblab.net/data/adc/details/DRG0JWSPU,MDA-MB-231 cells || Receptor tyrosine-protein kinase erbB-2 (HER2)
DRG0JWSPU,T-PBA,Investigative,Trastuzumab,TAR0THKZD,Receptor tyrosine-protein kinase erbB-2 (HER2),PAY0QKJME,PBD-based payload 37b3,PAY0QKJME,Human Deoxyribonucleic acid (hDNA),DNA-damaging,Mc-Val-Ala,NCI-N87 cells,Gastric tubular adenocarcinoma,56.1,0,1,0,ADCC006552,https://adcdb.idrblab.net/data/adc/details/DRG0JWSPU,NCI-N87 cells || Receptor tyrosine-protein kinase erbB-2 (HER2)
DRG0JWSPU,T-PBA,Investigative,Trastuzumab,TAR0THKZD,Receptor tyrosine-protein kinase erbB-2 (HER2),PAY0QKJME,PBD-based payload 37b3,PAY0QKJME,Human Deoxyribonucleic acid (hDNA),DNA-damaging,Mc-Val-Ala,SK-OV-3 cells,Ovarian serous cystadenocarcinoma,5.4,1,1,0,ADCC006551,https://adcdb.idrblab.net/data/adc/details/DRG0JWSPU,SK-OV-3 cells || Receptor tyrosine-protein kinase erbB-2 (HER2)
DRG0SXFSY,Inotuzumab ozogamicin,Approved in 2017,Inotuzumab,TAR0XTCGM,B-cell receptor CD22 (CD22),PAY0RZSDY,N-acetyl-gamma-calicheamicin,PAY0RZSDY,Human deoxyribonucleic acid (hDNA),DNA-damaging,AcButDMH,Daudi cells,Burkitt lymphoma,0.005,1,3,0,ADCC000235;ADCC000229;ADCC000215,https://adcdb.idrblab.net/data/adc/details/DRG0SXFSY,Daudi cells || B-cell receptor CD22 (CD22)
DRG0SXFSY,Inotuzumab ozogamicin,Approved in 2017,Inotuzumab,TAR0XTCGM,B-cell receptor CD22 (CD22),PAY0RZSDY,N-acetyl-gamma-calicheamicin,PAY0RZSDY,Human deoxyribonucleic acid (hDNA),DNA-damaging,AcButDMH,HL-60 cells,Adult acute myeloid leukemia,0.25,1,2,0,ADCC000217;ADCC000230,https://adcdb.idrblab.net/data/adc/details/DRG0SXFSY,HL-60 cells || B-cell receptor CD22 (CD22)
DRG0SXFSY,Inotuzumab ozogamicin,Approved in 2017,Inotuzumab,TAR0XTCGM,B-cell receptor CD22 (CD22),PAY0RZSDY,N-acetyl-gamma-calicheamicin,PAY0RZSDY,Human deoxyribonucleic acid (hDNA),DNA-damaging,AcButDMH,RL cells,Diffuse large B-cell lymphoma,0.006,1,4,0,ADCC000227;ADCC000216;ADCC000236;ADCC000243,https://adcdb.idrblab.net/data/adc/details/DRG0SXFSY,RL cells || B-cell receptor CD22 (CD22)
DRG0SXFSY,Inotuzumab ozogamicin,Approved in 2017,Inotuzumab,TAR0XTCGM,B-cell receptor CD22 (CD22),PAY0RZSDY,N-acetyl-gamma-calicheamicin,PAY0RZSDY,Human deoxyribonucleic acid (hDNA),DNA-damaging,AcButDMH,RS4 11 cells,Adult B acute lymphoblastic leukemia,0.047,1,1,0,ADCC000225,https://adcdb.idrblab.net/data/adc/details/DRG0SXFSY,RS4 11 cells || B-cell receptor CD22 (CD22)
DRG0SXFSY,Inotuzumab ozogamicin,Approved in 2017,Inotuzumab,TAR0XTCGM,B-cell receptor CD22 (CD22),PAY0RZSDY,N-acetyl-gamma-calicheamicin,PAY0RZSDY,Human deoxyribonucleic acid (hDNA),DNA-damaging,AcButDMH,Raji cells,EBV-related Burkitt lymphoma,0.08,1,2,0,ADCC000228;ADCC000214,https://adcdb.idrblab.net/data/adc/details/DRG0SXFSY,Raji cells || B-cell receptor CD22 (CD22)
DRG0SXFSY,Inotuzumab ozogamicin,Approved in 2017,Inotuzumab,TAR0XTCGM,B-cell receptor CD22 (CD22),PAY0RZSDY,N-acetyl-gamma-calicheamicin,PAY0RZSDY,Human deoxyribonucleic acid (hDNA),DNA-damaging,AcButDMH,Ramos cells,Burkitt lymphoma,0.02,1,5,0,ADCC000237;ADCC000234;ADCC000223;ADCC000213;ADCC000244,https://adcdb.idrblab.net/data/adc/details/DRG0SXFSY,Ramos cells || B-cell receptor CD22 (CD22)
DRG0SXFSY,Inotuzumab ozogamicin,Approved in 2017,Inotuzumab,TAR0XTCGM,B-cell receptor CD22 (CD22),PAY0RZSDY,N-acetyl-gamma-calicheamicin,PAY0RZSDY,Human deoxyribonucleic acid (hDNA),DNA-damaging,AcButDMH,Reh cells,B acute lymphoblastic leukemia,0.013,1,1,0,ADCC000224,https://adcdb.idrblab.net/data/adc/details/DRG0SXFSY,Reh cells || B-cell receptor CD22 (CD22)
DRG0SXFSY,Inotuzumab ozogamicin,Approved in 2017,Inotuzumab,TAR0XTCGM,B-cell receptor CD22 (CD22),PAY0RZSDY,N-acetyl-gamma-calicheamicin,PAY0RZSDY,Human deoxyribonucleic acid (hDNA),DNA-damaging,AcButDMH,SU-DHL-4 cells,Diffuse large B-cell lymphoma,0.5,1,1,0,ADCC000245,https://adcdb.idrblab.net/data/adc/details/DRG0SXFSY,SU-DHL-4 cells || B-cell receptor CD22 (CD22)
DRG0SXFSY,Inotuzumab ozogamicin,Approved in 2017,Inotuzumab,TAR0XTCGM,B-cell receptor CD22 (CD22),PAY0RZSDY,N-acetyl-gamma-calicheamicin,PAY0RZSDY,Human deoxyribonucleic acid (hDNA),DNA-damaging,AcButDMH,SUP-B15 cells,B-lymphoblastic leukemia,0.053,1,1,0,ADCC000226,https://adcdb.idrblab.net/data/adc/details/DRG0SXFSY,SUP-B15 cells || B-cell receptor CD22 (CD22)
DRG0SXFSY,Inotuzumab ozogamicin,Approved in 2017,Inotuzumab,TAR0XTCGM,B-cell receptor CD22 (CD22),PAY0RZSDY,N-acetyl-gamma-calicheamicin,PAY0RZSDY,Human deoxyribonucleic acid (hDNA),DNA-damaging,AcButDMH,WSU-DLCL2 cells,Diffuse large B-cell lymphoma,0.2,1,1,0,ADCC000242,https://adcdb.idrblab.net/data/adc/details/DRG0SXFSY,WSU-DLCL2 cells || B-cell receptor CD22 (CD22)
DRG0JOHND,Gemtuzumab ozogamicin,"Approved in 2000 (withdrawn in 2010, approved again in 2017)",Gemtuzumab,TAR0OVWVF,Myeloid cell surface antigen CD33 (CD33),PAY0RZSDY,N-acetyl-gamma-calicheamicin,PAY0RZSDY,Human deoxyribonucleic acid (hDNA),DNA-damaging,AcButDMH,AML-193 cells,Acute myeloid leukemia,0.1,1,2,1,ADCC004936;ADCC004880,https://adcdb.idrblab.net/data/adc/details/DRG0JOHND,AML-193 cells || Myeloid cell surface antigen CD33 (CD33)
DRG0JOHND,Gemtuzumab ozogamicin,"Approved in 2000 (withdrawn in 2010, approved again in 2017)",Gemtuzumab,TAR0OVWVF,Myeloid cell surface antigen CD33 (CD33),PAY0RZSDY,N-acetyl-gamma-calicheamicin,PAY0RZSDY,Human deoxyribonucleic acid (hDNA),DNA-damaging,AcButDMH,ARH-77 cells,Leukemia,8.91,1,1,0,ADCC004923,https://adcdb.idrblab.net/data/adc/details/DRG0JOHND,ARH-77 cells || Myeloid cell surface antigen CD33 (CD33)
DRG0JOHND,Gemtuzumab ozogamicin,"Approved in 2000 (withdrawn in 2010, approved again in 2017)",Gemtuzumab,TAR0OVWVF,Myeloid cell surface antigen CD33 (CD33),PAY0RZSDY,N-acetyl-gamma-calicheamicin,PAY0RZSDY,Human deoxyribonucleic acid (hDNA),DNA-damaging,AcButDMH,ATN-1 cells,T acute lymphoblastic leukemia,8.03,1,1,0,ADCC004918,https://adcdb.idrblab.net/data/adc/details/DRG0JOHND,ATN-1 cells || Myeloid cell surface antigen CD33 (CD33)
DRG0JOHND,Gemtuzumab ozogamicin,"Approved in 2000 (withdrawn in 2010, approved again in 2017)",Gemtuzumab,TAR0OVWVF,Myeloid cell surface antigen CD33 (CD33),PAY0RZSDY,N-acetyl-gamma-calicheamicin,PAY0RZSDY,Human deoxyribonucleic acid (hDNA),DNA-damaging,AcButDMH,CCRF-CEM cells,T acute lymphoblastic leukemia,8.56,1,1,0,ADCC004911,https://adcdb.idrblab.net/data/adc/details/DRG0JOHND,CCRF-CEM cells || Myeloid cell surface antigen CD33 (CD33)
DRG0JOHND,Gemtuzumab ozogamicin,"Approved in 2000 (withdrawn in 2010, approved again in 2017)",Gemtuzumab,TAR0OVWVF,Myeloid cell surface antigen CD33 (CD33),PAY0RZSDY,N-acetyl-gamma-calicheamicin,PAY0RZSDY,Human deoxyribonucleic acid (hDNA),DNA-damaging,AcButDMH,CMK-11-5 cells,Acute megakaryoblastic leukemia,20,0,1,0,ADCC004926,https://adcdb.idrblab.net/data/adc/details/DRG0JOHND,CMK-11-5 cells || Myeloid cell surface antigen CD33 (CD33)
DRG0JOHND,Gemtuzumab ozogamicin,"Approved in 2000 (withdrawn in 2010, approved again in 2017)",Gemtuzumab,TAR0OVWVF,Myeloid cell surface antigen CD33 (CD33),PAY0RZSDY,N-acetyl-gamma-calicheamicin,PAY0RZSDY,Human deoxyribonucleic acid (hDNA),DNA-damaging,AcButDMH,EoL-1 cells,Chronic eosinophilic leukemia,0.03,1,1,0,ADCC004881,https://adcdb.idrblab.net/data/adc/details/DRG0JOHND,EoL-1 cells || Myeloid cell surface antigen CD33 (CD33)
DRG0JOHND,Gemtuzumab ozogamicin,"Approved in 2000 (withdrawn in 2010, approved again in 2017)",Gemtuzumab,TAR0OVWVF,Myeloid cell surface antigen CD33 (CD33),PAY0RZSDY,N-acetyl-gamma-calicheamicin,PAY0RZSDY,Human deoxyribonucleic acid (hDNA),DNA-damaging,AcButDMH,F-36P cells,Myelodysplastic syndrome,20,0,1,0,ADCC004876,https://adcdb.idrblab.net/data/adc/details/DRG0JOHND,F-36P cells || Myeloid cell surface antigen CD33 (CD33)
DRG0JOHND,Gemtuzumab ozogamicin,"Approved in 2000 (withdrawn in 2010, approved again in 2017)",Gemtuzumab,TAR0OVWVF,Myeloid cell surface antigen CD33 (CD33),PAY0RZSDY,N-acetyl-gamma-calicheamicin,PAY0RZSDY,Human deoxyribonucleic acid (hDNA),DNA-damaging,AcButDMH,GDM-1 cells,Acute myeloid leukemia,20,0,1,0,ADCC004929,https://adcdb.idrblab.net/data/adc/details/DRG0JOHND,GDM-1 cells || Myeloid cell surface antigen CD33 (CD33)
DRG0JOHND,Gemtuzumab ozogamicin,"Approved in 2000 (withdrawn in 2010, approved again in 2017)",Gemtuzumab,TAR0OVWVF,Myeloid cell surface antigen CD33 (CD33),PAY0RZSDY,N-acetyl-gamma-calicheamicin,PAY0RZSDY,Human deoxyribonucleic acid (hDNA),DNA-damaging,AcButDMH,HL-60 cells,Adult acute myeloid leukemia,0.09,1,1,0,ADCC004874,https://adcdb.idrblab.net/data/adc/details/DRG0JOHND,HL-60 cells || Myeloid cell surface antigen CD33 (CD33)
DRG0JOHND,Gemtuzumab ozogamicin,"Approved in 2000 (withdrawn in 2010, approved again in 2017)",Gemtuzumab,TAR0OVWVF,Myeloid cell surface antigen CD33 (CD33),PAY0RZSDY,N-acetyl-gamma-calicheamicin,PAY0RZSDY,Human deoxyribonucleic acid (hDNA),DNA-damaging,AcButDMH,HNT-34 cells,Acute myeloid leukemia,0.52,1,1,0,ADCC004882,https://adcdb.idrblab.net/data/adc/details/DRG0JOHND,HNT-34 cells || Myeloid cell surface antigen CD33 (CD33)
DRG0JOHND,Gemtuzumab ozogamicin,"Approved in 2000 (withdrawn in 2010, approved again in 2017)",Gemtuzumab,TAR0OVWVF,Myeloid cell surface antigen CD33 (CD33),PAY0RZSDY,N-acetyl-gamma-calicheamicin,PAY0RZSDY,Human deoxyribonucleic acid (hDNA),DNA-damaging,AcButDMH,Jurkat E6.1 cells,Leukemia,10.2,0,1,0,ADCC004921,https://adcdb.idrblab.net/data/adc/details/DRG0JOHND,Jurkat E6.1 cells || Myeloid cell surface antigen CD33 (CD33)
DRG0JOHND,Gemtuzumab ozogamicin,"Approved in 2000 (withdrawn in 2010, approved again in 2017)",Gemtuzumab,TAR0OVWVF,Myeloid cell surface antigen CD33 (CD33),PAY0RZSDY,N-acetyl-gamma-calicheamicin,PAY0RZSDY,Human deoxyribonucleic acid (hDNA),DNA-damaging,AcButDMH,KG-1a cells,Leukemia,20,0,1,0,ADCC004885,https://adcdb.idrblab.net/data/adc/details/DRG0JOHND,KG-1a cells || Myeloid cell surface antigen CD33 (CD33)
DRG0JOHND,Gemtuzumab ozogamicin,"Approved in 2000 (withdrawn in 2010, approved again in 2017)",Gemtuzumab,TAR0OVWVF,Myeloid cell surface antigen CD33 (CD33),PAY0RZSDY,N-acetyl-gamma-calicheamicin,PAY0RZSDY,Human deoxyribonucleic acid (hDNA),DNA-damaging,AcButDMH,KU812 cells,Chronic myeloid leukemia,20,0,1,0,ADCC004927,https://adcdb.idrblab.net/data/adc/details/DRG0JOHND,KU812 cells || Myeloid cell surface antigen CD33 (CD33)
DRG0JOHND,Gemtuzumab ozogamicin,"Approved in 2000 (withdrawn in 2010, approved again in 2017)",Gemtuzumab,TAR0OVWVF,Myeloid cell surface antigen CD33 (CD33),PAY0RZSDY,N-acetyl-gamma-calicheamicin,PAY0RZSDY,Human deoxyribonucleic acid (hDNA),DNA-damaging,AcButDMH,Kasumi-1 cells,Myeloid leukemia with maturation,20,0,1,0,ADCC004887,https://adcdb.idrblab.net/data/adc/details/DRG0JOHND,Kasumi-1 cells || Myeloid cell surface antigen CD33 (CD33)
DRG0JOHND,Gemtuzumab ozogamicin,"Approved in 2000 (withdrawn in 2010, approved again in 2017)",Gemtuzumab,TAR0OVWVF,Myeloid cell surface antigen CD33 (CD33),PAY0RZSDY,N-acetyl-gamma-calicheamicin,PAY0RZSDY,Human deoxyribonucleic acid (hDNA),DNA-damaging,AcButDMH,Kasumi-3 cells,Adult acute myeloid leukemia,20,0,1,0,ADCC004883,https://adcdb.idrblab.net/data/adc/details/DRG0JOHND,Kasumi-3 cells || Myeloid cell surface antigen CD33 (CD33)
DRG0JOHND,Gemtuzumab ozogamicin,"Approved in 2000 (withdrawn in 2010, approved again in 2017)",Gemtuzumab,TAR0OVWVF,Myeloid cell surface antigen CD33 (CD33),PAY0RZSDY,N-acetyl-gamma-calicheamicin,PAY0RZSDY,Human deoxyribonucleic acid (hDNA),DNA-damaging,AcButDMH,Kasumi-6 cells,Acute myeloid leukemia,0.1,1,2,1,ADCC004937;ADCC004877,https://adcdb.idrblab.net/data/adc/details/DRG0JOHND,Kasumi-6 cells || Myeloid cell surface antigen CD33 (CD33)
DRG0JOHND,Gemtuzumab ozogamicin,"Approved in 2000 (withdrawn in 2010, approved again in 2017)",Gemtuzumab,TAR0OVWVF,Myeloid cell surface antigen CD33 (CD33),PAY0RZSDY,N-acetyl-gamma-calicheamicin,PAY0RZSDY,Human deoxyribonucleic acid (hDNA),DNA-damaging,AcButDMH,LC4-1 cells,B acute lymphoblastic leukemia,1.47,1,1,0,ADCC004915,https://adcdb.idrblab.net/data/adc/details/DRG0JOHND,LC4-1 cells || Myeloid cell surface antigen CD33 (CD33)
DRG0JOHND,Gemtuzumab ozogamicin,"Approved in 2000 (withdrawn in 2010, approved again in 2017)",Gemtuzumab,TAR0OVWVF,Myeloid cell surface antigen CD33 (CD33),PAY0RZSDY,N-acetyl-gamma-calicheamicin,PAY0RZSDY,Human deoxyribonucleic acid (hDNA),DNA-damaging,AcButDMH,LOUCY cells,Adult T acute lymphoblastic leukemia,3.31,1,1,0,ADCC004917,https://adcdb.idrblab.net/data/adc/details/DRG0JOHND,LOUCY cells || Myeloid cell surface antigen CD33 (CD33)
DRG0JOHND,Gemtuzumab ozogamicin,"Approved in 2000 (withdrawn in 2010, approved again in 2017)",Gemtuzumab,TAR0OVWVF,Myeloid cell surface antigen CD33 (CD33),PAY0RZSDY,N-acetyl-gamma-calicheamicin,PAY0RZSDY,Human deoxyribonucleic acid (hDNA),DNA-damaging,AcButDMH,ML-2 cells,Acute myeloid leukemia,0.02,1,1,0,ADCC004873,https://adcdb.idrblab.net/data/adc/details/DRG0JOHND,ML-2 cells || Myeloid cell surface antigen CD33 (CD33)
DRG0JOHND,Gemtuzumab ozogamicin,"Approved in 2000 (withdrawn in 2010, approved again in 2017)",Gemtuzumab,TAR0OVWVF,Myeloid cell surface antigen CD33 (CD33),PAY0RZSDY,N-acetyl-gamma-calicheamicin,PAY0RZSDY,Human deoxyribonucleic acid (hDNA),DNA-damaging,AcButDMH,MOLM-13 cells,Adult acute myeloid leukemia,0.03,1,1,0,ADCC004879,https://adcdb.idrblab.net/data/adc/details/DRG0JOHND,MOLM-13 cells || Myeloid cell surface antigen CD33 (CD33)
DRG0JOHND,Gemtuzumab ozogamicin,"Approved in 2000 (withdrawn in 2010, approved again in 2017)",Gemtuzumab,TAR0OVWVF,Myeloid cell surface antigen CD33 (CD33),PAY0RZSDY,N-acetyl-gamma-calicheamicin,PAY0RZSDY,Human deoxyribonucleic acid (hDNA),DNA-damaging,AcButDMH,MOLT-4 cells,Adult T acute lymphoblastic leukemia,0.43,1,1,0,ADCC004914,https://adcdb.idrblab.net/data/adc/details/DRG0JOHND,MOLT-4 cells || Myeloid cell surface antigen CD33 (CD33)
DRG0JOHND,Gemtuzumab ozogamicin,"Approved in 2000 (withdrawn in 2010, approved again in 2017)",Gemtuzumab,TAR0OVWVF,Myeloid cell surface antigen CD33 (CD33),PAY0RZSDY,N-acetyl-gamma-calicheamicin,PAY0RZSDY,Human deoxyribonucleic acid (hDNA),DNA-damaging,AcButDMH,MV4-11 cells,Childhood acute monocytic leukemia,0.07,1,1,0,ADCC004872,https://adcdb.idrblab.net/data/adc/details/DRG0JOHND,MV4-11 cells || Myeloid cell surface antigen CD33 (CD33)
DRG0JOHND,Gemtuzumab ozogamicin,"Approved in 2000 (withdrawn in 2010, approved again in 2017)",Gemtuzumab,TAR0OVWVF,Myeloid cell surface antigen CD33 (CD33),PAY0RZSDY,N-acetyl-gamma-calicheamicin,PAY0RZSDY,Human deoxyribonucleic acid (hDNA),DNA-damaging,AcButDMH,NALM-16 cells,Childhood B acute lymphoblastic leukemia,8.02,1,1,0,ADCC004913,https://adcdb.idrblab.net/data/adc/details/DRG0JOHND,NALM-16 cells || Myeloid cell surface antigen CD33 (CD33)
DRG0JOHND,Gemtuzumab ozogamicin,"Approved in 2000 (withdrawn in 2010, approved again in 2017)",Gemtuzumab,TAR0OVWVF,Myeloid cell surface antigen CD33 (CD33),PAY0RZSDY,N-acetyl-gamma-calicheamicin,PAY0RZSDY,Human deoxyribonucleic acid (hDNA),DNA-damaging,AcButDMH,NOMO-1 cells,Acute monocytic leukemia,20,0,1,0,ADCC004886,https://adcdb.idrblab.net/data/adc/details/DRG0JOHND,NOMO-1 cells || Myeloid cell surface antigen CD33 (CD33)
DRG0JOHND,Gemtuzumab ozogamicin,"Approved in 2000 (withdrawn in 2010, approved again in 2017)",Gemtuzumab,TAR0OVWVF,Myeloid cell surface antigen CD33 (CD33),PAY0RZSDY,N-acetyl-gamma-calicheamicin,PAY0RZSDY,Human deoxyribonucleic acid (hDNA),DNA-damaging,AcButDMH,OCI-AML-1 cells,Adult acute myeloid leukemia,0.09,1,1,0,ADCC004884,https://adcdb.idrblab.net/data/adc/details/DRG0JOHND,OCI-AML-1 cells || Myeloid cell surface antigen CD33 (CD33)
DRG0JOHND,Gemtuzumab ozogamicin,"Approved in 2000 (withdrawn in 2010, approved again in 2017)",Gemtuzumab,TAR0OVWVF,Myeloid cell surface antigen CD33 (CD33),PAY0RZSDY,N-acetyl-gamma-calicheamicin,PAY0RZSDY,Human deoxyribonucleic acid (hDNA),DNA-damaging,AcButDMH,OCI-AML-4 cells,Acute myeloid leukemia,0.1,1,1,0,ADCC004878,https://adcdb.idrblab.net/data/adc/details/DRG0JOHND,OCI-AML-4 cells || Myeloid cell surface antigen CD33 (CD33)
DRG0JOHND,Gemtuzumab ozogamicin,"Approved in 2000 (withdrawn in 2010, approved again in 2017)",Gemtuzumab,TAR0OVWVF,Myeloid cell surface antigen CD33 (CD33),PAY0RZSDY,N-acetyl-gamma-calicheamicin,PAY0RZSDY,Human deoxyribonucleic acid (hDNA),DNA-damaging,AcButDMH,OCI-M1 cells,Acute myeloid leukemia,20,0,1,0,ADCC004888,https://adcdb.idrblab.net/data/adc/details/DRG0JOHND,OCI-M1 cells || Myeloid cell surface antigen CD33 (CD33)
DRG0JOHND,Gemtuzumab ozogamicin,"Approved in 2000 (withdrawn in 2010, approved again in 2017)",Gemtuzumab,TAR0OVWVF,Myeloid cell surface antigen CD33 (CD33),PAY0RZSDY,N-acetyl-gamma-calicheamicin,PAY0RZSDY,Human deoxyribonucleic acid (hDNA),DNA-damaging,AcButDMH,PLB-985 cells,Adult acute myeloid leukemia,20,0,1,0,ADCC004889,https://adcdb.idrblab.net/data/adc/details/DRG0JOHND,PLB-985 cells || Myeloid cell surface antigen CD33 (CD33)
DRG0JOHND,Gemtuzumab ozogamicin,"Approved in 2000 (withdrawn in 2010, approved again in 2017)",Gemtuzumab,TAR0OVWVF,Myeloid cell surface antigen CD33 (CD33),PAY0RZSDY,N-acetyl-gamma-calicheamicin,PAY0RZSDY,Human deoxyribonucleic acid (hDNA),DNA-damaging,AcButDMH,RS4 11 cells,Adult B acute lymphoblastic leukemia,0.56,1,1,0,ADCC004910,https://adcdb.idrblab.net/data/adc/details/DRG0JOHND,RS4 11 cells || Myeloid cell surface antigen CD33 (CD33)
DRG0JOHND,Gemtuzumab ozogamicin,"Approved in 2000 (withdrawn in 2010, approved again in 2017)",Gemtuzumab,TAR0OVWVF,Myeloid cell surface antigen CD33 (CD33),PAY0RZSDY,N-acetyl-gamma-calicheamicin,PAY0RZSDY,Human deoxyribonucleic acid (hDNA),DNA-damaging,AcButDMH,Reh cells,B acute lymphoblastic leukemia,0.58,1,1,0,ADCC004916,https://adcdb.idrblab.net/data/adc/details/DRG0JOHND,Reh cells || Myeloid cell surface antigen CD33 (CD33)
DRG0JOHND,Gemtuzumab ozogamicin,"Approved in 2000 (withdrawn in 2010, approved again in 2017)",Gemtuzumab,TAR0OVWVF,Myeloid cell surface antigen CD33 (CD33),PAY0RZSDY,N-acetyl-gamma-calicheamicin,PAY0RZSDY,Human deoxyribonucleic acid (hDNA),DNA-damaging,AcButDMH,SKM-1 cells,Acute myeloid leukemia,0.45,1,1,0,ADCC004924,https://adcdb.idrblab.net/data/adc/details/DRG0JOHND,SKM-1 cells || Myeloid cell surface antigen CD33 (CD33)
DRG0JOHND,Gemtuzumab ozogamicin,"Approved in 2000 (withdrawn in 2010, approved again in 2017)",Gemtuzumab,TAR0OVWVF,Myeloid cell surface antigen CD33 (CD33),PAY0RZSDY,N-acetyl-gamma-calicheamicin,PAY0RZSDY,Human deoxyribonucleic acid (hDNA),DNA-damaging,AcButDMH,SKNO-1 cells,Adult acute myeloid leukemia,0.04,1,1,0,ADCC004875,https://adcdb.idrblab.net/data/adc/details/DRG0JOHND,SKNO-1 cells || Myeloid cell surface antigen CD33 (CD33)
DRG0JOHND,Gemtuzumab ozogamicin,"Approved in 2000 (withdrawn in 2010, approved again in 2017)",Gemtuzumab,TAR0OVWVF,Myeloid cell surface antigen CD33 (CD33),PAY0RZSDY,N-acetyl-gamma-calicheamicin,PAY0RZSDY,Human deoxyribonucleic acid (hDNA),DNA-damaging,AcButDMH,SUP-B15 cells,B-lymphoblastic leukemia,1.78,1,1,0,ADCC004920,https://adcdb.idrblab.net/data/adc/details/DRG0JOHND,SUP-B15 cells || Myeloid cell surface antigen CD33 (CD33)
DRG0JOHND,Gemtuzumab ozogamicin,"Approved in 2000 (withdrawn in 2010, approved again in 2017)",Gemtuzumab,TAR0OVWVF,Myeloid cell surface antigen CD33 (CD33),PAY0RZSDY,N-acetyl-gamma-calicheamicin,PAY0RZSDY,Human deoxyribonucleic acid (hDNA),DNA-damaging,AcButDMH,SUP-T1 cells,T lymphoblastic lymphoma,8.61,1,1,0,ADCC004919,https://adcdb.idrblab.net/data/adc/details/DRG0JOHND,SUP-T1 cells || Myeloid cell surface antigen CD33 (CD33)
DRG0JOHND,Gemtuzumab ozogamicin,"Approved in 2000 (withdrawn in 2010, approved again in 2017)",Gemtuzumab,TAR0OVWVF,Myeloid cell surface antigen CD33 (CD33),PAY0RZSDY,N-acetyl-gamma-calicheamicin,PAY0RZSDY,Human deoxyribonucleic acid (hDNA),DNA-damaging,AcButDMH,TALL-1 cells,T acute lymphoblastic leukemia,2.92,1,1,0,ADCC004912,https://adcdb.idrblab.net/data/adc/details/DRG0JOHND,TALL-1 cells || Myeloid cell surface antigen CD33 (CD33)
DRG0JOHND,Gemtuzumab ozogamicin,"Approved in 2000 (withdrawn in 2010, approved again in 2017)",Gemtuzumab,TAR0OVWVF,Myeloid cell surface antigen CD33 (CD33),PAY0RZSDY,N-acetyl-gamma-calicheamicin,PAY0RZSDY,Human deoxyribonucleic acid (hDNA),DNA-damaging,AcButDMH,TF-1a cells,Acute erythroid leukemia,20,0,1,0,ADCC004928,https://adcdb.idrblab.net/data/adc/details/DRG0JOHND,TF-1a cells || Myeloid cell surface antigen CD33 (CD33)
DRG0JOHND,Gemtuzumab ozogamicin,"Approved in 2000 (withdrawn in 2010, approved again in 2017)",Gemtuzumab,TAR0OVWVF,Myeloid cell surface antigen CD33 (CD33),PAY0RZSDY,N-acetyl-gamma-calicheamicin,PAY0RZSDY,Human deoxyribonucleic acid (hDNA),DNA-damaging,AcButDMH,THP-1 cells,Childhood acute monocytic leukemia,2.57,1,1,0,ADCC004922,https://adcdb.idrblab.net/data/adc/details/DRG0JOHND,THP-1 cells || Myeloid cell surface antigen CD33 (CD33)
DRG0DEGEG,Vobramitamab duocarmazine,Phase 2 (discontinued),Vobramitamab,TAR0GLSWQ,CD276 antigen (CD276),PAY0SOSMQ,Seco-DUBA,PAY0SOSMQ,Human deoxyribonucleic acid (hDNA),DNA-damaging,Mal-PEG2-Val-Cit-PABA-Cyclization Spacer,A375.S2 cells,Amelanotic melanoma,0.181,1,1,0,ADCC001276,https://adcdb.idrblab.net/data/adc/details/DRG0DEGEG,A375.S2 cells || CD276 antigen (CD276)
DRG0DEGEG,Vobramitamab duocarmazine,Phase 2 (discontinued),Vobramitamab,TAR0GLSWQ,CD276 antigen (CD276),PAY0SOSMQ,Seco-DUBA,PAY0SOSMQ,Human deoxyribonucleic acid (hDNA),DNA-damaging,Mal-PEG2-Val-Cit-PABA-Cyclization Spacer,Calu-6 cells,Lung adenocarcinoma,0.26,1,1,0,ADCC001278,https://adcdb.idrblab.net/data/adc/details/DRG0DEGEG,Calu-6 cells || CD276 antigen (CD276)
DRG0DEGEG,Vobramitamab duocarmazine,Phase 2 (discontinued),Vobramitamab,TAR0GLSWQ,CD276 antigen (CD276),PAY0SOSMQ,Seco-DUBA,PAY0SOSMQ,Human deoxyribonucleic acid (hDNA),DNA-damaging,Mal-PEG2-Val-Cit-PABA-Cyclization Spacer,Hs 700T cells,Neoplasm,0.319,1,1,0,ADCC001280,https://adcdb.idrblab.net/data/adc/details/DRG0DEGEG,Hs 700T cells || CD276 antigen (CD276)
DRG0DEGEG,Vobramitamab duocarmazine,Phase 2 (discontinued),Vobramitamab,TAR0GLSWQ,CD276 antigen (CD276),PAY0SOSMQ,Seco-DUBA,PAY0SOSMQ,Human deoxyribonucleic acid (hDNA),DNA-damaging,Mal-PEG2-Val-Cit-PABA-Cyclization Spacer,LN-229 cells,Glioblastoma,0.91,1,1,0,ADCC001281,https://adcdb.idrblab.net/data/adc/details/DRG0DEGEG,LN-229 cells || CD276 antigen (CD276)
DRG0DEGEG,Vobramitamab duocarmazine,Phase 2 (discontinued),Vobramitamab,TAR0GLSWQ,CD276 antigen (CD276),PAY0SOSMQ,Seco-DUBA,PAY0SOSMQ,Human deoxyribonucleic acid (hDNA),DNA-damaging,Mal-PEG2-Val-Cit-PABA-Cyclization Spacer,MDA-MB-468 cells,Breast adenocarcinoma,0.767,1,1,0,ADCC001275,https://adcdb.idrblab.net/data/adc/details/DRG0DEGEG,MDA-MB-468 cells || CD276 antigen (CD276)
DRG0DEGEG,Vobramitamab duocarmazine,Phase 2 (discontinued),Vobramitamab,TAR0GLSWQ,CD276 antigen (CD276),PAY0SOSMQ,Seco-DUBA,PAY0SOSMQ,Human deoxyribonucleic acid (hDNA),DNA-damaging,Mal-PEG2-Val-Cit-PABA-Cyclization Spacer,NCI-H1703 cells,Lung squamous cell carcinoma,0.585,1,1,0,ADCC001279,https://adcdb.idrblab.net/data/adc/details/DRG0DEGEG,NCI-H1703 cells || CD276 antigen (CD276)
DRG0DEGEG,Vobramitamab duocarmazine,Phase 2 (discontinued),Vobramitamab,TAR0GLSWQ,CD276 antigen (CD276),PAY0SOSMQ,Seco-DUBA,PAY0SOSMQ,Human deoxyribonucleic acid (hDNA),DNA-damaging,Mal-PEG2-Val-Cit-PABA-Cyclization Spacer,PA-1 cells,Ovarian mixed germ cell tumor,0.275,1,1,0,ADCC001277,https://adcdb.idrblab.net/data/adc/details/DRG0DEGEG,PA-1 cells || CD276 antigen (CD276)
DRG0DEGEG,Vobramitamab duocarmazine,Phase 2 (discontinued),Vobramitamab,TAR0GLSWQ,CD276 antigen (CD276),PAY0SOSMQ,Seco-DUBA,PAY0SOSMQ,Human deoxyribonucleic acid (hDNA),DNA-damaging,Mal-PEG2-Val-Cit-PABA-Cyclization Spacer,Raji cells,EBV-related Burkitt lymphoma,10,0,1,0,ADCC001283,https://adcdb.idrblab.net/data/adc/details/DRG0DEGEG,Raji cells || CD276 antigen (CD276)
DRG0DEGEG,Vobramitamab duocarmazine,Phase 2 (discontinued),Vobramitamab,TAR0GLSWQ,CD276 antigen (CD276),PAY0SOSMQ,Seco-DUBA,PAY0SOSMQ,Human deoxyribonucleic acid (hDNA),DNA-damaging,Mal-PEG2-Val-Cit-PABA-Cyclization Spacer,SW48 cells,Colon adenocarcinoma,1.447,1,1,0,ADCC001282,https://adcdb.idrblab.net/data/adc/details/DRG0DEGEG,SW48 cells || CD276 antigen (CD276)
DRG0FUFBP,Camidanlumab tesirine,Phase 2 (discontinued),Camidanlumab,TAR0CYSHF,Interleukin-2 receptor subunit alpha (IL2RA),PAY0XBVCC,SG3199 (SC-DR002),PAY0XBVCC,Human deoxyribonucleic acid (hDNA),DNA-damaging,Mal-PEG8-Val-Ala-PABC,EoL-1 cells,Chronic eosinophilic leukemia,0.00026,1,1,0,ADCC000594,https://adcdb.idrblab.net/data/adc/details/DRG0FUFBP,EoL-1 cells || Interleukin-2 receptor subunit alpha (IL2RA)
DRG0FUFBP,Camidanlumab tesirine,Phase 2 (discontinued),Camidanlumab,TAR0CYSHF,Interleukin-2 receptor subunit alpha (IL2RA),PAY0XBVCC,SG3199 (SC-DR002),PAY0XBVCC,Human deoxyribonucleic acid (hDNA),DNA-damaging,Mal-PEG8-Val-Ala-PABC,HDLM-2 cells,Hodgkin lymphoma,0.0196,1,1,0,ADCC000588,https://adcdb.idrblab.net/data/adc/details/DRG0FUFBP,HDLM-2 cells || Interleukin-2 receptor subunit alpha (IL2RA)
DRG0FUFBP,Camidanlumab tesirine,Phase 2 (discontinued),Camidanlumab,TAR0CYSHF,Interleukin-2 receptor subunit alpha (IL2RA),PAY0XBVCC,SG3199 (SC-DR002),PAY0XBVCC,Human deoxyribonucleic acid (hDNA),DNA-damaging,Mal-PEG8-Val-Ala-PABC,Karpas-299 cells,ALK-positive anaplastic large cell lymphoma,0.01707,1,1,0,ADCC000590,https://adcdb.idrblab.net/data/adc/details/DRG0FUFBP,Karpas-299 cells || Interleukin-2 receptor subunit alpha (IL2RA)
DRG0FUFBP,Camidanlumab tesirine,Phase 2 (discontinued),Camidanlumab,TAR0CYSHF,Interleukin-2 receptor subunit alpha (IL2RA),PAY0XBVCC,SG3199 (SC-DR002),PAY0XBVCC,Human deoxyribonucleic acid (hDNA),DNA-damaging,Mal-PEG8-Val-Ala-PABC,SU-DHL-1 cells,Anaplastic large cell lymphoma,0.00496,1,1,0,ADCC000587,https://adcdb.idrblab.net/data/adc/details/DRG0FUFBP,SU-DHL-1 cells || Interleukin-2 receptor subunit alpha (IL2RA)
DRG0TZZNJ,Mipasetamab uzoptirine,Phase 1 (discontinued),Mipasetamab,TAR0PMKUR,Tyrosine-protein kinase receptor UFO (AXL),PAY0XBVCC,SG3199 (SC-DR002),PAY0XBVCC,Human deoxyribonucleic acid (hDNA),DNA-damaging,BCN-HydraSpace-Val-Ala-PABC,A-172 cells,Glioblastoma,0.59,1,1,0,ADCC001655,https://adcdb.idrblab.net/data/adc/details/DRG0TZZNJ,A-172 cells || Tyrosine-protein kinase receptor UFO (AXL)
DRG0TZZNJ,Mipasetamab uzoptirine,Phase 1 (discontinued),Mipasetamab,TAR0PMKUR,Tyrosine-protein kinase receptor UFO (AXL),PAY0XBVCC,SG3199 (SC-DR002),PAY0XBVCC,Human deoxyribonucleic acid (hDNA),DNA-damaging,BCN-HydraSpace-Val-Ala-PABC,Karpas-299 cells,ALK-positive anaplastic large cell lymphoma,14.62,0,1,0,ADCC001662,https://adcdb.idrblab.net/data/adc/details/DRG0TZZNJ,Karpas-299 cells || Tyrosine-protein kinase receptor UFO (AXL)
DRG0TZZNJ,Mipasetamab uzoptirine,Phase 1 (discontinued),Mipasetamab,TAR0PMKUR,Tyrosine-protein kinase receptor UFO (AXL),PAY0XBVCC,SG3199 (SC-DR002),PAY0XBVCC,Human deoxyribonucleic acid (hDNA),DNA-damaging,BCN-HydraSpace-Val-Ala-PABC,MDA-MB-231 cells,Breast adenocarcinoma,0.35,1,1,0,ADCC001657,https://adcdb.idrblab.net/data/adc/details/DRG0TZZNJ,MDA-MB-231 cells || Tyrosine-protein kinase receptor UFO (AXL)
DRG0TZZNJ,Mipasetamab uzoptirine,Phase 1 (discontinued),Mipasetamab,TAR0PMKUR,Tyrosine-protein kinase receptor UFO (AXL),PAY0XBVCC,SG3199 (SC-DR002),PAY0XBVCC,Human deoxyribonucleic acid (hDNA),DNA-damaging,BCN-HydraSpace-Val-Ala-PABC,MDA-MB-361 cells,Breast adenocarcinoma,9.29,1,1,0,ADCC001661,https://adcdb.idrblab.net/data/adc/details/DRG0TZZNJ,MDA-MB-361 cells || Tyrosine-protein kinase receptor UFO (AXL)
DRG0TZZNJ,Mipasetamab uzoptirine,Phase 1 (discontinued),Mipasetamab,TAR0PMKUR,Tyrosine-protein kinase receptor UFO (AXL),PAY0XBVCC,SG3199 (SC-DR002),PAY0XBVCC,Human deoxyribonucleic acid (hDNA),DNA-damaging,BCN-HydraSpace-Val-Ala-PABC,NCI-H1299 cells,Lung large cell carcinoma,2.2,1,1,0,ADCC001659,https://adcdb.idrblab.net/data/adc/details/DRG0TZZNJ,NCI-H1299 cells || Tyrosine-protein kinase receptor UFO (AXL)
DRG0TZZNJ,Mipasetamab uzoptirine,Phase 1 (discontinued),Mipasetamab,TAR0PMKUR,Tyrosine-protein kinase receptor UFO (AXL),PAY0XBVCC,SG3199 (SC-DR002),PAY0XBVCC,Human deoxyribonucleic acid (hDNA),DNA-damaging,BCN-HydraSpace-Val-Ala-PABC,PANC-1 cells,Pancreatic ductal adenocarcinoma,0.47,1,1,0,ADCC001654,https://adcdb.idrblab.net/data/adc/details/DRG0TZZNJ,PANC-1 cells || Tyrosine-protein kinase receptor UFO (AXL)
DRG0TZZNJ,Mipasetamab uzoptirine,Phase 1 (discontinued),Mipasetamab,TAR0PMKUR,Tyrosine-protein kinase receptor UFO (AXL),PAY0XBVCC,SG3199 (SC-DR002),PAY0XBVCC,Human deoxyribonucleic acid (hDNA),DNA-damaging,BCN-HydraSpace-Val-Ala-PABC,SK-LU-1 cells,Lung adenocarcinoma,0.02,1,1,0,ADCC001656,https://adcdb.idrblab.net/data/adc/details/DRG0TZZNJ,SK-LU-1 cells || Tyrosine-protein kinase receptor UFO (AXL)
DRG0TZZNJ,Mipasetamab uzoptirine,Phase 1 (discontinued),Mipasetamab,TAR0PMKUR,Tyrosine-protein kinase receptor UFO (AXL),PAY0XBVCC,SG3199 (SC-DR002),PAY0XBVCC,Human deoxyribonucleic acid (hDNA),DNA-damaging,BCN-HydraSpace-Val-Ala-PABC,SK-OV-3 cells,Ovarian serous cystadenocarcinoma,0.11,1,1,0,ADCC001658,https://adcdb.idrblab.net/data/adc/details/DRG0TZZNJ,SK-OV-3 cells || Tyrosine-protein kinase receptor UFO (AXL)
DRG0TZZNJ,Mipasetamab uzoptirine,Phase 1 (discontinued),Mipasetamab,TAR0PMKUR,Tyrosine-protein kinase receptor UFO (AXL),PAY0XBVCC,SG3199 (SC-DR002),PAY0XBVCC,Human deoxyribonucleic acid (hDNA),DNA-damaging,BCN-HydraSpace-Val-Ala-PABC,SN12C cells,Renal cell carcinoma,0.83,1,1,0,ADCC001660,https://adcdb.idrblab.net/data/adc/details/DRG0TZZNJ,SN12C cells || Tyrosine-protein kinase receptor UFO (AXL)
DRG0PTXBI,Hu-Alpha-EGFR (ACVC)-172,Investigative,"hu-alpha-EGFR(ACVC), cetuximab with A114C and V205C mutations",TAR0UYFIF,Epidermal growth factor receptor (EGFR),PAY0MQMQP,IMSA172,PAY0MQMQP,Stimulator of interferon genes protein (STING1),Other,Mc-Val-Cit-PABC,THP1-Lucia ISG cells,Acute monocytic leukemia,1.5,1,2,1,ADCC002308;ADCC002309,https://adcdb.idrblab.net/data/adc/details/DRG0PTXBI,THP1-Lucia ISG cells || Epidermal growth factor receptor (EGFR)
DRG0RANRT,Hu-Alpha-EGFR-172,Investigative,Cetuximab,TAR0UYFIF,Epidermal growth factor receptor (EGFR),PAY0MQMQP,IMSA172,PAY0MQMQP,Stimulator of interferon genes protein (STING1),Other,Mc-Val-Cit-PABC,THP1-Lucia ISG cells,Acute monocytic leukemia,10000,0,1,0,ADCC002310,https://adcdb.idrblab.net/data/adc/details/DRG0RANRT,THP1-Lucia ISG cells || Epidermal growth factor receptor (EGFR)
DRG0SNONX,Milatuzumab-RSL3-NH2,Investigative,Milatuzumab,TAR0KVKEF,HLA class II histocompatibility antigen gamma chain (CD74),PAY0NNLXO,RSL3-NH2,PAY0NNLXO,Phospholipid hydroperoxide glutathione peroxidase (GPX4),Other,Mal-PEG4-DBCO-Ala-Val,Toledo cells,Diffuse large B-cell lymphoma,2.4,1,1,0,ADCC000584,https://adcdb.idrblab.net/data/adc/details/DRG0SNONX,Toledo cells || HLA class II histocompatibility antigen gamma chain (CD74)
DRG0ZXCSM,Trastuzumab-RSL3-NH2,Investigative,Trastuzumab,TAR0THKZD,Receptor tyrosine-protein kinase erbB-2 (HER2),PAY0NNLXO,RSL3-NH2,PAY0NNLXO,Phospholipid hydroperoxide glutathione peroxidase (GPX4),Other,Mal-PEG4-DBCO-Ala-Val,BT-474 cells,Invasive breast carcinoma,100,0,1,0,ADCC000583,https://adcdb.idrblab.net/data/adc/details/DRG0ZXCSM,BT-474 cells || Receptor tyrosine-protein kinase erbB-2 (HER2)
DRG0WIBDT,Pamlectabart tismanitin,Phase 1/2,Pamlectabart,TAR0KQONX,Tumor necrosis factor receptor superfamily member 17 (TNFRSF17),PAY0VZNCV,HDP 30.2115,PAY0VZNCV,RNA polymerase II,Other,Mal-Val-Ala-PAB,HS-5 cells,Normal,1000,0,1,0,ADCC000782,https://adcdb.idrblab.net/data/adc/details/DRG0WIBDT,HS-5 cells || Tumor necrosis factor receptor superfamily member 17 (TNFRSF17)
DRG0WIBDT,Pamlectabart tismanitin,Phase 1/2,Pamlectabart,TAR0KQONX,Tumor necrosis factor receptor superfamily member 17 (TNFRSF17),PAY0VZNCV,HDP 30.2115,PAY0VZNCV,RNA polymerase II,Other,Mal-Val-Ala-PAB,INA-6 cells,Plasma cell myeloma,0.18,1,1,0,ADCC000777,https://adcdb.idrblab.net/data/adc/details/DRG0WIBDT,INA-6 cells || Tumor necrosis factor receptor superfamily member 17 (TNFRSF17)
DRG0WIBDT,Pamlectabart tismanitin,Phase 1/2,Pamlectabart,TAR0KQONX,Tumor necrosis factor receptor superfamily member 17 (TNFRSF17),PAY0VZNCV,HDP 30.2115,PAY0VZNCV,RNA polymerase II,Other,Mal-Val-Ala-PAB,L-363 cells,Plasma cell myeloma,4.83,1,1,0,ADCC000779,https://adcdb.idrblab.net/data/adc/details/DRG0WIBDT,L-363 cells || Tumor necrosis factor receptor superfamily member 17 (TNFRSF17)
DRG0WIBDT,Pamlectabart tismanitin,Phase 1/2,Pamlectabart,TAR0KQONX,Tumor necrosis factor receptor superfamily member 17 (TNFRSF17),PAY0VZNCV,HDP 30.2115,PAY0VZNCV,RNA polymerase II,Other,Mal-Val-Ala-PAB,LP-1 cells,Plasma cell myeloma,0.3,1,1,0,ADCC000781,https://adcdb.idrblab.net/data/adc/details/DRG0WIBDT,LP-1 cells || Tumor necrosis factor receptor superfamily member 17 (TNFRSF17)
DRG0WIBDT,Pamlectabart tismanitin,Phase 1/2,Pamlectabart,TAR0KQONX,Tumor necrosis factor receptor superfamily member 17 (TNFRSF17),PAY0VZNCV,HDP 30.2115,PAY0VZNCV,RNA polymerase II,Other,Mal-Val-Ala-PAB,MM1.S cells,Plasma cell myeloma,0.16,1,1,0,ADCC000775,https://adcdb.idrblab.net/data/adc/details/DRG0WIBDT,MM1.S cells || Tumor necrosis factor receptor superfamily member 17 (TNFRSF17)
DRG0WIBDT,Pamlectabart tismanitin,Phase 1/2,Pamlectabart,TAR0KQONX,Tumor necrosis factor receptor superfamily member 17 (TNFRSF17),PAY0VZNCV,HDP 30.2115,PAY0VZNCV,RNA polymerase II,Other,Mal-Val-Ala-PAB,NCI-H929 cells,Plasma cell myeloma,0.04,1,1,0,ADCC000776,https://adcdb.idrblab.net/data/adc/details/DRG0WIBDT,NCI-H929 cells || Tumor necrosis factor receptor superfamily member 17 (TNFRSF17)
DRG0WIBDT,Pamlectabart tismanitin,Phase 1/2,Pamlectabart,TAR0KQONX,Tumor necrosis factor receptor superfamily member 17 (TNFRSF17),PAY0VZNCV,HDP 30.2115,PAY0VZNCV,RNA polymerase II,Other,Mal-Val-Ala-PAB,OPM-2 cells,Plasma cell myeloma,34.2,0,1,0,ADCC000778,https://adcdb.idrblab.net/data/adc/details/DRG0WIBDT,OPM-2 cells || Tumor necrosis factor receptor superfamily member 17 (TNFRSF17)
DRG0WIBDT,Pamlectabart tismanitin,Phase 1/2,Pamlectabart,TAR0KQONX,Tumor necrosis factor receptor superfamily member 17 (TNFRSF17),PAY0VZNCV,HDP 30.2115,PAY0VZNCV,RNA polymerase II,Other,Mal-Val-Ala-PAB,RPMI-8226 cells,Plasma cell myeloma,142,0,1,0,ADCC000774,https://adcdb.idrblab.net/data/adc/details/DRG0WIBDT,RPMI-8226 cells || Tumor necrosis factor receptor superfamily member 17 (TNFRSF17)
DRG0WIBDT,Pamlectabart tismanitin,Phase 1/2,Pamlectabart,TAR0KQONX,Tumor necrosis factor receptor superfamily member 17 (TNFRSF17),PAY0VZNCV,HDP 30.2115,PAY0VZNCV,RNA polymerase II,Other,Mal-Val-Ala-PAB,SK-MM-1 cells,Multiple myeloma,0.34,1,1,0,ADCC000780,https://adcdb.idrblab.net/data/adc/details/DRG0WIBDT,SK-MM-1 cells || Tumor necrosis factor receptor superfamily member 17 (TNFRSF17)
DRG0WIBDT,Pamlectabart tismanitin,Phase 1/2,Pamlectabart,TAR0KQONX,Tumor necrosis factor receptor superfamily member 17 (TNFRSF17),PAY0VZNCV,HDP 30.2115,PAY0VZNCV,RNA polymerase II,Other,Mal-Val-Ala-PAB,U266B1 cells,Plasma cell myeloma,0.01,1,1,0,ADCC000773,https://adcdb.idrblab.net/data/adc/details/DRG0WIBDT,U266B1 cells || Tumor necrosis factor receptor superfamily member 17 (TNFRSF17)
DRG0WIBDT,Pamlectabart tismanitin,Phase 1/2,Pamlectabart,TAR0KQONX,Tumor necrosis factor receptor superfamily member 17 (TNFRSF17),PAY0VZNCV,HDP 30.2115,PAY0VZNCV,RNA polymerase II,Other,Mal-Val-Ala-PAB,U2OS cells,Osteosarcoma,1000,0,1,0,ADCC000783,https://adcdb.idrblab.net/data/adc/details/DRG0WIBDT,U2OS cells || Tumor necrosis factor receptor superfamily member 17 (TNFRSF17)
DRG0BSQPI,Sacituzumab tirumotecan,Apprpved in 2024,Sacituzumab,TAR0MIBZW,Tumor-associated calcium signal transducer 2 (TACSTD2),PAY0BBRSF,KL610023,PAY0BBRSF,DNA topoisomerase 1 (TOP1),Topo-I inhibitor,Pyrimidine CL2A carbonate linker,BxPC-3 cells,Pancreatic ductal adenocarcinoma,11.03,0,1,0,ADCC000495,https://adcdb.idrblab.net/data/adc/details/DRG0BSQPI,BxPC-3 cells || Tumor-associated calcium signal transducer 2 (TACSTD2)
DRG0BSQPI,Sacituzumab tirumotecan,Apprpved in 2024,Sacituzumab,TAR0MIBZW,Tumor-associated calcium signal transducer 2 (TACSTD2),PAY0BBRSF,KL610023,PAY0BBRSF,DNA topoisomerase 1 (TOP1),Topo-I inhibitor,Pyrimidine CL2A carbonate linker,Calu-3 cells,Lung adenocarcinoma,1.28,1,1,0,ADCC000496,https://adcdb.idrblab.net/data/adc/details/DRG0BSQPI,Calu-3 cells || Tumor-associated calcium signal transducer 2 (TACSTD2)
DRG0BSQPI,Sacituzumab tirumotecan,Apprpved in 2024,Sacituzumab,TAR0MIBZW,Tumor-associated calcium signal transducer 2 (TACSTD2),PAY0BBRSF,KL610023,PAY0BBRSF,DNA topoisomerase 1 (TOP1),Topo-I inhibitor,Pyrimidine CL2A carbonate linker,HCC1806 cells,Breast squamous cell carcinoma,5.7,1,1,0,ADCC000493,https://adcdb.idrblab.net/data/adc/details/DRG0BSQPI,HCC1806 cells || Tumor-associated calcium signal transducer 2 (TACSTD2)
DRG0BSQPI,Sacituzumab tirumotecan,Apprpved in 2024,Sacituzumab,TAR0MIBZW,Tumor-associated calcium signal transducer 2 (TACSTD2),PAY0BBRSF,KL610023,PAY0BBRSF,DNA topoisomerase 1 (TOP1),Topo-I inhibitor,Pyrimidine CL2A carbonate linker,NCI-H23 cells,Lung adenocarcinoma,3.41,1,2,1,ADCC000497;ADCC000498,https://adcdb.idrblab.net/data/adc/details/DRG0BSQPI,NCI-H23 cells || Tumor-associated calcium signal transducer 2 (TACSTD2)
DRG0BSQPI,Sacituzumab tirumotecan,Apprpved in 2024,Sacituzumab,TAR0MIBZW,Tumor-associated calcium signal transducer 2 (TACSTD2),PAY0BBRSF,KL610023,PAY0BBRSF,DNA topoisomerase 1 (TOP1),Topo-I inhibitor,Pyrimidine CL2A carbonate linker,NCI-N87 cells,Gastric tubular adenocarcinoma,2.24,1,1,0,ADCC000494,https://adcdb.idrblab.net/data/adc/details/DRG0BSQPI,NCI-N87 cells || Tumor-associated calcium signal transducer 2 (TACSTD2)
DRG0JBKMD,Labetuzumab govitecan,Phase 2 (discontinued),Labetuzumab,TAR0MKNCY,Carcinoembryonic antigen-related cell adhesion molecule 5 (CEACAM5),PAY0BKPAH,SN-38,PAY0BKPAH,DNA topoisomerase 1 (TOP1),Topo-I inhibitor,CL2A,22RV1 cells,Prostate carcinoma,1.23,1,1,0,ADCC000739,https://adcdb.idrblab.net/data/adc/details/DRG0JBKMD,22RV1 cells || Carcinoembryonic antigen-related cell adhesion molecule 5 (CEACAM5)
DRG0JBKMD,Labetuzumab govitecan,Phase 2 (discontinued),Labetuzumab,TAR0MKNCY,Carcinoembryonic antigen-related cell adhesion molecule 5 (CEACAM5),PAY0BKPAH,SN-38,PAY0BKPAH,DNA topoisomerase 1 (TOP1),Topo-I inhibitor,CL2A,DU145 cells,Prostate carcinoma,4.04,1,1,0,ADCC000738,https://adcdb.idrblab.net/data/adc/details/DRG0JBKMD,DU145 cells || Carcinoembryonic antigen-related cell adhesion molecule 5 (CEACAM5)
DRG0JBKMD,Labetuzumab govitecan,Phase 2 (discontinued),Labetuzumab,TAR0MKNCY,Carcinoembryonic antigen-related cell adhesion molecule 5 (CEACAM5),PAY0BKPAH,SN-38,PAY0BKPAH,DNA topoisomerase 1 (TOP1),Topo-I inhibitor,CL2A,MSKCC EF1 cells,Prostate cancer,140,0,1,0,ADCC000740,https://adcdb.idrblab.net/data/adc/details/DRG0JBKMD,MSKCC EF1 cells || Carcinoembryonic antigen-related cell adhesion molecule 5 (CEACAM5)
DRG0JBKMD,Labetuzumab govitecan,Phase 2 (discontinued),Labetuzumab,TAR0MKNCY,Carcinoembryonic antigen-related cell adhesion molecule 5 (CEACAM5),PAY0BKPAH,SN-38,PAY0BKPAH,DNA topoisomerase 1 (TOP1),Topo-I inhibitor,CL2A,NCI-H660 cells,Prostate small cell carcinoma,3320,0,1,0,ADCC000741,https://adcdb.idrblab.net/data/adc/details/DRG0JBKMD,NCI-H660 cells || Carcinoembryonic antigen-related cell adhesion molecule 5 (CEACAM5)
DRG0EKTUN,Sacituzumab govitecan,Approved in 2020,Sacituzumab,TAR0MIBZW,Tumor-associated calcium signal transducer 2 (TACSTD2),PAY0BKPAH,SN-38,PAY0BKPAH,DNA topoisomerase 1 (TOP1),Topo-I inhibitor,CL2A,BxPC-3 cells,Pancreatic ductal adenocarcinoma,1.44,1,1,0,ADCC000355,https://adcdb.idrblab.net/data/adc/details/DRG0EKTUN,BxPC-3 cells || Tumor-associated calcium signal transducer 2 (TACSTD2)
DRG0EKTUN,Sacituzumab govitecan,Approved in 2020,Sacituzumab,TAR0MIBZW,Tumor-associated calcium signal transducer 2 (TACSTD2),PAY0BKPAH,SN-38,PAY0BKPAH,DNA topoisomerase 1 (TOP1),Topo-I inhibitor,CL2A,COLO 205 cells,Colon adenocarcinoma,1.02,1,1,0,ADCC000351,https://adcdb.idrblab.net/data/adc/details/DRG0EKTUN,COLO 205 cells || Tumor-associated calcium signal transducer 2 (TACSTD2)
DRG0EKTUN,Sacituzumab govitecan,Approved in 2020,Sacituzumab,TAR0MIBZW,Tumor-associated calcium signal transducer 2 (TACSTD2),PAY0BKPAH,SN-38,PAY0BKPAH,DNA topoisomerase 1 (TOP1),Topo-I inhibitor,CL2A,Calu-3 cells,Lung adenocarcinoma,7.19,1,1,0,ADCC000350,https://adcdb.idrblab.net/data/adc/details/DRG0EKTUN,Calu-3 cells || Tumor-associated calcium signal transducer 2 (TACSTD2)
DRG0EKTUN,Sacituzumab govitecan,Approved in 2020,Sacituzumab,TAR0MIBZW,Tumor-associated calcium signal transducer 2 (TACSTD2),PAY0BKPAH,SN-38,PAY0BKPAH,DNA topoisomerase 1 (TOP1),Topo-I inhibitor,CL2A,Capan-1 cells,Pancreatic ductal adenocarcinoma,3.5,1,1,0,ADCC000352,https://adcdb.idrblab.net/data/adc/details/DRG0EKTUN,Capan-1 cells || Tumor-associated calcium signal transducer 2 (TACSTD2)
DRG0EKTUN,Sacituzumab govitecan,Approved in 2020,Sacituzumab,TAR0MIBZW,Tumor-associated calcium signal transducer 2 (TACSTD2),PAY0BKPAH,SN-38,PAY0BKPAH,DNA topoisomerase 1 (TOP1),Topo-I inhibitor,CL2A,PC-3 cells,Prostate carcinoma,1.86,1,1,0,ADCC000353,https://adcdb.idrblab.net/data/adc/details/DRG0EKTUN,PC-3 cells || Tumor-associated calcium signal transducer 2 (TACSTD2)
DRG0EKTUN,Sacituzumab govitecan,Approved in 2020,Sacituzumab,TAR0MIBZW,Tumor-associated calcium signal transducer 2 (TACSTD2),PAY0BKPAH,SN-38,PAY0BKPAH,DNA topoisomerase 1 (TOP1),Topo-I inhibitor,CL2A,Primary cervical cancer cells,Primary cervical cancer,0.18,1,1,0,ADCC000356,https://adcdb.idrblab.net/data/adc/details/DRG0EKTUN,Primary cervical cancer cells || Tumor-associated calcium signal transducer 2 (TACSTD2)
DRG0EKTUN,Sacituzumab govitecan,Approved in 2020,Sacituzumab,TAR0MIBZW,Tumor-associated calcium signal transducer 2 (TACSTD2),PAY0BKPAH,SN-38,PAY0BKPAH,DNA topoisomerase 1 (TOP1),Topo-I inhibitor,CL2A,SK-MES-1 cells,Lung squamous cell carcinoma,8.61,1,1,0,ADCC000354,https://adcdb.idrblab.net/data/adc/details/DRG0EKTUN,SK-MES-1 cells || Tumor-associated calcium signal transducer 2 (TACSTD2)
DRG0EKTUN,Sacituzumab govitecan,Approved in 2020,Sacituzumab,TAR0MIBZW,Tumor-associated calcium signal transducer 2 (TACSTD2),PAY0BKPAH,SN-38,PAY0BKPAH,DNA topoisomerase 1 (TOP1),Topo-I inhibitor,CL2A,USPC-ARK-2 cells,Endometrial serous adenocarcinoma,0.6,1,2,0,ADCC000349;ADCC000348,https://adcdb.idrblab.net/data/adc/details/DRG0EKTUN,USPC-ARK-2 cells || Tumor-associated calcium signal transducer 2 (TACSTD2)
DRG0CECRA,Trastuzumab rezetecan,Approved in 2025,Trastuzumab,TAR0THKZD,Receptor tyrosine-protein kinase erbB-2 (HER2),PAY0CJNCU,SHR9265,PAY0CJNCU,DNA topoisomerase 1 (TOP1),Topo-I inhibitor,Mc-Gly-Gly-Phe-Gly,CVCL_0434,Gastric adenocarcinoma,0.42,1,9,1,ADCC015326;ADCC015325;ADCC015327;ADCC015329;ADCC015331;ADCC015330;ADCC015333;ADCC015332;ADCC015328,https://adcdb.idrblab.net/data/adc/details/DRG0CECRA,CVCL_0434 || Receptor tyrosine-protein kinase erbB-2 (HER2)
DRG0BWNUI,H01L02-DXd,Investigative,Anti-CDH6 mAb H01L02,TAR0SOZLV,Cadherin-6 (CDH6),PAY0UXDSB,DX-8951 derivative (DXd),PAY0UXDSB,DNA topoisomerase 1 (TOP1),Topo-I inhibitor,Mc-Gly-Gly-Phe-Gly,CVCL_0479,Ovarian mixed germ cell tumor,0.01,1,1,0,ADCC007052,https://adcdb.idrblab.net/data/adc/details/DRG0BWNUI,CVCL_0479 || Cadherin-6 (CDH6)
DRG0EFAMN,H02L03-DXd,Investigative,Anti-CDH6 mAb H02L03,TAR0SOZLV,Cadherin-6 (CDH6),PAY0UXDSB,DX-8951 derivative (DXd),PAY0UXDSB,DNA topoisomerase 1 (TOP1),Topo-I inhibitor,Mc-Gly-Gly-Phe-Gly,CVCL_0479,Ovarian mixed germ cell tumor,0.1,1,1,0,ADCC007054,https://adcdb.idrblab.net/data/adc/details/DRG0EFAMN,CVCL_0479 || Cadherin-6 (CDH6)
DRG0SLFJV,H02L02-DXd,Investigative,Anti-CDH6 mAb H02L02,TAR0SOZLV,Cadherin-6 (CDH6),PAY0UXDSB,DX-8951 derivative (DXd),PAY0UXDSB,DNA topoisomerase 1 (TOP1),Topo-I inhibitor,Mc-Gly-Gly-Phe-Gly,CVCL_0479,Ovarian mixed germ cell tumor,0.01,1,1,0,ADCC007053,https://adcdb.idrblab.net/data/adc/details/DRG0SLFJV,CVCL_0479 || Cadherin-6 (CDH6)
DRG0ZBRFQ,H04L02-DXd,Investigative,Anti-CDH6 mAb H04L02,TAR0SOZLV,Cadherin-6 (CDH6),PAY0UXDSB,DX-8951 derivative (DXd),PAY0UXDSB,DNA topoisomerase 1 (TOP1),Topo-I inhibitor,Mc-Gly-Gly-Phe-Gly,CVCL_0479,Ovarian mixed germ cell tumor,0.1,1,1,0,ADCC007055,https://adcdb.idrblab.net/data/adc/details/DRG0ZBRFQ,CVCL_0479 || Cadherin-6 (CDH6)
DRG0NNKAQ,Ifinatamab deruxtecan,New Drug Application,Ifinatamab,TAR0GLSWQ,CD276 antigen (CD276),PAY0WSZPJ,DXd,PAY0WSZPJ,DNA topoisomerase 1 (TOP1),Topo-I inhibitor,Mc-Gly-Gly-Phe-Gly,CCRF-CEM cells,T acute lymphoblastic leukemia,0.55,1,1,0,ADCC000785,https://adcdb.idrblab.net/data/adc/details/DRG0NNKAQ,CCRF-CEM cells || CD276 antigen (CD276)
DRG0NNKAQ,Ifinatamab deruxtecan,New Drug Application,Ifinatamab,TAR0GLSWQ,CD276 antigen (CD276),PAY0WSZPJ,DXd,PAY0WSZPJ,DNA topoisomerase 1 (TOP1),Topo-I inhibitor,Mc-Gly-Gly-Phe-Gly,MFE-280 cells,Endometrial adenocarcinoma,0.36,1,1,0,ADCC000787,https://adcdb.idrblab.net/data/adc/details/DRG0NNKAQ,MFE-280 cells || CD276 antigen (CD276)
DRG0NNKAQ,Ifinatamab deruxtecan,New Drug Application,Ifinatamab,TAR0GLSWQ,CD276 antigen (CD276),PAY0WSZPJ,DXd,PAY0WSZPJ,DNA topoisomerase 1 (TOP1),Topo-I inhibitor,Mc-Gly-Gly-Phe-Gly,Rh41 cells,Alveolar rhabdomyosarcoma,0.37,1,1,0,ADCC000786,https://adcdb.idrblab.net/data/adc/details/DRG0NNKAQ,Rh41 cells || CD276 antigen (CD276)
DRG0ERKBH,Trastuzumab deruxtecan,Approved in 2019,Trastuzumab,TAR0THKZD,Receptor tyrosine-protein kinase erbB-2 (HER2),PAY0WSZPJ,DXd,PAY0WSZPJ,DNA topoisomerase 1 (TOP1),Topo-I inhibitor,Mc-Gly-Gly-Phe-Gly,CVCL_0031,Invasive breast carcinoma,100,0,1,0,ADCC009856,https://adcdb.idrblab.net/data/adc/details/DRG0ERKBH,CVCL_0031 || Receptor tyrosine-protein kinase erbB-2 (HER2)
DRG0ERKBH,Trastuzumab deruxtecan,Approved in 2019,Trastuzumab,TAR0THKZD,Receptor tyrosine-protein kinase erbB-2 (HER2),PAY0WSZPJ,DXd,PAY0WSZPJ,DNA topoisomerase 1 (TOP1),Topo-I inhibitor,Mc-Gly-Gly-Phe-Gly,CVCL_0033,Breast adenocarcinoma,0.0652,1,1,0,ADCC009854,https://adcdb.idrblab.net/data/adc/details/DRG0ERKBH,CVCL_0033 || Receptor tyrosine-protein kinase erbB-2 (HER2)
DRG0ERKBH,Trastuzumab deruxtecan,Approved in 2019,Trastuzumab,TAR0THKZD,Receptor tyrosine-protein kinase erbB-2 (HER2),PAY0WSZPJ,DXd,PAY0WSZPJ,DNA topoisomerase 1 (TOP1),Topo-I inhibitor,Mc-Gly-Gly-Phe-Gly,CVCL_1603,Gastric tubular adenocarcinoma,0.2344,1,1,0,ADCC009853,https://adcdb.idrblab.net/data/adc/details/DRG0ERKBH,CVCL_1603 || Receptor tyrosine-protein kinase erbB-2 (HER2)
DRG0ERKBH,Trastuzumab deruxtecan,Approved in 2019,Trastuzumab,TAR0THKZD,Receptor tyrosine-protein kinase erbB-2 (HER2),PAY0WSZPJ,DXd,PAY0WSZPJ,DNA topoisomerase 1 (TOP1),Topo-I inhibitor,Mc-Gly-Gly-Phe-Gly,CVCL_2077,Breast ductal carcinoma,100,0,1,0,ADCC009855,https://adcdb.idrblab.net/data/adc/details/DRG0ERKBH,CVCL_2077 || Receptor tyrosine-protein kinase erbB-2 (HER2)
DRG0RGMND,Epratuzumab-CL2E-SN-38,Investigative,Epratuzumab,TAR0XTCGM,B-cell receptor CD22 (CD22),PAY0ZVBAI,Active metabolite of irinotecan SN38,PAY0ZVBAI,DNA topoisomerase 1 (TOP1),Topo-I inhibitor,CL2E,697 cells,Childhood B acute lymphoblastic leukemia,2.67,1,1,0,ADCC006954,https://adcdb.idrblab.net/data/adc/details/DRG0RGMND,697 cells || B-cell receptor CD22 (CD22)
DRG0RGMND,Epratuzumab-CL2E-SN-38,Investigative,Epratuzumab,TAR0XTCGM,B-cell receptor CD22 (CD22),PAY0ZVBAI,Active metabolite of irinotecan SN38,PAY0ZVBAI,DNA topoisomerase 1 (TOP1),Topo-I inhibitor,CL2E,Daudi cells,Burkitt lymphoma,0.06,1,6,0,ADCC006986;ADCC006987;ADCC006985;ADCC006950;ADCC006988;ADCC006989,https://adcdb.idrblab.net/data/adc/details/DRG0RGMND,Daudi cells || B-cell receptor CD22 (CD22)
DRG0RGMND,Epratuzumab-CL2E-SN-38,Investigative,Epratuzumab,TAR0XTCGM,B-cell receptor CD22 (CD22),PAY0ZVBAI,Active metabolite of irinotecan SN38,PAY0ZVBAI,DNA topoisomerase 1 (TOP1),Topo-I inhibitor,CL2E,JeKo-1 cells,Mantle cell lymphoma,0.81,1,6,0,ADCC006996;ADCC006997;ADCC006999;ADCC006998;ADCC006995;ADCC006952,https://adcdb.idrblab.net/data/adc/details/DRG0RGMND,JeKo-1 cells || B-cell receptor CD22 (CD22)
DRG0RGMND,Epratuzumab-CL2E-SN-38,Investigative,Epratuzumab,TAR0XTCGM,B-cell receptor CD22 (CD22),PAY0ZVBAI,Active metabolite of irinotecan SN38,PAY0ZVBAI,DNA topoisomerase 1 (TOP1),Topo-I inhibitor,CL2E,MN-60 cells,Burkitt lymphoma,3.65,1,1,0,ADCC006956,https://adcdb.idrblab.net/data/adc/details/DRG0RGMND,MN-60 cells || B-cell receptor CD22 (CD22)
DRG0RGMND,Epratuzumab-CL2E-SN-38,Investigative,Epratuzumab,TAR0XTCGM,B-cell receptor CD22 (CD22),PAY0ZVBAI,Active metabolite of irinotecan SN38,PAY0ZVBAI,DNA topoisomerase 1 (TOP1),Topo-I inhibitor,CL2E,RS4 11 cells,Adult B acute lymphoblastic leukemia,1.68,1,1,0,ADCC006955,https://adcdb.idrblab.net/data/adc/details/DRG0RGMND,RS4 11 cells || B-cell receptor CD22 (CD22)
DRG0QJGNH,Emab-CL2E-SN38,Investigative,Epratuzumab,TAR0XTCGM,B-cell receptor CD22 (CD22),PAY0ZVBAI,Active metabolite of irinotecan SN38,PAY0ZVBAI,DNA topoisomerase 1 (TOP1),Topo-I inhibitor,CL2E,Raji cells,EBV-related Burkitt lymphoma,135.8,0,1,0,ADCC001755,https://adcdb.idrblab.net/data/adc/details/DRG0QJGNH,Raji cells || B-cell receptor CD22 (CD22)
DRG0RGMND,Epratuzumab-CL2E-SN-38,Investigative,Epratuzumab,TAR0XTCGM,B-cell receptor CD22 (CD22),PAY0ZVBAI,Active metabolite of irinotecan SN38,PAY0ZVBAI,DNA topoisomerase 1 (TOP1),Topo-I inhibitor,CL2E,Raji cells,EBV-related Burkitt lymphoma,0.19,1,7,1,ADCC006977;ADCC006976;ADCC006975;ADCC006948;ADCC006979;ADCC006978;ADCC007002,https://adcdb.idrblab.net/data/adc/details/DRG0RGMND,Raji cells || B-cell receptor CD22 (CD22)
DRG0QJGNH,Emab-CL2E-SN38,Investigative,Epratuzumab,TAR0XTCGM,B-cell receptor CD22 (CD22),PAY0ZVBAI,Active metabolite of irinotecan SN38,PAY0ZVBAI,DNA topoisomerase 1 (TOP1),Topo-I inhibitor,CL2E,Ramos cells,Burkitt lymphoma,152.3,0,1,0,ADCC001754,https://adcdb.idrblab.net/data/adc/details/DRG0QJGNH,Ramos cells || B-cell receptor CD22 (CD22)
DRG0RGMND,Epratuzumab-CL2E-SN-38,Investigative,Epratuzumab,TAR0XTCGM,B-cell receptor CD22 (CD22),PAY0ZVBAI,Active metabolite of irinotecan SN38,PAY0ZVBAI,DNA topoisomerase 1 (TOP1),Topo-I inhibitor,CL2E,Ramos cells,Burkitt lymphoma,0.51,1,8,1,ADCC006982;ADCC006981;ADCC006980;ADCC006983;ADCC006984;ADCC006949;ADCC007000;ADCC007001,https://adcdb.idrblab.net/data/adc/details/DRG0RGMND,Ramos cells || B-cell receptor CD22 (CD22)
DRG0QJGNH,Emab-CL2E-SN38,Investigative,Epratuzumab,TAR0XTCGM,B-cell receptor CD22 (CD22),PAY0ZVBAI,Active metabolite of irinotecan SN38,PAY0ZVBAI,DNA topoisomerase 1 (TOP1),Topo-I inhibitor,CL2E,Reh cells,B acute lymphoblastic leukemia,77.9,0,1,0,ADCC001756,https://adcdb.idrblab.net/data/adc/details/DRG0QJGNH,Reh cells || B-cell receptor CD22 (CD22)
DRG0RGMND,Epratuzumab-CL2E-SN-38,Investigative,Epratuzumab,TAR0XTCGM,B-cell receptor CD22 (CD22),PAY0ZVBAI,Active metabolite of irinotecan SN38,PAY0ZVBAI,DNA topoisomerase 1 (TOP1),Topo-I inhibitor,CL2E,Reh cells,B acute lymphoblastic leukemia,1.22,1,1,0,ADCC006953,https://adcdb.idrblab.net/data/adc/details/DRG0RGMND,Reh cells || B-cell receptor CD22 (CD22)
DRG0RGMND,Epratuzumab-CL2E-SN-38,Investigative,Epratuzumab,TAR0XTCGM,B-cell receptor CD22 (CD22),PAY0ZVBAI,Active metabolite of irinotecan SN38,PAY0ZVBAI,DNA topoisomerase 1 (TOP1),Topo-I inhibitor,CL2E,WSU-FSCCL cells,Follicular lymphoma,0.34,1,6,0,ADCC006992;ADCC006990;ADCC006991;ADCC006994;ADCC006993;ADCC006951,https://adcdb.idrblab.net/data/adc/details/DRG0RGMND,WSU-FSCCL cells || B-cell receptor CD22 (CD22)
DRG0BXRDQ,Veltuzumab-SN-38,Investigative,Veltuzumab,TAR0BKUOF,B-lymphocyte antigen CD20 (MS4A1),PAY0ZVBAI,Active metabolite of irinotecan SN38,PAY0ZVBAI,DNA topoisomerase 1 (TOP1),Topo-I inhibitor,CL2A,697 cells,Childhood B acute lymphoblastic leukemia,50,0,1,0,ADCC006963,https://adcdb.idrblab.net/data/adc/details/DRG0BXRDQ,697 cells || B-lymphocyte antigen CD20 (MS4A1)
DRG0BXRDQ,Veltuzumab-SN-38,Investigative,Veltuzumab,TAR0BKUOF,B-lymphocyte antigen CD20 (MS4A1),PAY0ZVBAI,Active metabolite of irinotecan SN38,PAY0ZVBAI,DNA topoisomerase 1 (TOP1),Topo-I inhibitor,CL2A,Daudi cells,Burkitt lymphoma,13.56,0,1,0,ADCC006959,https://adcdb.idrblab.net/data/adc/details/DRG0BXRDQ,Daudi cells || B-lymphocyte antigen CD20 (MS4A1)
DRG0BXRDQ,Veltuzumab-SN-38,Investigative,Veltuzumab,TAR0BKUOF,B-lymphocyte antigen CD20 (MS4A1),PAY0ZVBAI,Active metabolite of irinotecan SN38,PAY0ZVBAI,DNA topoisomerase 1 (TOP1),Topo-I inhibitor,CL2A,JeKo-1 cells,Mantle cell lymphoma,1.98,1,1,0,ADCC006961,https://adcdb.idrblab.net/data/adc/details/DRG0BXRDQ,JeKo-1 cells || B-lymphocyte antigen CD20 (MS4A1)
DRG0BXRDQ,Veltuzumab-SN-38,Investigative,Veltuzumab,TAR0BKUOF,B-lymphocyte antigen CD20 (MS4A1),PAY0ZVBAI,Active metabolite of irinotecan SN38,PAY0ZVBAI,DNA topoisomerase 1 (TOP1),Topo-I inhibitor,CL2A,MN-60 cells,Burkitt lymphoma,50,0,1,0,ADCC006965,https://adcdb.idrblab.net/data/adc/details/DRG0BXRDQ,MN-60 cells || B-lymphocyte antigen CD20 (MS4A1)
DRG0BXRDQ,Veltuzumab-SN-38,Investigative,Veltuzumab,TAR0BKUOF,B-lymphocyte antigen CD20 (MS4A1),PAY0ZVBAI,Active metabolite of irinotecan SN38,PAY0ZVBAI,DNA topoisomerase 1 (TOP1),Topo-I inhibitor,CL2A,RS4 11 cells,Adult B acute lymphoblastic leukemia,50,0,1,0,ADCC006964,https://adcdb.idrblab.net/data/adc/details/DRG0BXRDQ,RS4 11 cells || B-lymphocyte antigen CD20 (MS4A1)
DRG0BXRDQ,Veltuzumab-SN-38,Investigative,Veltuzumab,TAR0BKUOF,B-lymphocyte antigen CD20 (MS4A1),PAY0ZVBAI,Active metabolite of irinotecan SN38,PAY0ZVBAI,DNA topoisomerase 1 (TOP1),Topo-I inhibitor,CL2A,Raji cells,EBV-related Burkitt lymphoma,4.88,1,2,1,ADCC006957;ADCC007003,https://adcdb.idrblab.net/data/adc/details/DRG0BXRDQ,Raji cells || B-lymphocyte antigen CD20 (MS4A1)
DRG0BXRDQ,Veltuzumab-SN-38,Investigative,Veltuzumab,TAR0BKUOF,B-lymphocyte antigen CD20 (MS4A1),PAY0ZVBAI,Active metabolite of irinotecan SN38,PAY0ZVBAI,DNA topoisomerase 1 (TOP1),Topo-I inhibitor,CL2A,Ramos cells,Burkitt lymphoma,50,0,1,0,ADCC006958,https://adcdb.idrblab.net/data/adc/details/DRG0BXRDQ,Ramos cells || B-lymphocyte antigen CD20 (MS4A1)
DRG0BXRDQ,Veltuzumab-SN-38,Investigative,Veltuzumab,TAR0BKUOF,B-lymphocyte antigen CD20 (MS4A1),PAY0ZVBAI,Active metabolite of irinotecan SN38,PAY0ZVBAI,DNA topoisomerase 1 (TOP1),Topo-I inhibitor,CL2A,Reh cells,B acute lymphoblastic leukemia,50,0,3,0,ADCC006962;ADCC007004;ADCC007005,https://adcdb.idrblab.net/data/adc/details/DRG0BXRDQ,Reh cells || B-lymphocyte antigen CD20 (MS4A1)
DRG0BXRDQ,Veltuzumab-SN-38,Investigative,Veltuzumab,TAR0BKUOF,B-lymphocyte antigen CD20 (MS4A1),PAY0ZVBAI,Active metabolite of irinotecan SN38,PAY0ZVBAI,DNA topoisomerase 1 (TOP1),Topo-I inhibitor,CL2A,WSU-FSCCL cells,Follicular lymphoma,0.83,1,1,0,ADCC006960,https://adcdb.idrblab.net/data/adc/details/DRG0BXRDQ,WSU-FSCCL cells || B-lymphocyte antigen CD20 (MS4A1)
DRG0QITMW,Labetuzumab-CL2E-SN-38,Investigative,Labetuzumab,TAR0MKNCY,Carcinoembryonic antigen-related cell adhesion molecule 5 (CEACAM5),PAY0ZVBAI,Active metabolite of irinotecan SN38,PAY0ZVBAI,DNA topoisomerase 1 (TOP1),Topo-I inhibitor,CL2E,697 cells,Childhood B acute lymphoblastic leukemia,50,0,1,0,ADCC006972,https://adcdb.idrblab.net/data/adc/details/DRG0QITMW,697 cells || Carcinoembryonic antigen-related cell adhesion molecule 5 (CEACAM5)
DRG0QITMW,Labetuzumab-CL2E-SN-38,Investigative,Labetuzumab,TAR0MKNCY,Carcinoembryonic antigen-related cell adhesion molecule 5 (CEACAM5),PAY0ZVBAI,Active metabolite of irinotecan SN38,PAY0ZVBAI,DNA topoisomerase 1 (TOP1),Topo-I inhibitor,CL2E,Daudi cells,Burkitt lymphoma,8.08,1,1,0,ADCC006968,https://adcdb.idrblab.net/data/adc/details/DRG0QITMW,Daudi cells || Carcinoembryonic antigen-related cell adhesion molecule 5 (CEACAM5)
DRG0QITMW,Labetuzumab-CL2E-SN-38,Investigative,Labetuzumab,TAR0MKNCY,Carcinoembryonic antigen-related cell adhesion molecule 5 (CEACAM5),PAY0ZVBAI,Active metabolite of irinotecan SN38,PAY0ZVBAI,DNA topoisomerase 1 (TOP1),Topo-I inhibitor,CL2E,JeKo-1 cells,Mantle cell lymphoma,1.17,1,1,0,ADCC006970,https://adcdb.idrblab.net/data/adc/details/DRG0QITMW,JeKo-1 cells || Carcinoembryonic antigen-related cell adhesion molecule 5 (CEACAM5)
DRG0QITMW,Labetuzumab-CL2E-SN-38,Investigative,Labetuzumab,TAR0MKNCY,Carcinoembryonic antigen-related cell adhesion molecule 5 (CEACAM5),PAY0ZVBAI,Active metabolite of irinotecan SN38,PAY0ZVBAI,DNA topoisomerase 1 (TOP1),Topo-I inhibitor,CL2E,MN-60 cells,Burkitt lymphoma,50,0,1,0,ADCC006974,https://adcdb.idrblab.net/data/adc/details/DRG0QITMW,MN-60 cells || Carcinoembryonic antigen-related cell adhesion molecule 5 (CEACAM5)
DRG0QITMW,Labetuzumab-CL2E-SN-38,Investigative,Labetuzumab,TAR0MKNCY,Carcinoembryonic antigen-related cell adhesion molecule 5 (CEACAM5),PAY0ZVBAI,Active metabolite of irinotecan SN38,PAY0ZVBAI,DNA topoisomerase 1 (TOP1),Topo-I inhibitor,CL2E,RS4 11 cells,Adult B acute lymphoblastic leukemia,50,0,1,0,ADCC006973,https://adcdb.idrblab.net/data/adc/details/DRG0QITMW,RS4 11 cells || Carcinoembryonic antigen-related cell adhesion molecule 5 (CEACAM5)
DRG0QGQWG,Lmab-CL2A-SN38,Investigative,Labetuzumab,TAR0MKNCY,Carcinoembryonic antigen-related cell adhesion molecule 5 (CEACAM5),PAY0ZVBAI,Active metabolite of irinotecan SN38,PAY0ZVBAI,DNA topoisomerase 1 (TOP1),Topo-I inhibitor,CL2E,Raji cells,EBV-related Burkitt lymphoma,2.8,1,1,0,ADCC001758,https://adcdb.idrblab.net/data/adc/details/DRG0QGQWG,Raji cells || Carcinoembryonic antigen-related cell adhesion molecule 5 (CEACAM5)
DRG0QITMW,Labetuzumab-CL2E-SN-38,Investigative,Labetuzumab,TAR0MKNCY,Carcinoembryonic antigen-related cell adhesion molecule 5 (CEACAM5),PAY0ZVBAI,Active metabolite of irinotecan SN38,PAY0ZVBAI,DNA topoisomerase 1 (TOP1),Topo-I inhibitor,CL2E,Raji cells,EBV-related Burkitt lymphoma,3.73,1,1,0,ADCC006966,https://adcdb.idrblab.net/data/adc/details/DRG0QITMW,Raji cells || Carcinoembryonic antigen-related cell adhesion molecule 5 (CEACAM5)
DRG0QGQWG,Lmab-CL2A-SN38,Investigative,Labetuzumab,TAR0MKNCY,Carcinoembryonic antigen-related cell adhesion molecule 5 (CEACAM5),PAY0ZVBAI,Active metabolite of irinotecan SN38,PAY0ZVBAI,DNA topoisomerase 1 (TOP1),Topo-I inhibitor,CL2E,Ramos cells,Burkitt lymphoma,5.1,1,1,0,ADCC001757,https://adcdb.idrblab.net/data/adc/details/DRG0QGQWG,Ramos cells || Carcinoembryonic antigen-related cell adhesion molecule 5 (CEACAM5)
DRG0QITMW,Labetuzumab-CL2E-SN-38,Investigative,Labetuzumab,TAR0MKNCY,Carcinoembryonic antigen-related cell adhesion molecule 5 (CEACAM5),PAY0ZVBAI,Active metabolite of irinotecan SN38,PAY0ZVBAI,DNA topoisomerase 1 (TOP1),Topo-I inhibitor,CL2E,Ramos cells,Burkitt lymphoma,50,0,1,0,ADCC006967,https://adcdb.idrblab.net/data/adc/details/DRG0QITMW,Ramos cells || Carcinoembryonic antigen-related cell adhesion molecule 5 (CEACAM5)
DRG0QGQWG,Lmab-CL2A-SN38,Investigative,Labetuzumab,TAR0MKNCY,Carcinoembryonic antigen-related cell adhesion molecule 5 (CEACAM5),PAY0ZVBAI,Active metabolite of irinotecan SN38,PAY0ZVBAI,DNA topoisomerase 1 (TOP1),Topo-I inhibitor,CL2E,Reh cells,B acute lymphoblastic leukemia,1.7,1,1,0,ADCC001759,https://adcdb.idrblab.net/data/adc/details/DRG0QGQWG,Reh cells || Carcinoembryonic antigen-related cell adhesion molecule 5 (CEACAM5)
DRG0QITMW,Labetuzumab-CL2E-SN-38,Investigative,Labetuzumab,TAR0MKNCY,Carcinoembryonic antigen-related cell adhesion molecule 5 (CEACAM5),PAY0ZVBAI,Active metabolite of irinotecan SN38,PAY0ZVBAI,DNA topoisomerase 1 (TOP1),Topo-I inhibitor,CL2E,Reh cells,B acute lymphoblastic leukemia,50,0,1,0,ADCC006971,https://adcdb.idrblab.net/data/adc/details/DRG0QITMW,Reh cells || Carcinoembryonic antigen-related cell adhesion molecule 5 (CEACAM5)
DRG0QITMW,Labetuzumab-CL2E-SN-38,Investigative,Labetuzumab,TAR0MKNCY,Carcinoembryonic antigen-related cell adhesion molecule 5 (CEACAM5),PAY0ZVBAI,Active metabolite of irinotecan SN38,PAY0ZVBAI,DNA topoisomerase 1 (TOP1),Topo-I inhibitor,CL2E,WSU-FSCCL cells,Follicular lymphoma,50,0,1,0,ADCC006969,https://adcdb.idrblab.net/data/adc/details/DRG0QITMW,WSU-FSCCL cells || Carcinoembryonic antigen-related cell adhesion molecule 5 (CEACAM5)
DRG0OKMOL,Mil40-6,Investigative,Mil40,TAR0THKZD,Receptor tyrosine-protein kinase erbB-2 (HER2),PAY0ZVBAI,Active metabolite of irinotecan SN38,PAY0ZVBAI,DNA topoisomerase 1 (TOP1),Topo-I inhibitor,Mal-PEG2-Val-Ala-PABC,BT474 HerDR cells,Invasive breast carcinoma,15.9,0,1,0,ADCC002409,https://adcdb.idrblab.net/data/adc/details/DRG0OKMOL,BT474 HerDR cells || Receptor tyrosine-protein kinase erbB-2 (HER2)
DRG0PZVUG,Mil40-5,Investigative,Mil40,TAR0THKZD,Receptor tyrosine-protein kinase erbB-2 (HER2),PAY0ZVBAI,Active metabolite of irinotecan SN38,PAY0ZVBAI,DNA topoisomerase 1 (TOP1),Topo-I inhibitor,Mc-Val-Ala-PABC,BT474 HerDR cells,Invasive breast carcinoma,14.5,0,1,0,ADCC002405,https://adcdb.idrblab.net/data/adc/details/DRG0PZVUG,BT474 HerDR cells || Receptor tyrosine-protein kinase erbB-2 (HER2)
DRG0QQKLF,Mil40-8,Investigative,Mil40,TAR0THKZD,Receptor tyrosine-protein kinase erbB-2 (HER2),PAY0ZVBAI,Active metabolite of irinotecan SN38,PAY0ZVBAI,DNA topoisomerase 1 (TOP1),Topo-I inhibitor,Mal-PEG8-Val-Ala-PABC,BT474 HerDR cells,Invasive breast carcinoma,235.6,0,1,0,ADCC002417,https://adcdb.idrblab.net/data/adc/details/DRG0QQKLF,BT474 HerDR cells || Receptor tyrosine-protein kinase erbB-2 (HER2)
DRG0QYJUL,Mil40-7,Investigative,Mil40,TAR0THKZD,Receptor tyrosine-protein kinase erbB-2 (HER2),PAY0ZVBAI,Active metabolite of irinotecan SN38,PAY0ZVBAI,DNA topoisomerase 1 (TOP1),Topo-I inhibitor,Mal-PEG4-Val-Ala-PABC,BT474 HerDR cells,Invasive breast carcinoma,22,0,1,0,ADCC002413,https://adcdb.idrblab.net/data/adc/details/DRG0QYJUL,BT474 HerDR cells || Receptor tyrosine-protein kinase erbB-2 (HER2)
DRG0OKMOL,Mil40-6,Investigative,Mil40,TAR0THKZD,Receptor tyrosine-protein kinase erbB-2 (HER2),PAY0ZVBAI,Active metabolite of irinotecan SN38,PAY0ZVBAI,DNA topoisomerase 1 (TOP1),Topo-I inhibitor,Mal-PEG2-Val-Ala-PABC,MCF-7 cells,Invasive breast carcinoma,484.71,0,1,0,ADCC002411,https://adcdb.idrblab.net/data/adc/details/DRG0OKMOL,MCF-7 cells || Receptor tyrosine-protein kinase erbB-2 (HER2)
DRG0PZVUG,Mil40-5,Investigative,Mil40,TAR0THKZD,Receptor tyrosine-protein kinase erbB-2 (HER2),PAY0ZVBAI,Active metabolite of irinotecan SN38,PAY0ZVBAI,DNA topoisomerase 1 (TOP1),Topo-I inhibitor,Mc-Val-Ala-PABC,MCF-7 cells,Invasive breast carcinoma,1000,0,1,0,ADCC002407,https://adcdb.idrblab.net/data/adc/details/DRG0PZVUG,MCF-7 cells || Receptor tyrosine-protein kinase erbB-2 (HER2)
DRG0QQKLF,Mil40-8,Investigative,Mil40,TAR0THKZD,Receptor tyrosine-protein kinase erbB-2 (HER2),PAY0ZVBAI,Active metabolite of irinotecan SN38,PAY0ZVBAI,DNA topoisomerase 1 (TOP1),Topo-I inhibitor,Mal-PEG8-Val-Ala-PABC,MCF-7 cells,Invasive breast carcinoma,1000,0,1,0,ADCC002419,https://adcdb.idrblab.net/data/adc/details/DRG0QQKLF,MCF-7 cells || Receptor tyrosine-protein kinase erbB-2 (HER2)
DRG0QYJUL,Mil40-7,Investigative,Mil40,TAR0THKZD,Receptor tyrosine-protein kinase erbB-2 (HER2),PAY0ZVBAI,Active metabolite of irinotecan SN38,PAY0ZVBAI,DNA topoisomerase 1 (TOP1),Topo-I inhibitor,Mal-PEG4-Val-Ala-PABC,MCF-7 cells,Invasive breast carcinoma,1000,0,1,0,ADCC002415,https://adcdb.idrblab.net/data/adc/details/DRG0QYJUL,MCF-7 cells || Receptor tyrosine-protein kinase erbB-2 (HER2)
DRG0OKMOL,Mil40-6,Investigative,Mil40,TAR0THKZD,Receptor tyrosine-protein kinase erbB-2 (HER2),PAY0ZVBAI,Active metabolite of irinotecan SN38,PAY0ZVBAI,DNA topoisomerase 1 (TOP1),Topo-I inhibitor,Mal-PEG2-Val-Ala-PABC,MDA-MB-231 cells,Breast adenocarcinoma,1000,0,1,0,ADCC002410,https://adcdb.idrblab.net/data/adc/details/DRG0OKMOL,MDA-MB-231 cells || Receptor tyrosine-protein kinase erbB-2 (HER2)
DRG0PZVUG,Mil40-5,Investigative,Mil40,TAR0THKZD,Receptor tyrosine-protein kinase erbB-2 (HER2),PAY0ZVBAI,Active metabolite of irinotecan SN38,PAY0ZVBAI,DNA topoisomerase 1 (TOP1),Topo-I inhibitor,Mc-Val-Ala-PABC,MDA-MB-231 cells,Breast adenocarcinoma,1000,0,1,0,ADCC002406,https://adcdb.idrblab.net/data/adc/details/DRG0PZVUG,MDA-MB-231 cells || Receptor tyrosine-protein kinase erbB-2 (HER2)
DRG0QQKLF,Mil40-8,Investigative,Mil40,TAR0THKZD,Receptor tyrosine-protein kinase erbB-2 (HER2),PAY0ZVBAI,Active metabolite of irinotecan SN38,PAY0ZVBAI,DNA topoisomerase 1 (TOP1),Topo-I inhibitor,Mal-PEG8-Val-Ala-PABC,MDA-MB-231 cells,Breast adenocarcinoma,1000,0,1,0,ADCC002418,https://adcdb.idrblab.net/data/adc/details/DRG0QQKLF,MDA-MB-231 cells || Receptor tyrosine-protein kinase erbB-2 (HER2)
DRG0QYJUL,Mil40-7,Investigative,Mil40,TAR0THKZD,Receptor tyrosine-protein kinase erbB-2 (HER2),PAY0ZVBAI,Active metabolite of irinotecan SN38,PAY0ZVBAI,DNA topoisomerase 1 (TOP1),Topo-I inhibitor,Mal-PEG4-Val-Ala-PABC,MDA-MB-231 cells,Breast adenocarcinoma,1000,0,1,0,ADCC002414,https://adcdb.idrblab.net/data/adc/details/DRG0QYJUL,MDA-MB-231 cells || Receptor tyrosine-protein kinase erbB-2 (HER2)
DRG0OKMOL,Mil40-6,Investigative,Mil40,TAR0THKZD,Receptor tyrosine-protein kinase erbB-2 (HER2),PAY0ZVBAI,Active metabolite of irinotecan SN38,PAY0ZVBAI,DNA topoisomerase 1 (TOP1),Topo-I inhibitor,Mal-PEG2-Val-Ala-PABC,SK-OV-3 cells,Ovarian serous cystadenocarcinoma,320.8,0,1,0,ADCC002408,https://adcdb.idrblab.net/data/adc/details/DRG0OKMOL,SK-OV-3 cells || Receptor tyrosine-protein kinase erbB-2 (HER2)
DRG0PZVUG,Mil40-5,Investigative,Mil40,TAR0THKZD,Receptor tyrosine-protein kinase erbB-2 (HER2),PAY0ZVBAI,Active metabolite of irinotecan SN38,PAY0ZVBAI,DNA topoisomerase 1 (TOP1),Topo-I inhibitor,Mc-Val-Ala-PABC,SK-OV-3 cells,Ovarian serous cystadenocarcinoma,157.6,0,1,0,ADCC002404,https://adcdb.idrblab.net/data/adc/details/DRG0PZVUG,SK-OV-3 cells || Receptor tyrosine-protein kinase erbB-2 (HER2)
DRG0QQKLF,Mil40-8,Investigative,Mil40,TAR0THKZD,Receptor tyrosine-protein kinase erbB-2 (HER2),PAY0ZVBAI,Active metabolite of irinotecan SN38,PAY0ZVBAI,DNA topoisomerase 1 (TOP1),Topo-I inhibitor,Mal-PEG8-Val-Ala-PABC,SK-OV-3 cells,Ovarian serous cystadenocarcinoma,283.8,0,1,0,ADCC002416,https://adcdb.idrblab.net/data/adc/details/DRG0QQKLF,SK-OV-3 cells || Receptor tyrosine-protein kinase erbB-2 (HER2)
DRG0QYJUL,Mil40-7,Investigative,Mil40,TAR0THKZD,Receptor tyrosine-protein kinase erbB-2 (HER2),PAY0ZVBAI,Active metabolite of irinotecan SN38,PAY0ZVBAI,DNA topoisomerase 1 (TOP1),Topo-I inhibitor,Mal-PEG4-Val-Ala-PABC,SK-OV-3 cells,Ovarian serous cystadenocarcinoma,159.4,0,1,0,ADCC002412,https://adcdb.idrblab.net/data/adc/details/DRG0QYJUL,SK-OV-3 cells || Receptor tyrosine-protein kinase erbB-2 (HER2)
DRG0ELYWP,Tusamitamab ravtansine,Phase 3 (discontinued),Tusamitamab,TAR0MKNCY,Carcinoembryonic antigen-related cell adhesion molecule 5 (CEACAM5),PAY0CLRJD,DM4,PAY0CLRJD,Microtubule (MT),microtubule-disrupting,N-succinimidyl 4-(2-pyridyldithio) butanoate (SPDB),HPAF-II cells,Pancreatic ductal adenocarcinoma,0.2,1,2,0,ADCC000530;ADCC000531,https://adcdb.idrblab.net/data/adc/details/DRG0ELYWP,HPAF-II cells || Carcinoembryonic antigen-related cell adhesion molecule 5 (CEACAM5)
DRG0ELYWP,Tusamitamab ravtansine,Phase 3 (discontinued),Tusamitamab,TAR0MKNCY,Carcinoembryonic antigen-related cell adhesion molecule 5 (CEACAM5),PAY0CLRJD,DM4,PAY0CLRJD,Microtubule (MT),microtubule-disrupting,N-succinimidyl 4-(2-pyridyldithio) butanoate (SPDB),MKN45 cells,Gastric adenocarcinoma,1.08,1,1,0,ADCC000532,https://adcdb.idrblab.net/data/adc/details/DRG0ELYWP,MKN45 cells || Carcinoembryonic antigen-related cell adhesion molecule 5 (CEACAM5)
DRG0GKOZH,Mirvetuximab soravtansine,Approved in 2022,Mirvetuximab,TAR0QHAVI,Folate receptor alpha (FOLR1),PAY0CLRJD,DM4,PAY0CLRJD,Microtubule (MT),microtubule-disrupting,Sulfo-SPDB,IGROV-1 cells,Ovarian endometrioid adenocarcinoma,1,1,1,0,ADCC000137,https://adcdb.idrblab.net/data/adc/details/DRG0GKOZH,IGROV-1 cells || Folate receptor alpha (FOLR1)
DRG0GKOZH,Mirvetuximab soravtansine,Approved in 2022,Mirvetuximab,TAR0QHAVI,Folate receptor alpha (FOLR1),PAY0CLRJD,DM4,PAY0CLRJD,Microtubule (MT),microtubule-disrupting,Sulfo-SPDB,JEG-3 cells,Gestational choriocarcinoma,0.2,1,1,0,ADCC000138,https://adcdb.idrblab.net/data/adc/details/DRG0GKOZH,JEG-3 cells || Folate receptor alpha (FOLR1)
DRG0GKOZH,Mirvetuximab soravtansine,Approved in 2022,Mirvetuximab,TAR0QHAVI,Folate receptor alpha (FOLR1),PAY0CLRJD,DM4,PAY0CLRJD,Microtubule (MT),microtubule-disrupting,Sulfo-SPDB,KB cells,Human papillomavirus-related endocervical adenocarcinoma,0.15,1,1,0,ADCC000136,https://adcdb.idrblab.net/data/adc/details/DRG0GKOZH,KB cells || Folate receptor alpha (FOLR1)
DRG0EPHMC,Anetumab ravtansine,Phase 2 (discontinued),Anetumab,TAR0NEZUA,Mesothelin (MSLN),PAY0CLRJD,DM4,PAY0CLRJD,Microtubule (MT),microtubule-disrupting,N-succinimidyl 4-(2-pyridyldithio) butanoate (SPDB),A2780 cells,Ovarian endometrioid adenocarcinoma,20.7,0,1,0,ADCC001152,https://adcdb.idrblab.net/data/adc/details/DRG0EPHMC,A2780 cells || Mesothelin (MSLN)
DRG0EPHMC,Anetumab ravtansine,Phase 2 (discontinued),Anetumab,TAR0NEZUA,Mesothelin (MSLN),PAY0CLRJD,DM4,PAY0CLRJD,Microtubule (MT),microtubule-disrupting,N-succinimidyl 4-(2-pyridyldithio) butanoate (SPDB),BG1 cells,Ovarian adenocarcinoma,5.9,1,1,0,ADCC001154,https://adcdb.idrblab.net/data/adc/details/DRG0EPHMC,BG1 cells || Mesothelin (MSLN)
DRG0EPHMC,Anetumab ravtansine,Phase 2 (discontinued),Anetumab,TAR0NEZUA,Mesothelin (MSLN),PAY0CLRJD,DM4,PAY0CLRJD,Microtubule (MT),microtubule-disrupting,N-succinimidyl 4-(2-pyridyldithio) butanoate (SPDB),EFO-21 cells,Ovarian serous cystadenocarcinoma,20.8,0,1,0,ADCC001155,https://adcdb.idrblab.net/data/adc/details/DRG0EPHMC,EFO-21 cells || Mesothelin (MSLN)
DRG0EPHMC,Anetumab ravtansine,Phase 2 (discontinued),Anetumab,TAR0NEZUA,Mesothelin (MSLN),PAY0CLRJD,DM4,PAY0CLRJD,Microtubule (MT),microtubule-disrupting,N-succinimidyl 4-(2-pyridyldithio) butanoate (SPDB),HPAF-II cells,Pancreatic ductal adenocarcinoma,15.4,0,1,0,ADCC001153,https://adcdb.idrblab.net/data/adc/details/DRG0EPHMC,HPAF-II cells || Mesothelin (MSLN)
DRG0EPHMC,Anetumab ravtansine,Phase 2 (discontinued),Anetumab,TAR0NEZUA,Mesothelin (MSLN),PAY0CLRJD,DM4,PAY0CLRJD,Microtubule (MT),microtubule-disrupting,N-succinimidyl 4-(2-pyridyldithio) butanoate (SPDB),HT-29 cells,Colon adenocarcinoma,1.05,1,1,0,ADCC001119,https://adcdb.idrblab.net/data/adc/details/DRG0EPHMC,HT-29 cells || Mesothelin (MSLN)
DRG0EPHMC,Anetumab ravtansine,Phase 2 (discontinued),Anetumab,TAR0NEZUA,Mesothelin (MSLN),PAY0CLRJD,DM4,PAY0CLRJD,Microtubule (MT),microtubule-disrupting,N-succinimidyl 4-(2-pyridyldithio) butanoate (SPDB),HT-29 cells (MSLN expression),Colon adenocarcinoma,7.15,1,1,0,ADCC001118,https://adcdb.idrblab.net/data/adc/details/DRG0EPHMC,HT-29 cells (MSLN expression) || Mesothelin (MSLN)
DRG0EPHMC,Anetumab ravtansine,Phase 2 (discontinued),Anetumab,TAR0NEZUA,Mesothelin (MSLN),PAY0CLRJD,DM4,PAY0CLRJD,Microtubule (MT),microtubule-disrupting,N-succinimidyl 4-(2-pyridyldithio) butanoate (SPDB),IGROV-1 cells,Ovarian endometrioid adenocarcinoma,41.9,0,1,0,ADCC001156,https://adcdb.idrblab.net/data/adc/details/DRG0EPHMC,IGROV-1 cells || Mesothelin (MSLN)
DRG0EPHMC,Anetumab ravtansine,Phase 2 (discontinued),Anetumab,TAR0NEZUA,Mesothelin (MSLN),PAY0CLRJD,DM4,PAY0CLRJD,Microtubule (MT),microtubule-disrupting,N-succinimidyl 4-(2-pyridyldithio) butanoate (SPDB),MIA PaCa-2 cells,Pancreatic ductal adenocarcinoma,1,1,1,0,ADCC001117,https://adcdb.idrblab.net/data/adc/details/DRG0EPHMC,MIA PaCa-2 cells || Mesothelin (MSLN)
DRG0EPHMC,Anetumab ravtansine,Phase 2 (discontinued),Anetumab,TAR0NEZUA,Mesothelin (MSLN),PAY0CLRJD,DM4,PAY0CLRJD,Microtubule (MT),microtubule-disrupting,N-succinimidyl 4-(2-pyridyldithio) butanoate (SPDB),MIA PaCa-2 cells (MSLN expression),Pancreatic ductal adenocarcinoma,1.59,1,1,0,ADCC001116,https://adcdb.idrblab.net/data/adc/details/DRG0EPHMC,MIA PaCa-2 cells (MSLN expression) || Mesothelin (MSLN)
DRG0EPHMC,Anetumab ravtansine,Phase 2 (discontinued),Anetumab,TAR0NEZUA,Mesothelin (MSLN),PAY0CLRJD,DM4,PAY0CLRJD,Microtubule (MT),microtubule-disrupting,N-succinimidyl 4-(2-pyridyldithio) butanoate (SPDB),NCI-ADR-RES cells,High grade ovarian serous adenocarcinoma,42.4,0,1,0,ADCC001157,https://adcdb.idrblab.net/data/adc/details/DRG0EPHMC,NCI-ADR-RES cells || Mesothelin (MSLN)
DRG0EPHMC,Anetumab ravtansine,Phase 2 (discontinued),Anetumab,TAR0NEZUA,Mesothelin (MSLN),PAY0CLRJD,DM4,PAY0CLRJD,Microtubule (MT),microtubule-disrupting,N-succinimidyl 4-(2-pyridyldithio) butanoate (SPDB),NCI-H226 cells,Pleural epithelioid mesothelioma,5.72,1,1,0,ADCC001121,https://adcdb.idrblab.net/data/adc/details/DRG0EPHMC,NCI-H226 cells || Mesothelin (MSLN)
DRG0EPHMC,Anetumab ravtansine,Phase 2 (discontinued),Anetumab,TAR0NEZUA,Mesothelin (MSLN),PAY0CLRJD,DM4,PAY0CLRJD,Microtubule (MT),microtubule-disrupting,N-succinimidyl 4-(2-pyridyldithio) butanoate (SPDB),OVCAR-3 cells,Ovarian serous adenocarcinoma,1.59,1,2,1,ADCC001120;ADCC001158,https://adcdb.idrblab.net/data/adc/details/DRG0EPHMC,OVCAR-3 cells || Mesothelin (MSLN)
DRG0EPHMC,Anetumab ravtansine,Phase 2 (discontinued),Anetumab,TAR0NEZUA,Mesothelin (MSLN),PAY0CLRJD,DM4,PAY0CLRJD,Microtubule (MT),microtubule-disrupting,N-succinimidyl 4-(2-pyridyldithio) butanoate (SPDB),OVCAR-5 cells,Ovarian serous adenocarcinoma,11.9,0,1,0,ADCC001159,https://adcdb.idrblab.net/data/adc/details/DRG0EPHMC,OVCAR-5 cells || Mesothelin (MSLN)
DRG0EPHMC,Anetumab ravtansine,Phase 2 (discontinued),Anetumab,TAR0NEZUA,Mesothelin (MSLN),PAY0CLRJD,DM4,PAY0CLRJD,Microtubule (MT),microtubule-disrupting,N-succinimidyl 4-(2-pyridyldithio) butanoate (SPDB),OVCAR-8 cells,High grade ovarian serous adenocarcinoma,32.5,0,1,0,ADCC001160,https://adcdb.idrblab.net/data/adc/details/DRG0EPHMC,OVCAR-8 cells || Mesothelin (MSLN)
DRG0EPHMC,Anetumab ravtansine,Phase 2 (discontinued),Anetumab,TAR0NEZUA,Mesothelin (MSLN),PAY0CLRJD,DM4,PAY0CLRJD,Microtubule (MT),microtubule-disrupting,N-succinimidyl 4-(2-pyridyldithio) butanoate (SPDB),SK-OV-3 cells,Ovarian serous cystadenocarcinoma,4.1,1,1,0,ADCC001161,https://adcdb.idrblab.net/data/adc/details/DRG0EPHMC,SK-OV-3 cells || Mesothelin (MSLN)
DRG0HVHRQ,ChmAb-B B7-H3-ADC,Investigative,chmAb-B,TAR0GLSWQ,CD276 antigen (CD276),PAY0FSXOW,Monomethyl auristatin E,PAY0FSXOW,Microtubule (MT),microtubule-disrupting,Mc-Val-Cit-PABC,A375.S2 cells,Amelanotic melanoma,0.15,1,1,0,ADCC003389,https://adcdb.idrblab.net/data/adc/details/DRG0HVHRQ,A375.S2 cells || CD276 antigen (CD276)
DRG0NGUFC,ChmAb-A B7-H3-ADC,Investigative,chmAb-A,TAR0GLSWQ,CD276 antigen (CD276),PAY0FSXOW,Monomethyl auristatin E,PAY0FSXOW,Microtubule (MT),microtubule-disrupting,Mc-Val-Cit-PABC,A375.S2 cells,Amelanotic melanoma,0.7,1,1,0,ADCC003388,https://adcdb.idrblab.net/data/adc/details/DRG0NGUFC,A375.S2 cells || CD276 antigen (CD276)
DRG0QMQFL,ChmAb-C B7-H3-ADC,Investigative,chmAb-C,TAR0GLSWQ,CD276 antigen (CD276),PAY0FSXOW,Monomethyl auristatin E,PAY0FSXOW,Microtubule (MT),microtubule-disrupting,Mc-Val-Cit-PABC,A375.S2 cells,Amelanotic melanoma,0.27,1,1,0,ADCC003390,https://adcdb.idrblab.net/data/adc/details/DRG0QMQFL,A375.S2 cells || CD276 antigen (CD276)
DRG0XHGCX,ChmAb-D B7-H3-ADC,Investigative,chmAb-D,TAR0GLSWQ,CD276 antigen (CD276),PAY0FSXOW,Monomethyl auristatin E,PAY0FSXOW,Microtubule (MT),microtubule-disrupting,Mc-Val-Cit-PABC,A375.S2 cells,Amelanotic melanoma,0.89,1,1,0,ADCC003391,https://adcdb.idrblab.net/data/adc/details/DRG0XHGCX,A375.S2 cells || CD276 antigen (CD276)
DRG0HVHRQ,ChmAb-B B7-H3-ADC,Investigative,chmAb-B,TAR0GLSWQ,CD276 antigen (CD276),PAY0FSXOW,Monomethyl auristatin E,PAY0FSXOW,Microtubule (MT),microtubule-disrupting,Mc-Val-Cit-PABC,Calu-6 cells,Lung adenocarcinoma,0.059,1,1,0,ADCC003393,https://adcdb.idrblab.net/data/adc/details/DRG0HVHRQ,Calu-6 cells || CD276 antigen (CD276)
DRG0NGUFC,ChmAb-A B7-H3-ADC,Investigative,chmAb-A,TAR0GLSWQ,CD276 antigen (CD276),PAY0FSXOW,Monomethyl auristatin E,PAY0FSXOW,Microtubule (MT),microtubule-disrupting,Mc-Val-Cit-PABC,Calu-6 cells,Lung adenocarcinoma,1,1,1,0,ADCC003392,https://adcdb.idrblab.net/data/adc/details/DRG0NGUFC,Calu-6 cells || CD276 antigen (CD276)
DRG0QMQFL,ChmAb-C B7-H3-ADC,Investigative,chmAb-C,TAR0GLSWQ,CD276 antigen (CD276),PAY0FSXOW,Monomethyl auristatin E,PAY0FSXOW,Microtubule (MT),microtubule-disrupting,Mc-Val-Cit-PABC,Calu-6 cells,Lung adenocarcinoma,0.03,1,1,0,ADCC003394,https://adcdb.idrblab.net/data/adc/details/DRG0QMQFL,Calu-6 cells || CD276 antigen (CD276)
DRG0XHGCX,ChmAb-D B7-H3-ADC,Investigative,chmAb-D,TAR0GLSWQ,CD276 antigen (CD276),PAY0FSXOW,Monomethyl auristatin E,PAY0FSXOW,Microtubule (MT),microtubule-disrupting,Mc-Val-Cit-PABC,Calu-6 cells,Lung adenocarcinoma,0.17,1,1,0,ADCC003395,https://adcdb.idrblab.net/data/adc/details/DRG0XHGCX,Calu-6 cells || CD276 antigen (CD276)
DRG0HVHRQ,ChmAb-B B7-H3-ADC,Investigative,chmAb-B,TAR0GLSWQ,CD276 antigen (CD276),PAY0FSXOW,Monomethyl auristatin E,PAY0FSXOW,Microtubule (MT),microtubule-disrupting,Mc-Val-Cit-PABC,DU145 cells,Prostate carcinoma,3.77,1,1,0,ADCC003413,https://adcdb.idrblab.net/data/adc/details/DRG0HVHRQ,DU145 cells || CD276 antigen (CD276)
DRG0NGUFC,ChmAb-A B7-H3-ADC,Investigative,chmAb-A,TAR0GLSWQ,CD276 antigen (CD276),PAY0FSXOW,Monomethyl auristatin E,PAY0FSXOW,Microtubule (MT),microtubule-disrupting,Mc-Val-Cit-PABC,DU145 cells,Prostate carcinoma,20.15,0,1,0,ADCC003412,https://adcdb.idrblab.net/data/adc/details/DRG0NGUFC,DU145 cells || CD276 antigen (CD276)
DRG0QMQFL,ChmAb-C B7-H3-ADC,Investigative,chmAb-C,TAR0GLSWQ,CD276 antigen (CD276),PAY0FSXOW,Monomethyl auristatin E,PAY0FSXOW,Microtubule (MT),microtubule-disrupting,Mc-Val-Cit-PABC,DU145 cells,Prostate carcinoma,0.47,1,1,0,ADCC003414,https://adcdb.idrblab.net/data/adc/details/DRG0QMQFL,DU145 cells || CD276 antigen (CD276)
DRG0XHGCX,ChmAb-D B7-H3-ADC,Investigative,chmAb-D,TAR0GLSWQ,CD276 antigen (CD276),PAY0FSXOW,Monomethyl auristatin E,PAY0FSXOW,Microtubule (MT),microtubule-disrupting,Mc-Val-Cit-PABC,DU145 cells,Prostate carcinoma,2.59,1,1,0,ADCC003415,https://adcdb.idrblab.net/data/adc/details/DRG0XHGCX,DU145 cells || CD276 antigen (CD276)
DRG0HVHRQ,ChmAb-B B7-H3-ADC,Investigative,chmAb-B,TAR0GLSWQ,CD276 antigen (CD276),PAY0FSXOW,Monomethyl auristatin E,PAY0FSXOW,Microtubule (MT),microtubule-disrupting,Mc-Val-Cit-PABC,Hs 700T cells,Neoplasm,0.16,1,1,0,ADCC003409,https://adcdb.idrblab.net/data/adc/details/DRG0HVHRQ,Hs 700T cells || CD276 antigen (CD276)
DRG0NGUFC,ChmAb-A B7-H3-ADC,Investigative,chmAb-A,TAR0GLSWQ,CD276 antigen (CD276),PAY0FSXOW,Monomethyl auristatin E,PAY0FSXOW,Microtubule (MT),microtubule-disrupting,Mc-Val-Cit-PABC,Hs 700T cells,Neoplasm,0.61,1,1,0,ADCC003408,https://adcdb.idrblab.net/data/adc/details/DRG0NGUFC,Hs 700T cells || CD276 antigen (CD276)
DRG0QMQFL,ChmAb-C B7-H3-ADC,Investigative,chmAb-C,TAR0GLSWQ,CD276 antigen (CD276),PAY0FSXOW,Monomethyl auristatin E,PAY0FSXOW,Microtubule (MT),microtubule-disrupting,Mc-Val-Cit-PABC,Hs 700T cells,Neoplasm,0.11,1,1,0,ADCC003410,https://adcdb.idrblab.net/data/adc/details/DRG0QMQFL,Hs 700T cells || CD276 antigen (CD276)
DRG0XHGCX,ChmAb-D B7-H3-ADC,Investigative,chmAb-D,TAR0GLSWQ,CD276 antigen (CD276),PAY0FSXOW,Monomethyl auristatin E,PAY0FSXOW,Microtubule (MT),microtubule-disrupting,Mc-Val-Cit-PABC,Hs 700T cells,Neoplasm,0.3,1,1,0,ADCC003411,https://adcdb.idrblab.net/data/adc/details/DRG0XHGCX,Hs 700T cells || CD276 antigen (CD276)
DRG0HVHRQ,ChmAb-B B7-H3-ADC,Investigative,chmAb-B,TAR0GLSWQ,CD276 antigen (CD276),PAY0FSXOW,Monomethyl auristatin E,PAY0FSXOW,Microtubule (MT),microtubule-disrupting,Mc-Val-Cit-PABC,JIMT-1 cells,Breast ductal carcinoma,0.22,1,1,0,ADCC003381,https://adcdb.idrblab.net/data/adc/details/DRG0HVHRQ,JIMT-1 cells || CD276 antigen (CD276)
DRG0NGUFC,ChmAb-A B7-H3-ADC,Investigative,chmAb-A,TAR0GLSWQ,CD276 antigen (CD276),PAY0FSXOW,Monomethyl auristatin E,PAY0FSXOW,Microtubule (MT),microtubule-disrupting,Mc-Val-Cit-PABC,JIMT-1 cells,Breast ductal carcinoma,9.1,1,1,0,ADCC003380,https://adcdb.idrblab.net/data/adc/details/DRG0NGUFC,JIMT-1 cells || CD276 antigen (CD276)
DRG0QMQFL,ChmAb-C B7-H3-ADC,Investigative,chmAb-C,TAR0GLSWQ,CD276 antigen (CD276),PAY0FSXOW,Monomethyl auristatin E,PAY0FSXOW,Microtubule (MT),microtubule-disrupting,Mc-Val-Cit-PABC,JIMT-1 cells,Breast ductal carcinoma,0.12,1,1,0,ADCC003382,https://adcdb.idrblab.net/data/adc/details/DRG0QMQFL,JIMT-1 cells || CD276 antigen (CD276)
DRG0XHGCX,ChmAb-D B7-H3-ADC,Investigative,chmAb-D,TAR0GLSWQ,CD276 antigen (CD276),PAY0FSXOW,Monomethyl auristatin E,PAY0FSXOW,Microtubule (MT),microtubule-disrupting,Mc-Val-Cit-PABC,JIMT-1 cells,Breast ductal carcinoma,0.74,1,1,0,ADCC003383,https://adcdb.idrblab.net/data/adc/details/DRG0XHGCX,JIMT-1 cells || CD276 antigen (CD276)
DRG0HVHRQ,ChmAb-B B7-H3-ADC,Investigative,chmAb-B,TAR0GLSWQ,CD276 antigen (CD276),PAY0FSXOW,Monomethyl auristatin E,PAY0FSXOW,Microtubule (MT),microtubule-disrupting,Mc-Val-Cit-PABC,MDA-MB-468 cells,Breast adenocarcinoma,0.35,1,1,0,ADCC003385,https://adcdb.idrblab.net/data/adc/details/DRG0HVHRQ,MDA-MB-468 cells || CD276 antigen (CD276)
DRG0NGUFC,ChmAb-A B7-H3-ADC,Investigative,chmAb-A,TAR0GLSWQ,CD276 antigen (CD276),PAY0FSXOW,Monomethyl auristatin E,PAY0FSXOW,Microtubule (MT),microtubule-disrupting,Mc-Val-Cit-PABC,MDA-MB-468 cells,Breast adenocarcinoma,8.1,1,1,0,ADCC003384,https://adcdb.idrblab.net/data/adc/details/DRG0NGUFC,MDA-MB-468 cells || CD276 antigen (CD276)
DRG0QMQFL,ChmAb-C B7-H3-ADC,Investigative,chmAb-C,TAR0GLSWQ,CD276 antigen (CD276),PAY0FSXOW,Monomethyl auristatin E,PAY0FSXOW,Microtubule (MT),microtubule-disrupting,Mc-Val-Cit-PABC,MDA-MB-468 cells,Breast adenocarcinoma,0.2,1,1,0,ADCC003386,https://adcdb.idrblab.net/data/adc/details/DRG0QMQFL,MDA-MB-468 cells || CD276 antigen (CD276)
DRG0XHGCX,ChmAb-D B7-H3-ADC,Investigative,chmAb-D,TAR0GLSWQ,CD276 antigen (CD276),PAY0FSXOW,Monomethyl auristatin E,PAY0FSXOW,Microtubule (MT),microtubule-disrupting,Mc-Val-Cit-PABC,MDA-MB-468 cells,Breast adenocarcinoma,1.38,1,1,0,ADCC003387,https://adcdb.idrblab.net/data/adc/details/DRG0XHGCX,MDA-MB-468 cells || CD276 antigen (CD276)
DRG0HVHRQ,ChmAb-B B7-H3-ADC,Investigative,chmAb-B,TAR0GLSWQ,CD276 antigen (CD276),PAY0FSXOW,Monomethyl auristatin E,PAY0FSXOW,Microtubule (MT),microtubule-disrupting,Mc-Val-Cit-PABC,NCI-H1703 cells,Lung squamous cell carcinoma,0.09,1,1,0,ADCC003397,https://adcdb.idrblab.net/data/adc/details/DRG0HVHRQ,NCI-H1703 cells || CD276 antigen (CD276)
DRG0NGUFC,ChmAb-A B7-H3-ADC,Investigative,chmAb-A,TAR0GLSWQ,CD276 antigen (CD276),PAY0FSXOW,Monomethyl auristatin E,PAY0FSXOW,Microtubule (MT),microtubule-disrupting,Mc-Val-Cit-PABC,NCI-H1703 cells,Lung squamous cell carcinoma,1.52,1,1,0,ADCC003396,https://adcdb.idrblab.net/data/adc/details/DRG0NGUFC,NCI-H1703 cells || CD276 antigen (CD276)
DRG0QMQFL,ChmAb-C B7-H3-ADC,Investigative,chmAb-C,TAR0GLSWQ,CD276 antigen (CD276),PAY0FSXOW,Monomethyl auristatin E,PAY0FSXOW,Microtubule (MT),microtubule-disrupting,Mc-Val-Cit-PABC,NCI-H1703 cells,Lung squamous cell carcinoma,0.043,1,1,0,ADCC003398,https://adcdb.idrblab.net/data/adc/details/DRG0QMQFL,NCI-H1703 cells || CD276 antigen (CD276)
DRG0XHGCX,ChmAb-D B7-H3-ADC,Investigative,chmAb-D,TAR0GLSWQ,CD276 antigen (CD276),PAY0FSXOW,Monomethyl auristatin E,PAY0FSXOW,Microtubule (MT),microtubule-disrupting,Mc-Val-Cit-PABC,NCI-H1703 cells,Lung squamous cell carcinoma,0.22,1,1,0,ADCC003399,https://adcdb.idrblab.net/data/adc/details/DRG0XHGCX,NCI-H1703 cells || CD276 antigen (CD276)
DRG0HVHRQ,ChmAb-B B7-H3-ADC,Investigative,chmAb-B,TAR0GLSWQ,CD276 antigen (CD276),PAY0FSXOW,Monomethyl auristatin E,PAY0FSXOW,Microtubule (MT),microtubule-disrupting,Mc-Val-Cit-PABC,NCI-H1975 cells,Lung adenocarcinoma,0.031,1,1,0,ADCC003401,https://adcdb.idrblab.net/data/adc/details/DRG0HVHRQ,NCI-H1975 cells || CD276 antigen (CD276)
DRG0NGUFC,ChmAb-A B7-H3-ADC,Investigative,chmAb-A,TAR0GLSWQ,CD276 antigen (CD276),PAY0FSXOW,Monomethyl auristatin E,PAY0FSXOW,Microtubule (MT),microtubule-disrupting,Mc-Val-Cit-PABC,NCI-H1975 cells,Lung adenocarcinoma,26.98,0,1,0,ADCC003400,https://adcdb.idrblab.net/data/adc/details/DRG0NGUFC,NCI-H1975 cells || CD276 antigen (CD276)
DRG0QMQFL,ChmAb-C B7-H3-ADC,Investigative,chmAb-C,TAR0GLSWQ,CD276 antigen (CD276),PAY0FSXOW,Monomethyl auristatin E,PAY0FSXOW,Microtubule (MT),microtubule-disrupting,Mc-Val-Cit-PABC,NCI-H1975 cells,Lung adenocarcinoma,0.016,1,1,0,ADCC003402,https://adcdb.idrblab.net/data/adc/details/DRG0QMQFL,NCI-H1975 cells || CD276 antigen (CD276)
DRG0XHGCX,ChmAb-D B7-H3-ADC,Investigative,chmAb-D,TAR0GLSWQ,CD276 antigen (CD276),PAY0FSXOW,Monomethyl auristatin E,PAY0FSXOW,Microtubule (MT),microtubule-disrupting,Mc-Val-Cit-PABC,NCI-H1975 cells,Lung adenocarcinoma,0.16,1,1,0,ADCC003403,https://adcdb.idrblab.net/data/adc/details/DRG0XHGCX,NCI-H1975 cells || CD276 antigen (CD276)
DRG0HVHRQ,ChmAb-B B7-H3-ADC,Investigative,chmAb-B,TAR0GLSWQ,CD276 antigen (CD276),PAY0FSXOW,Monomethyl auristatin E,PAY0FSXOW,Microtubule (MT),microtubule-disrupting,Mc-Val-Cit-PABC,PA-1 cells,Ovarian mixed germ cell tumor,0.56,1,1,0,ADCC003405,https://adcdb.idrblab.net/data/adc/details/DRG0HVHRQ,PA-1 cells || CD276 antigen (CD276)
DRG0NGUFC,ChmAb-A B7-H3-ADC,Investigative,chmAb-A,TAR0GLSWQ,CD276 antigen (CD276),PAY0FSXOW,Monomethyl auristatin E,PAY0FSXOW,Microtubule (MT),microtubule-disrupting,Mc-Val-Cit-PABC,PA-1 cells,Ovarian mixed germ cell tumor,8.33,1,1,0,ADCC003404,https://adcdb.idrblab.net/data/adc/details/DRG0NGUFC,PA-1 cells || CD276 antigen (CD276)
DRG0QMQFL,ChmAb-C B7-H3-ADC,Investigative,chmAb-C,TAR0GLSWQ,CD276 antigen (CD276),PAY0FSXOW,Monomethyl auristatin E,PAY0FSXOW,Microtubule (MT),microtubule-disrupting,Mc-Val-Cit-PABC,PA-1 cells,Ovarian mixed germ cell tumor,0.41,1,1,0,ADCC003406,https://adcdb.idrblab.net/data/adc/details/DRG0QMQFL,PA-1 cells || CD276 antigen (CD276)
DRG0XHGCX,ChmAb-D B7-H3-ADC,Investigative,chmAb-D,TAR0GLSWQ,CD276 antigen (CD276),PAY0FSXOW,Monomethyl auristatin E,PAY0FSXOW,Microtubule (MT),microtubule-disrupting,Mc-Val-Cit-PABC,PA-1 cells,Ovarian mixed germ cell tumor,1.8,1,1,0,ADCC003407,https://adcdb.idrblab.net/data/adc/details/DRG0XHGCX,PA-1 cells || CD276 antigen (CD276)
DRG0HVHRQ,ChmAb-B B7-H3-ADC,Investigative,chmAb-B,TAR0GLSWQ,CD276 antigen (CD276),PAY0FSXOW,Monomethyl auristatin E,PAY0FSXOW,Microtubule (MT),microtubule-disrupting,Mc-Val-Cit-PABC,Raji cells,EBV-related Burkitt lymphoma,100,0,1,0,ADCC003417,https://adcdb.idrblab.net/data/adc/details/DRG0HVHRQ,Raji cells || CD276 antigen (CD276)
DRG0NGUFC,ChmAb-A B7-H3-ADC,Investigative,chmAb-A,TAR0GLSWQ,CD276 antigen (CD276),PAY0FSXOW,Monomethyl auristatin E,PAY0FSXOW,Microtubule (MT),microtubule-disrupting,Mc-Val-Cit-PABC,Raji cells,EBV-related Burkitt lymphoma,100,0,1,0,ADCC003416,https://adcdb.idrblab.net/data/adc/details/DRG0NGUFC,Raji cells || CD276 antigen (CD276)
DRG0QMQFL,ChmAb-C B7-H3-ADC,Investigative,chmAb-C,TAR0GLSWQ,CD276 antigen (CD276),PAY0FSXOW,Monomethyl auristatin E,PAY0FSXOW,Microtubule (MT),microtubule-disrupting,Mc-Val-Cit-PABC,Raji cells,EBV-related Burkitt lymphoma,100,0,1,0,ADCC003418,https://adcdb.idrblab.net/data/adc/details/DRG0QMQFL,Raji cells || CD276 antigen (CD276)
DRG0XHGCX,ChmAb-D B7-H3-ADC,Investigative,chmAb-D,TAR0GLSWQ,CD276 antigen (CD276),PAY0FSXOW,Monomethyl auristatin E,PAY0FSXOW,Microtubule (MT),microtubule-disrupting,Mc-Val-Cit-PABC,Raji cells,EBV-related Burkitt lymphoma,100,0,1,0,ADCC003419,https://adcdb.idrblab.net/data/adc/details/DRG0XHGCX,Raji cells || CD276 antigen (CD276)
DRG0DKNMD,MAb-DMBA-SIL-MMAE,Investigative,Cetuximab,TAR0UYFIF,Epidermal growth factor receptor (EGFR),PAY0FSXOW,Monomethyl auristatin E,PAY0FSXOW,Microtubule (MT),microtubule-disrupting,DMBA-SIL,8505C cells,Thyroid gland anaplastic carcinoma,0.1,1,1,0,ADCC002146,https://adcdb.idrblab.net/data/adc/details/DRG0DKNMD,8505C cells || Epidermal growth factor receptor (EGFR)
DRG0NEMOV,Losatuxizumab vedotin,Phase 1 (discontinued),Losatuxizumab,TAR0UYFIF,Epidermal growth factor receptor (EGFR),PAY0FSXOW,Monomethyl auristatin E,PAY0FSXOW,Microtubule (MT),microtubule-disrupting,Mc-Val-Cit-PABC,A431 cells,Skin squamous cell carcinoma,1,1,1,0,ADCC000723,https://adcdb.idrblab.net/data/adc/details/DRG0NEMOV,A431 cells || Epidermal growth factor receptor (EGFR)
DRG0TVMXR,C-IgG-Val-Cit-MMAE,Investigative,Cetuximab,TAR0UYFIF,Epidermal growth factor receptor (EGFR),PAY0FSXOW,Monomethyl auristatin E,PAY0FSXOW,Microtubule (MT),microtubule-disrupting,Gly3-Val-Cit-PABC,A431 cells,Skin squamous cell carcinoma,1.4,1,1,0,ADCC002564,https://adcdb.idrblab.net/data/adc/details/DRG0TVMXR,A431 cells || Epidermal growth factor receptor (EGFR)
DRG0VWVOU,Cetuximab-vc-MMAE,Investigative,Cetuximab,TAR0UYFIF,Epidermal growth factor receptor (EGFR),PAY0FSXOW,Monomethyl auristatin E,PAY0FSXOW,Microtubule (MT),microtubule-disrupting,Mc-Val-Cit-PABC,A431 cells,Skin squamous cell carcinoma,0.1,1,1,0,ADCC006201,https://adcdb.idrblab.net/data/adc/details/DRG0VWVOU,A431 cells || Epidermal growth factor receptor (EGFR)
DRG0NEMOV,Losatuxizumab vedotin,Phase 1 (discontinued),Losatuxizumab,TAR0UYFIF,Epidermal growth factor receptor (EGFR),PAY0FSXOW,Monomethyl auristatin E,PAY0FSXOW,Microtubule (MT),microtubule-disrupting,Mc-Val-Cit-PABC,EBC-1 cells,Lung squamous cell carcinoma,69,0,1,0,ADCC000725,https://adcdb.idrblab.net/data/adc/details/DRG0NEMOV,EBC-1 cells || Epidermal growth factor receptor (EGFR)
DRG0NEMOV,Losatuxizumab vedotin,Phase 1 (discontinued),Losatuxizumab,TAR0UYFIF,Epidermal growth factor receptor (EGFR),PAY0FSXOW,Monomethyl auristatin E,PAY0FSXOW,Microtubule (MT),microtubule-disrupting,Mc-Val-Cit-PABC,HCC827ER cells,Lung adenocarcinoma,11,0,1,0,ADCC000724,https://adcdb.idrblab.net/data/adc/details/DRG0NEMOV,HCC827ER cells || Epidermal growth factor receptor (EGFR)
DRG0NEMOV,Losatuxizumab vedotin,Phase 1 (discontinued),Losatuxizumab,TAR0UYFIF,Epidermal growth factor receptor (EGFR),PAY0FSXOW,Monomethyl auristatin E,PAY0FSXOW,Microtubule (MT),microtubule-disrupting,Mc-Val-Cit-PABC,HCT 15 cells,Colon adenocarcinoma,1000,0,1,0,ADCC000730,https://adcdb.idrblab.net/data/adc/details/DRG0NEMOV,HCT 15 cells || Epidermal growth factor receptor (EGFR)
DRG0NEMOV,Losatuxizumab vedotin,Phase 1 (discontinued),Losatuxizumab,TAR0UYFIF,Epidermal growth factor receptor (EGFR),PAY0FSXOW,Monomethyl auristatin E,PAY0FSXOW,Microtubule (MT),microtubule-disrupting,Mc-Val-Cit-PABC,LoVo cells,Colon adenocarcinoma,8,1,1,0,ADCC000729,https://adcdb.idrblab.net/data/adc/details/DRG0NEMOV,LoVo cells || Epidermal growth factor receptor (EGFR)
DRG0TVMXR,C-IgG-Val-Cit-MMAE,Investigative,Cetuximab,TAR0UYFIF,Epidermal growth factor receptor (EGFR),PAY0FSXOW,Monomethyl auristatin E,PAY0FSXOW,Microtubule (MT),microtubule-disrupting,Gly3-Val-Cit-PABC,MCF-7 cells,Invasive breast carcinoma,100,0,1,0,ADCC002565,https://adcdb.idrblab.net/data/adc/details/DRG0TVMXR,MCF-7 cells || Epidermal growth factor receptor (EGFR)
DRG0TVMXR,C-IgG-Val-Cit-MMAE,Investigative,Cetuximab,TAR0UYFIF,Epidermal growth factor receptor (EGFR),PAY0FSXOW,Monomethyl auristatin E,PAY0FSXOW,Microtubule (MT),microtubule-disrupting,Gly3-Val-Cit-PABC,MDA-MB-468 cells,Breast adenocarcinoma,0.44,1,1,0,ADCC002563,https://adcdb.idrblab.net/data/adc/details/DRG0TVMXR,MDA-MB-468 cells || Epidermal growth factor receptor (EGFR)
DRG0NEMOV,Losatuxizumab vedotin,Phase 1 (discontinued),Losatuxizumab,TAR0UYFIF,Epidermal growth factor receptor (EGFR),PAY0FSXOW,Monomethyl auristatin E,PAY0FSXOW,Microtubule (MT),microtubule-disrupting,Mc-Val-Cit-PABC,NCI-H1703 cells,Lung squamous cell carcinoma,4,1,1,0,ADCC000726,https://adcdb.idrblab.net/data/adc/details/DRG0NEMOV,NCI-H1703 cells || Epidermal growth factor receptor (EGFR)
DRG0NEMOV,Losatuxizumab vedotin,Phase 1 (discontinued),Losatuxizumab,TAR0UYFIF,Epidermal growth factor receptor (EGFR),PAY0FSXOW,Monomethyl auristatin E,PAY0FSXOW,Microtubule (MT),microtubule-disrupting,Mc-Val-Cit-PABC,NCI-H292 cells,Lung mucoepidermoid carcinoma,8,1,1,0,ADCC000728,https://adcdb.idrblab.net/data/adc/details/DRG0NEMOV,NCI-H292 cells || Epidermal growth factor receptor (EGFR)
DRG0NEMOV,Losatuxizumab vedotin,Phase 1 (discontinued),Losatuxizumab,TAR0UYFIF,Epidermal growth factor receptor (EGFR),PAY0FSXOW,Monomethyl auristatin E,PAY0FSXOW,Microtubule (MT),microtubule-disrupting,Mc-Val-Cit-PABC,NCI-H441 cells,Lung papillary adenocarcinoma,80,0,1,0,ADCC000727,https://adcdb.idrblab.net/data/adc/details/DRG0NEMOV,NCI-H441 cells || Epidermal growth factor receptor (EGFR)
DRG0VWVOU,Cetuximab-vc-MMAE,Investigative,Cetuximab,TAR0UYFIF,Epidermal growth factor receptor (EGFR),PAY0FSXOW,Monomethyl auristatin E,PAY0FSXOW,Microtubule (MT),microtubule-disrupting,Mc-Val-Cit-PABC,NHEK-iPSCs #1 cells,Normal,1,1,1,0,ADCC006213,https://adcdb.idrblab.net/data/adc/details/DRG0VWVOU,NHEK-iPSCs #1 cells || Epidermal growth factor receptor (EGFR)
DRG0NEMOV,Losatuxizumab vedotin,Phase 1 (discontinued),Losatuxizumab,TAR0UYFIF,Epidermal growth factor receptor (EGFR),PAY0FSXOW,Monomethyl auristatin E,PAY0FSXOW,Microtubule (MT),microtubule-disrupting,Mc-Val-Cit-PABC,SW620 cells,Colon adenocarcinoma,1000,0,1,0,ADCC000731,https://adcdb.idrblab.net/data/adc/details/DRG0NEMOV,SW620 cells || Epidermal growth factor receptor (EGFR)
DRG0IBFEK,Cetux Cys-vc-MMAE,Investigative,Cetuximab,TAR0UYFIF,Epidermal growth factor receptor (EGFR),PAY0FSXOW,Monomethyl auristatin E,PAY0FSXOW,Microtubule (MT),microtubule-disrupting,Mc-Val-Cit-PABC,U-87MG cells,Glioblastoma,0.03,1,1,0,ADCC006140,https://adcdb.idrblab.net/data/adc/details/DRG0IBFEK,U-87MG cells || Epidermal growth factor receptor (EGFR)
DRG0SPGJY,Cetux Cys-vc-MMAE,Investigative,Glyco-engineered cetuximab,TAR0UYFIF,Epidermal growth factor receptor (EGFR),PAY0FSXOW,Monomethyl auristatin E,PAY0FSXOW,Microtubule (MT),microtubule-disrupting,Mc-Val-Cit-PABC,U-87MG cells,Glioblastoma,0.03,1,1,0,ADCC002912,https://adcdb.idrblab.net/data/adc/details/DRG0SPGJY,U-87MG cells || Epidermal growth factor receptor (EGFR)
DRG0NEMOV,Losatuxizumab vedotin,Phase 1 (discontinued),Losatuxizumab,TAR0UYFIF,Epidermal growth factor receptor (EGFR),PAY0FSXOW,Monomethyl auristatin E,PAY0FSXOW,Microtubule (MT),microtubule-disrupting,Mc-Val-Cit-PABC,U87MGde2-7 cells (EGFRvIII overexpression),Glioblastoma,0.2,1,1,0,ADCC000722,https://adcdb.idrblab.net/data/adc/details/DRG0NEMOV,U87MGde2-7 cells (EGFRvIII overexpression) || Epidermal growth factor receptor (EGFR)
DRG0UYWZI,GPC1-ADC-MMAE,Investigative,Anti-GPC1 GPC1-ADC (MMAE) mAb,TAR0WBVOL,Glypican-1 (GPC1),PAY0FSXOW,Monomethyl auristatin E,PAY0FSXOW,Microtubule (MT),microtubule-disrupting,Mc-Val-Cit-PABC,BxPC-3 cells,Pancreatic ductal adenocarcinoma,0.68,1,1,0,ADCC002574,https://adcdb.idrblab.net/data/adc/details/DRG0UYWZI,BxPC-3 cells || Glypican-1 (GPC1)
DRG0UYWZI,GPC1-ADC-MMAE,Investigative,Anti-GPC1 GPC1-ADC (MMAE) mAb,TAR0WBVOL,Glypican-1 (GPC1),PAY0FSXOW,Monomethyl auristatin E,PAY0FSXOW,Microtubule (MT),microtubule-disrupting,Mc-Val-Cit-PABC,KP-2 cells,Pancreatic carcinoma,0.0809,1,1,0,ADCC002575,https://adcdb.idrblab.net/data/adc/details/DRG0UYWZI,KP-2 cells || Glypican-1 (GPC1)
DRG0UYWZI,GPC1-ADC-MMAE,Investigative,Anti-GPC1 GPC1-ADC (MMAE) mAb,TAR0WBVOL,Glypican-1 (GPC1),PAY0FSXOW,Monomethyl auristatin E,PAY0FSXOW,Microtubule (MT),microtubule-disrupting,Mc-Val-Cit-PABC,PK-8 cells,Pancreatic ductal adenocarcinoma,0.55,1,1,0,ADCC002576,https://adcdb.idrblab.net/data/adc/details/DRG0UYWZI,PK-8 cells || Glypican-1 (GPC1)
DRG0WJWEG,AGS67E,Phase 1 (discontinued),AGS67C,TAR0DPWRE,Leukocyte antigen CD37 (CD37),PAY0FSXOW,Monomethyl auristatin E,PAY0FSXOW,Microtubule (MT),microtubule-disrupting,Mc-Val-Cit-PABC,BDCM cells,Acute myeloid leukemia,5.7,1,1,0,ADCC001214,https://adcdb.idrblab.net/data/adc/details/DRG0WJWEG,BDCM cells || Leukocyte antigen CD37 (CD37)
DRG0WJWEG,AGS67E,Phase 1 (discontinued),AGS67C,TAR0DPWRE,Leukocyte antigen CD37 (CD37),PAY0FSXOW,Monomethyl auristatin E,PAY0FSXOW,Microtubule (MT),microtubule-disrupting,Mc-Val-Cit-PABC,CMK cells,Down syndrome,10000,0,1,0,ADCC001220,https://adcdb.idrblab.net/data/adc/details/DRG0WJWEG,CMK cells || Leukocyte antigen CD37 (CD37)
DRG0WJWEG,AGS67E,Phase 1 (discontinued),AGS67C,TAR0DPWRE,Leukocyte antigen CD37 (CD37),PAY0FSXOW,Monomethyl auristatin E,PAY0FSXOW,Microtubule (MT),microtubule-disrupting,Mc-Val-Cit-PABC,Daudi cells,Burkitt lymphoma,0.08,1,1,0,ADCC001199,https://adcdb.idrblab.net/data/adc/details/DRG0WJWEG,Daudi cells || Leukocyte antigen CD37 (CD37)
DRG0WJWEG,AGS67E,Phase 1 (discontinued),AGS67C,TAR0DPWRE,Leukocyte antigen CD37 (CD37),PAY0FSXOW,Monomethyl auristatin E,PAY0FSXOW,Microtubule (MT),microtubule-disrupting,Mc-Val-Cit-PABC,DoHH2 cells,Diffuse large B-cell lymphoma germinal center B-cell type,0.98,1,1,0,ADCC001204,https://adcdb.idrblab.net/data/adc/details/DRG0WJWEG,DoHH2 cells || Leukocyte antigen CD37 (CD37)
DRG0WJWEG,AGS67E,Phase 1 (discontinued),AGS67C,TAR0DPWRE,Leukocyte antigen CD37 (CD37),PAY0FSXOW,Monomethyl auristatin E,PAY0FSXOW,Microtubule (MT),microtubule-disrupting,Mc-Val-Cit-PABC,EoL-1 cells,Chronic eosinophilic leukemia,10000,0,1,0,ADCC001216,https://adcdb.idrblab.net/data/adc/details/DRG0WJWEG,EoL-1 cells || Leukocyte antigen CD37 (CD37)
DRG0WJWEG,AGS67E,Phase 1 (discontinued),AGS67C,TAR0DPWRE,Leukocyte antigen CD37 (CD37),PAY0FSXOW,Monomethyl auristatin E,PAY0FSXOW,Microtubule (MT),microtubule-disrupting,Mc-Val-Cit-PABC,Granta-519 cells,Mantle cell lymphoma,0.08,1,1,0,ADCC001202,https://adcdb.idrblab.net/data/adc/details/DRG0WJWEG,Granta-519 cells || Leukocyte antigen CD37 (CD37)
DRG0WJWEG,AGS67E,Phase 1 (discontinued),AGS67C,TAR0DPWRE,Leukocyte antigen CD37 (CD37),PAY0FSXOW,Monomethyl auristatin E,PAY0FSXOW,Microtubule (MT),microtubule-disrupting,Mc-Val-Cit-PABC,HEL 92.1 cells,Acute erythroid leukemia,10000,0,1,0,ADCC001222,https://adcdb.idrblab.net/data/adc/details/DRG0WJWEG,HEL 92.1 cells || Leukocyte antigen CD37 (CD37)
DRG0WJWEG,AGS67E,Phase 1 (discontinued),AGS67C,TAR0DPWRE,Leukocyte antigen CD37 (CD37),PAY0FSXOW,Monomethyl auristatin E,PAY0FSXOW,Microtubule (MT),microtubule-disrupting,Mc-Val-Cit-PABC,HL-60 cells,Adult acute myeloid leukemia,10000,0,1,0,ADCC001217,https://adcdb.idrblab.net/data/adc/details/DRG0WJWEG,HL-60 cells || Leukocyte antigen CD37 (CD37)
DRG0WJWEG,AGS67E,Phase 1 (discontinued),AGS67C,TAR0DPWRE,Leukocyte antigen CD37 (CD37),PAY0FSXOW,Monomethyl auristatin E,PAY0FSXOW,Microtubule (MT),microtubule-disrupting,Mc-Val-Cit-PABC,JVM-3 cells,B-cell prolymphocytic leukemia,0.5,1,1,0,ADCC001207,https://adcdb.idrblab.net/data/adc/details/DRG0WJWEG,JVM-3 cells || Leukocyte antigen CD37 (CD37)
DRG0WJWEG,AGS67E,Phase 1 (discontinued),AGS67C,TAR0DPWRE,Leukocyte antigen CD37 (CD37),PAY0FSXOW,Monomethyl auristatin E,PAY0FSXOW,Microtubule (MT),microtubule-disrupting,Mc-Val-Cit-PABC,KG-1 cells,Adult acute myeloid leukemia,10000,0,1,0,ADCC001219,https://adcdb.idrblab.net/data/adc/details/DRG0WJWEG,KG-1 cells || Leukocyte antigen CD37 (CD37)
DRG0WJWEG,AGS67E,Phase 1 (discontinued),AGS67C,TAR0DPWRE,Leukocyte antigen CD37 (CD37),PAY0FSXOW,Monomethyl auristatin E,PAY0FSXOW,Microtubule (MT),microtubule-disrupting,Mc-Val-Cit-PABC,Kasumi-1 cells,Myeloid leukemia with maturation,3.5,1,1,0,ADCC001213,https://adcdb.idrblab.net/data/adc/details/DRG0WJWEG,Kasumi-1 cells || Leukocyte antigen CD37 (CD37)
DRG0WJWEG,AGS67E,Phase 1 (discontinued),AGS67C,TAR0DPWRE,Leukocyte antigen CD37 (CD37),PAY0FSXOW,Monomethyl auristatin E,PAY0FSXOW,Microtubule (MT),microtubule-disrupting,Mc-Val-Cit-PABC,MOLM-13 cells,Adult acute myeloid leukemia,1.3,1,1,0,ADCC001211,https://adcdb.idrblab.net/data/adc/details/DRG0WJWEG,MOLM-13 cells || Leukocyte antigen CD37 (CD37)
DRG0WJWEG,AGS67E,Phase 1 (discontinued),AGS67C,TAR0DPWRE,Leukocyte antigen CD37 (CD37),PAY0FSXOW,Monomethyl auristatin E,PAY0FSXOW,Microtubule (MT),microtubule-disrupting,Mc-Val-Cit-PABC,MOLT-4 cells,Adult T acute lymphoblastic leukemia,10000,0,1,0,ADCC001223,https://adcdb.idrblab.net/data/adc/details/DRG0WJWEG,MOLT-4 cells || Leukocyte antigen CD37 (CD37)
DRG0WJWEG,AGS67E,Phase 1 (discontinued),AGS67C,TAR0DPWRE,Leukocyte antigen CD37 (CD37),PAY0FSXOW,Monomethyl auristatin E,PAY0FSXOW,Microtubule (MT),microtubule-disrupting,Mc-Val-Cit-PABC,MV4-11 cells,Childhood acute monocytic leukemia,1.2,1,1,0,ADCC001210,https://adcdb.idrblab.net/data/adc/details/DRG0WJWEG,MV4-11 cells || Leukocyte antigen CD37 (CD37)
DRG0WJWEG,AGS67E,Phase 1 (discontinued),AGS67C,TAR0DPWRE,Leukocyte antigen CD37 (CD37),PAY0FSXOW,Monomethyl auristatin E,PAY0FSXOW,Microtubule (MT),microtubule-disrupting,Mc-Val-Cit-PABC,Mino cells,Mantle cell lymphoma,0.07,1,1,0,ADCC001201,https://adcdb.idrblab.net/data/adc/details/DRG0WJWEG,Mino cells || Leukocyte antigen CD37 (CD37)
DRG0WJWEG,AGS67E,Phase 1 (discontinued),AGS67C,TAR0DPWRE,Leukocyte antigen CD37 (CD37),PAY0FSXOW,Monomethyl auristatin E,PAY0FSXOW,Microtubule (MT),microtubule-disrupting,Mc-Val-Cit-PABC,OCI-AML-2 cells,Adult acute myeloid leukemia,1.1,1,1,0,ADCC001212,https://adcdb.idrblab.net/data/adc/details/DRG0WJWEG,OCI-AML-2 cells || Leukocyte antigen CD37 (CD37)
DRG0WJWEG,AGS67E,Phase 1 (discontinued),AGS67C,TAR0DPWRE,Leukocyte antigen CD37 (CD37),PAY0FSXOW,Monomethyl auristatin E,PAY0FSXOW,Microtubule (MT),microtubule-disrupting,Mc-Val-Cit-PABC,PL-21 cells,Acute myeloid leukemia,10000,0,1,0,ADCC001215,https://adcdb.idrblab.net/data/adc/details/DRG0WJWEG,PL-21 cells || Leukocyte antigen CD37 (CD37)
DRG0WJWEG,AGS67E,Phase 1 (discontinued),AGS67C,TAR0DPWRE,Leukocyte antigen CD37 (CD37),PAY0FSXOW,Monomethyl auristatin E,PAY0FSXOW,Microtubule (MT),microtubule-disrupting,Mc-Val-Cit-PABC,REC-1 cells,Mantle cell lymphoma,10000,0,1,0,ADCC001203,https://adcdb.idrblab.net/data/adc/details/DRG0WJWEG,REC-1 cells || Leukocyte antigen CD37 (CD37)
DRG0WJWEG,AGS67E,Phase 1 (discontinued),AGS67C,TAR0DPWRE,Leukocyte antigen CD37 (CD37),PAY0FSXOW,Monomethyl auristatin E,PAY0FSXOW,Microtubule (MT),microtubule-disrupting,Mc-Val-Cit-PABC,Ramos cells,Burkitt lymphoma,0.05,1,1,0,ADCC001200,https://adcdb.idrblab.net/data/adc/details/DRG0WJWEG,Ramos cells || Leukocyte antigen CD37 (CD37)
DRG0WJWEG,AGS67E,Phase 1 (discontinued),AGS67C,TAR0DPWRE,Leukocyte antigen CD37 (CD37),PAY0FSXOW,Monomethyl auristatin E,PAY0FSXOW,Microtubule (MT),microtubule-disrupting,Mc-Val-Cit-PABC,SKM-1 cells,Acute myeloid leukemia,0.71,1,1,0,ADCC001209,https://adcdb.idrblab.net/data/adc/details/DRG0WJWEG,SKM-1 cells || Leukocyte antigen CD37 (CD37)
DRG0WJWEG,AGS67E,Phase 1 (discontinued),AGS67C,TAR0DPWRE,Leukocyte antigen CD37 (CD37),PAY0FSXOW,Monomethyl auristatin E,PAY0FSXOW,Microtubule (MT),microtubule-disrupting,Mc-Val-Cit-PABC,SU-DHL-4 cells,Diffuse large B-cell lymphoma,0.23,1,1,0,ADCC001205,https://adcdb.idrblab.net/data/adc/details/DRG0WJWEG,SU-DHL-4 cells || Leukocyte antigen CD37 (CD37)
DRG0WJWEG,AGS67E,Phase 1 (discontinued),AGS67C,TAR0DPWRE,Leukocyte antigen CD37 (CD37),PAY0FSXOW,Monomethyl auristatin E,PAY0FSXOW,Microtubule (MT),microtubule-disrupting,Mc-Val-Cit-PABC,TF-1a cells,Acute erythroid leukemia,10000,0,1,0,ADCC001221,https://adcdb.idrblab.net/data/adc/details/DRG0WJWEG,TF-1a cells || Leukocyte antigen CD37 (CD37)
DRG0WJWEG,AGS67E,Phase 1 (discontinued),AGS67C,TAR0DPWRE,Leukocyte antigen CD37 (CD37),PAY0FSXOW,Monomethyl auristatin E,PAY0FSXOW,Microtubule (MT),microtubule-disrupting,Mc-Val-Cit-PABC,THP-1 cells,Childhood acute monocytic leukemia,0.13,1,1,0,ADCC001208,https://adcdb.idrblab.net/data/adc/details/DRG0WJWEG,THP-1 cells || Leukocyte antigen CD37 (CD37)
DRG0WJWEG,AGS67E,Phase 1 (discontinued),AGS67C,TAR0DPWRE,Leukocyte antigen CD37 (CD37),PAY0FSXOW,Monomethyl auristatin E,PAY0FSXOW,Microtubule (MT),microtubule-disrupting,Mc-Val-Cit-PABC,UT-7 cells,Adult acute megakaryoblastic leukemia,10000,0,1,0,ADCC001218,https://adcdb.idrblab.net/data/adc/details/DRG0WJWEG,UT-7 cells || Leukocyte antigen CD37 (CD37)
DRG0WJWEG,AGS67E,Phase 1 (discontinued),AGS67C,TAR0DPWRE,Leukocyte antigen CD37 (CD37),PAY0FSXOW,Monomethyl auristatin E,PAY0FSXOW,Microtubule (MT),microtubule-disrupting,Mc-Val-Cit-PABC,WSU-DLCL2 cells,Diffuse large B-cell lymphoma,19.7,0,1,0,ADCC001206,https://adcdb.idrblab.net/data/adc/details/DRG0WJWEG,WSU-DLCL2 cells || Leukocyte antigen CD37 (CD37)
DRG0QLCMJ,PD-L1 ADC 3,Investigative,Atezolizumab,TAR0SYQPS,Programmed cell death 1 ligand 1 (PD-L1),PAY0FSXOW,Monomethyl auristatin E,PAY0FSXOW,Microtubule (MT),microtubule-disrupting,Mc-Val-Ala-PABC,A431 cells,Skin squamous cell carcinoma,11.94,0,1,0,ADCC002589,https://adcdb.idrblab.net/data/adc/details/DRG0QLCMJ,A431 cells || Programmed cell death 1 ligand 1 (PD-L1)
DRG0IWWAX,PD-L1 ADC 1,Investigative,Avelumab,TAR0SYQPS,Programmed cell death 1 ligand 1 (PD-L1),PAY0FSXOW,Monomethyl auristatin E,PAY0FSXOW,Microtubule (MT),microtubule-disrupting,Mc-Val-Ala-PABC,AsPC-1 cells,Pancreatic ductal adenocarcinoma,663.08,0,1,0,ADCC002582,https://adcdb.idrblab.net/data/adc/details/DRG0IWWAX,AsPC-1 cells || Programmed cell death 1 ligand 1 (PD-L1)
DRG0ONBQK,PD-L1 ADC 2,Investigative,Avelumab,TAR0SYQPS,Programmed cell death 1 ligand 1 (PD-L1),PAY0FSXOW,Monomethyl auristatin E,PAY0FSXOW,Microtubule (MT),microtubule-disrupting,Mc-Val-Cit-PABC,AsPC-1 cells,Pancreatic ductal adenocarcinoma,653.93,0,1,0,ADCC002586,https://adcdb.idrblab.net/data/adc/details/DRG0ONBQK,AsPC-1 cells || Programmed cell death 1 ligand 1 (PD-L1)
DRG0IWWAX,PD-L1 ADC 1,Investigative,Avelumab,TAR0SYQPS,Programmed cell death 1 ligand 1 (PD-L1),PAY0FSXOW,Monomethyl auristatin E,PAY0FSXOW,Microtubule (MT),microtubule-disrupting,Mc-Val-Ala-PABC,Calu-1 cells,Lung squamous cell carcinoma,663.08,0,1,0,ADCC002579,https://adcdb.idrblab.net/data/adc/details/DRG0IWWAX,Calu-1 cells || Programmed cell death 1 ligand 1 (PD-L1)
DRG0ONBQK,PD-L1 ADC 2,Investigative,Avelumab,TAR0SYQPS,Programmed cell death 1 ligand 1 (PD-L1),PAY0FSXOW,Monomethyl auristatin E,PAY0FSXOW,Microtubule (MT),microtubule-disrupting,Mc-Val-Cit-PABC,Calu-1 cells,Lung squamous cell carcinoma,653.93,0,1,0,ADCC002583,https://adcdb.idrblab.net/data/adc/details/DRG0ONBQK,Calu-1 cells || Programmed cell death 1 ligand 1 (PD-L1)
DRG0IWWAX,PD-L1 ADC 1,Investigative,Avelumab,TAR0SYQPS,Programmed cell death 1 ligand 1 (PD-L1),PAY0FSXOW,Monomethyl auristatin E,PAY0FSXOW,Microtubule (MT),microtubule-disrupting,Mc-Val-Ala-PABC,MDA-MB-231 cells,Breast adenocarcinoma,663.08,0,1,0,ADCC002580,https://adcdb.idrblab.net/data/adc/details/DRG0IWWAX,MDA-MB-231 cells || Programmed cell death 1 ligand 1 (PD-L1)
DRG0ONBQK,PD-L1 ADC 2,Investigative,Avelumab,TAR0SYQPS,Programmed cell death 1 ligand 1 (PD-L1),PAY0FSXOW,Monomethyl auristatin E,PAY0FSXOW,Microtubule (MT),microtubule-disrupting,Mc-Val-Cit-PABC,MDA-MB-231 cells,Breast adenocarcinoma,653.93,0,1,0,ADCC002584,https://adcdb.idrblab.net/data/adc/details/DRG0ONBQK,MDA-MB-231 cells || Programmed cell death 1 ligand 1 (PD-L1)
DRG0QLCMJ,PD-L1 ADC 3,Investigative,Atezolizumab,TAR0SYQPS,Programmed cell death 1 ligand 1 (PD-L1),PAY0FSXOW,Monomethyl auristatin E,PAY0FSXOW,Microtubule (MT),microtubule-disrupting,Mc-Val-Ala-PABC,MDA-MB-231 cells,Breast adenocarcinoma,10.33,0,1,0,ADCC002587,https://adcdb.idrblab.net/data/adc/details/DRG0QLCMJ,MDA-MB-231 cells || Programmed cell death 1 ligand 1 (PD-L1)
DRG0QLCMJ,PD-L1 ADC 3,Investigative,Atezolizumab,TAR0SYQPS,Programmed cell death 1 ligand 1 (PD-L1),PAY0FSXOW,Monomethyl auristatin E,PAY0FSXOW,Microtubule (MT),microtubule-disrupting,Mc-Val-Ala-PABC,PC-9 cells,Lung adenocarcinoma,9.75,1,1,0,ADCC002588,https://adcdb.idrblab.net/data/adc/details/DRG0QLCMJ,PC-9 cells || Programmed cell death 1 ligand 1 (PD-L1)
DRG0IWWAX,PD-L1 ADC 1,Investigative,Avelumab,TAR0SYQPS,Programmed cell death 1 ligand 1 (PD-L1),PAY0FSXOW,Monomethyl auristatin E,PAY0FSXOW,Microtubule (MT),microtubule-disrupting,Mc-Val-Ala-PABC,SK-MES-1 cells,Lung squamous cell carcinoma,265.3,0,1,0,ADCC002581,https://adcdb.idrblab.net/data/adc/details/DRG0IWWAX,SK-MES-1 cells || Programmed cell death 1 ligand 1 (PD-L1)
DRG0ONBQK,PD-L1 ADC 2,Investigative,Avelumab,TAR0SYQPS,Programmed cell death 1 ligand 1 (PD-L1),PAY0FSXOW,Monomethyl auristatin E,PAY0FSXOW,Microtubule (MT),microtubule-disrupting,Mc-Val-Cit-PABC,SK-MES-1 cells,Lung squamous cell carcinoma,272.1,0,1,0,ADCC002585,https://adcdb.idrblab.net/data/adc/details/DRG0ONBQK,SK-MES-1 cells || Programmed cell death 1 ligand 1 (PD-L1)
DRG0HCHFN,Mil40-12C,Investigative,Mil40,TAR0THKZD,Receptor tyrosine-protein kinase erbB-2 (HER2),PAY0FSXOW,Monomethyl auristatin E,PAY0FSXOW,Microtubule (MT),microtubule-disrupting,Maleamic methyl ester-based linker 12C,BT-474 cells,Invasive breast carcinoma,0.1,1,1,0,ADCC002440,https://adcdb.idrblab.net/data/adc/details/DRG0HCHFN,BT-474 cells || Receptor tyrosine-protein kinase erbB-2 (HER2)
DRG0VVVWC,Mil40-12B,Investigative,Mil40,TAR0THKZD,Receptor tyrosine-protein kinase erbB-2 (HER2),PAY0FSXOW,Monomethyl auristatin E,PAY0FSXOW,Microtubule (MT),microtubule-disrupting,Maleamic methyl ester-based linker 12B,BT-474 cells,Invasive breast carcinoma,0.1026,1,1,0,ADCC002433,https://adcdb.idrblab.net/data/adc/details/DRG0VVVWC,BT-474 cells || Receptor tyrosine-protein kinase erbB-2 (HER2)
DRG0XOWVF,Mil40-12A,Investigative,Mil40,TAR0THKZD,Receptor tyrosine-protein kinase erbB-2 (HER2),PAY0FSXOW,Monomethyl auristatin E,PAY0FSXOW,Microtubule (MT),microtubule-disrupting,Maleamic methyl ester-based linker 12A,BT-474 cells,Invasive breast carcinoma,0.09,1,1,0,ADCC002427,https://adcdb.idrblab.net/data/adc/details/DRG0XOWVF,BT-474 cells || Receptor tyrosine-protein kinase erbB-2 (HER2)
DRG0BZNZA,HER2 WT-Mc-Val-Cit-PABC-MMAE,Investigative,Anti-HER2 mAb WT,TAR0THKZD,Receptor tyrosine-protein kinase erbB-2 (HER2),PAY0FSXOW,Monomethyl auristatin E,PAY0FSXOW,Microtubule (MT),microtubule-disrupting,Mc-Val-Cit-PABC,CVCL_0033,Breast adenocarcinoma,2.3,1,1,0,ADCC007527,https://adcdb.idrblab.net/data/adc/details/DRG0BZNZA,CVCL_0033 || Receptor tyrosine-protein kinase erbB-2 (HER2)
DRG0BZNZA,HER2 WT-Mc-Val-Cit-PABC-MMAE,Investigative,Anti-HER2 mAb WT,TAR0THKZD,Receptor tyrosine-protein kinase erbB-2 (HER2),PAY0FSXOW,Monomethyl auristatin E,PAY0FSXOW,Microtubule (MT),microtubule-disrupting,Mc-Val-Cit-PABC,CVCL_0062,Breast adenocarcinoma,100,0,1,0,ADCC007533,https://adcdb.idrblab.net/data/adc/details/DRG0BZNZA,CVCL_0062 || Receptor tyrosine-protein kinase erbB-2 (HER2)
DRG0HCHFN,Mil40-12C,Investigative,Mil40,TAR0THKZD,Receptor tyrosine-protein kinase erbB-2 (HER2),PAY0FSXOW,Monomethyl auristatin E,PAY0FSXOW,Microtubule (MT),microtubule-disrupting,Maleamic methyl ester-based linker 12C,MCF-7 cells,Invasive breast carcinoma,20.07,0,1,0,ADCC002444,https://adcdb.idrblab.net/data/adc/details/DRG0HCHFN,MCF-7 cells || Receptor tyrosine-protein kinase erbB-2 (HER2)
DRG0VVVWC,Mil40-12B,Investigative,Mil40,TAR0THKZD,Receptor tyrosine-protein kinase erbB-2 (HER2),PAY0FSXOW,Monomethyl auristatin E,PAY0FSXOW,Microtubule (MT),microtubule-disrupting,Maleamic methyl ester-based linker 12B,MCF-7 cells,Invasive breast carcinoma,26.44,0,1,0,ADCC002437,https://adcdb.idrblab.net/data/adc/details/DRG0VVVWC,MCF-7 cells || Receptor tyrosine-protein kinase erbB-2 (HER2)
DRG0XOWVF,Mil40-12A,Investigative,Mil40,TAR0THKZD,Receptor tyrosine-protein kinase erbB-2 (HER2),PAY0FSXOW,Monomethyl auristatin E,PAY0FSXOW,Microtubule (MT),microtubule-disrupting,Maleamic methyl ester-based linker 12A,MCF-7 cells,Invasive breast carcinoma,23.31,0,1,0,ADCC002431,https://adcdb.idrblab.net/data/adc/details/DRG0XOWVF,MCF-7 cells || Receptor tyrosine-protein kinase erbB-2 (HER2)
DRG0TDKHC,HER2-gsADC-48,Investigative,Trastuzumab,TAR0THKZD,Receptor tyrosine-protein kinase erbB-2 (HER2),PAY0FSXOW,Monomethyl auristatin E,PAY0FSXOW,Microtubule (MT),microtubule-disrupting,2-Aminobenzamide oxime,MDA-MB-231 cells,Breast adenocarcinoma,66,0,1,0,ADCC006883,https://adcdb.idrblab.net/data/adc/details/DRG0TDKHC,MDA-MB-231 cells || Receptor tyrosine-protein kinase erbB-2 (HER2)
DRG0HCHFN,Mil40-12C,Investigative,Mil40,TAR0THKZD,Receptor tyrosine-protein kinase erbB-2 (HER2),PAY0FSXOW,Monomethyl auristatin E,PAY0FSXOW,Microtubule (MT),microtubule-disrupting,Maleamic methyl ester-based linker 12C,MDA-MB-468 cells,Breast adenocarcinoma,12.71,0,1,0,ADCC002445,https://adcdb.idrblab.net/data/adc/details/DRG0HCHFN,MDA-MB-468 cells || Receptor tyrosine-protein kinase erbB-2 (HER2)
DRG0VVVWC,Mil40-12B,Investigative,Mil40,TAR0THKZD,Receptor tyrosine-protein kinase erbB-2 (HER2),PAY0FSXOW,Monomethyl auristatin E,PAY0FSXOW,Microtubule (MT),microtubule-disrupting,Maleamic methyl ester-based linker 12B,MDA-MB-468 cells,Breast adenocarcinoma,11.52,0,1,0,ADCC002438,https://adcdb.idrblab.net/data/adc/details/DRG0VVVWC,MDA-MB-468 cells || Receptor tyrosine-protein kinase erbB-2 (HER2)
DRG0XOWVF,Mil40-12A,Investigative,Mil40,TAR0THKZD,Receptor tyrosine-protein kinase erbB-2 (HER2),PAY0FSXOW,Monomethyl auristatin E,PAY0FSXOW,Microtubule (MT),microtubule-disrupting,Maleamic methyl ester-based linker 12A,MDA-MB-468 cells,Breast adenocarcinoma,24.14,0,1,0,ADCC002432,https://adcdb.idrblab.net/data/adc/details/DRG0XOWVF,MDA-MB-468 cells || Receptor tyrosine-protein kinase erbB-2 (HER2)
DRG0CIWNZ,IgG1 (trastuzumab)-vc-MMAE,Investigative,Trastuzumab,TAR0THKZD,Receptor tyrosine-protein kinase erbB-2 (HER2),PAY0FSXOW,Monomethyl auristatin E,PAY0FSXOW,Microtubule (MT),microtubule-disrupting,Mc-Val-Cit-PABC,NCI-N87 cells,Gastric tubular adenocarcinoma,27.4,0,1,0,ADCC003154,https://adcdb.idrblab.net/data/adc/details/DRG0CIWNZ,NCI-N87 cells || Receptor tyrosine-protein kinase erbB-2 (HER2)
DRG0CXIUK,T-CpHK-Tet-ADC,Investigative,Trastuzumab-CpHK,TAR0THKZD,Receptor tyrosine-protein kinase erbB-2 (HER2),PAY0FSXOW,Monomethyl auristatin E,PAY0FSXOW,Microtubule (MT),microtubule-disrupting,Tetrazine-PEG5-Val-Ala-PABC,NCI-N87 cells,Gastric tubular adenocarcinoma,0.4,1,1,0,ADCC002159,https://adcdb.idrblab.net/data/adc/details/DRG0CXIUK,NCI-N87 cells || Receptor tyrosine-protein kinase erbB-2 (HER2)
DRG0HCHFN,Mil40-12C,Investigative,Mil40,TAR0THKZD,Receptor tyrosine-protein kinase erbB-2 (HER2),PAY0FSXOW,Monomethyl auristatin E,PAY0FSXOW,Microtubule (MT),microtubule-disrupting,Maleamic methyl ester-based linker 12C,NCI-N87 cells,Gastric tubular adenocarcinoma,0.06,1,1,0,ADCC002441,https://adcdb.idrblab.net/data/adc/details/DRG0HCHFN,NCI-N87 cells || Receptor tyrosine-protein kinase erbB-2 (HER2)
DRG0NPYPV,T-CpHK-Mal-ADC,Investigative,Trastuzumab-CpHK,TAR0THKZD,Receptor tyrosine-protein kinase erbB-2 (HER2),PAY0FSXOW,Monomethyl auristatin E,PAY0FSXOW,Microtubule (MT),microtubule-disrupting,Mc-Val-Cit-PABC,NCI-N87 cells,Gastric tubular adenocarcinoma,0.4,1,1,0,ADCC002162,https://adcdb.idrblab.net/data/adc/details/DRG0NPYPV,NCI-N87 cells || Receptor tyrosine-protein kinase erbB-2 (HER2)
DRG0TDKHC,HER2-gsADC-48,Investigative,Trastuzumab,TAR0THKZD,Receptor tyrosine-protein kinase erbB-2 (HER2),PAY0FSXOW,Monomethyl auristatin E,PAY0FSXOW,Microtubule (MT),microtubule-disrupting,2-Aminobenzamide oxime,NCI-N87 cells,Gastric tubular adenocarcinoma,0.09,1,1,0,ADCC006837,https://adcdb.idrblab.net/data/adc/details/DRG0TDKHC,NCI-N87 cells || Receptor tyrosine-protein kinase erbB-2 (HER2)
DRG0VVVWC,Mil40-12B,Investigative,Mil40,TAR0THKZD,Receptor tyrosine-protein kinase erbB-2 (HER2),PAY0FSXOW,Monomethyl auristatin E,PAY0FSXOW,Microtubule (MT),microtubule-disrupting,Maleamic methyl ester-based linker 12B,NCI-N87 cells,Gastric tubular adenocarcinoma,0.0536,1,1,0,ADCC002434,https://adcdb.idrblab.net/data/adc/details/DRG0VVVWC,NCI-N87 cells || Receptor tyrosine-protein kinase erbB-2 (HER2)
DRG0XOWVF,Mil40-12A,Investigative,Mil40,TAR0THKZD,Receptor tyrosine-protein kinase erbB-2 (HER2),PAY0FSXOW,Monomethyl auristatin E,PAY0FSXOW,Microtubule (MT),microtubule-disrupting,Maleamic methyl ester-based linker 12A,NCI-N87 cells,Gastric tubular adenocarcinoma,0.05,1,1,0,ADCC002428,https://adcdb.idrblab.net/data/adc/details/DRG0XOWVF,NCI-N87 cells || Receptor tyrosine-protein kinase erbB-2 (HER2)
DRG0CXIUK,T-CpHK-Tet-ADC,Investigative,Trastuzumab-CpHK,TAR0THKZD,Receptor tyrosine-protein kinase erbB-2 (HER2),PAY0FSXOW,Monomethyl auristatin E,PAY0FSXOW,Microtubule (MT),microtubule-disrupting,Tetrazine-PEG5-Val-Ala-PABC,SK-BR-3 cells,Breast adenocarcinoma,0.3,1,1,0,ADCC002158,https://adcdb.idrblab.net/data/adc/details/DRG0CXIUK,SK-BR-3 cells || Receptor tyrosine-protein kinase erbB-2 (HER2)
DRG0HCHFN,Mil40-12C,Investigative,Mil40,TAR0THKZD,Receptor tyrosine-protein kinase erbB-2 (HER2),PAY0FSXOW,Monomethyl auristatin E,PAY0FSXOW,Microtubule (MT),microtubule-disrupting,Maleamic methyl ester-based linker 12C,SK-BR-3 cells,Breast adenocarcinoma,0.02,1,1,0,ADCC002442,https://adcdb.idrblab.net/data/adc/details/DRG0HCHFN,SK-BR-3 cells || Receptor tyrosine-protein kinase erbB-2 (HER2)
DRG0NPYPV,T-CpHK-Mal-ADC,Investigative,Trastuzumab-CpHK,TAR0THKZD,Receptor tyrosine-protein kinase erbB-2 (HER2),PAY0FSXOW,Monomethyl auristatin E,PAY0FSXOW,Microtubule (MT),microtubule-disrupting,Mc-Val-Cit-PABC,SK-BR-3 cells,Breast adenocarcinoma,0.2,1,1,0,ADCC002161,https://adcdb.idrblab.net/data/adc/details/DRG0NPYPV,SK-BR-3 cells || Receptor tyrosine-protein kinase erbB-2 (HER2)
DRG0TDKHC,HER2-gsADC-48,Investigative,Trastuzumab,TAR0THKZD,Receptor tyrosine-protein kinase erbB-2 (HER2),PAY0FSXOW,Monomethyl auristatin E,PAY0FSXOW,Microtubule (MT),microtubule-disrupting,2-Aminobenzamide oxime,SK-BR-3 cells,Breast adenocarcinoma,0.08,1,1,0,ADCC006791,https://adcdb.idrblab.net/data/adc/details/DRG0TDKHC,SK-BR-3 cells || Receptor tyrosine-protein kinase erbB-2 (HER2)
DRG0VVVWC,Mil40-12B,Investigative,Mil40,TAR0THKZD,Receptor tyrosine-protein kinase erbB-2 (HER2),PAY0FSXOW,Monomethyl auristatin E,PAY0FSXOW,Microtubule (MT),microtubule-disrupting,Maleamic methyl ester-based linker 12B,SK-BR-3 cells,Breast adenocarcinoma,0.0258,1,1,0,ADCC002435,https://adcdb.idrblab.net/data/adc/details/DRG0VVVWC,SK-BR-3 cells || Receptor tyrosine-protein kinase erbB-2 (HER2)
DRG0XOWVF,Mil40-12A,Investigative,Mil40,TAR0THKZD,Receptor tyrosine-protein kinase erbB-2 (HER2),PAY0FSXOW,Monomethyl auristatin E,PAY0FSXOW,Microtubule (MT),microtubule-disrupting,Maleamic methyl ester-based linker 12A,SK-BR-3 cells,Breast adenocarcinoma,0.02,1,1,0,ADCC002429,https://adcdb.idrblab.net/data/adc/details/DRG0XOWVF,SK-BR-3 cells || Receptor tyrosine-protein kinase erbB-2 (HER2)
DRG0HCHFN,Mil40-12C,Investigative,Mil40,TAR0THKZD,Receptor tyrosine-protein kinase erbB-2 (HER2),PAY0FSXOW,Monomethyl auristatin E,PAY0FSXOW,Microtubule (MT),microtubule-disrupting,Maleamic methyl ester-based linker 12C,SK-OV-3 cells,Ovarian serous cystadenocarcinoma,0.24,1,1,0,ADCC002443,https://adcdb.idrblab.net/data/adc/details/DRG0HCHFN,SK-OV-3 cells || Receptor tyrosine-protein kinase erbB-2 (HER2)
DRG0VVVWC,Mil40-12B,Investigative,Mil40,TAR0THKZD,Receptor tyrosine-protein kinase erbB-2 (HER2),PAY0FSXOW,Monomethyl auristatin E,PAY0FSXOW,Microtubule (MT),microtubule-disrupting,Maleamic methyl ester-based linker 12B,SK-OV-3 cells,Ovarian serous cystadenocarcinoma,0.2074,1,1,0,ADCC002436,https://adcdb.idrblab.net/data/adc/details/DRG0VVVWC,SK-OV-3 cells || Receptor tyrosine-protein kinase erbB-2 (HER2)
DRG0XOWVF,Mil40-12A,Investigative,Mil40,TAR0THKZD,Receptor tyrosine-protein kinase erbB-2 (HER2),PAY0FSXOW,Monomethyl auristatin E,PAY0FSXOW,Microtubule (MT),microtubule-disrupting,Maleamic methyl ester-based linker 12A,SK-OV-3 cells,Ovarian serous cystadenocarcinoma,0.22,1,1,0,ADCC002430,https://adcdb.idrblab.net/data/adc/details/DRG0XOWVF,SK-OV-3 cells || Receptor tyrosine-protein kinase erbB-2 (HER2)
DRG0CYYHU,"Trastuzumab-Man-beta-1,4GlcNAc-MMAE",Investigative,Trastuzumab,TAR0THKZD,Receptor tyrosine-protein kinase erbB-2 (HER2),PAY0FSXOW,Monomethyl auristatin E,PAY0FSXOW,Microtubule (MT),microtubule-disrupting,"Man-beta-1,4-GlcNAc",T-47D cells,Invasive breast carcinoma,10000,0,1,0,ADCC002243,https://adcdb.idrblab.net/data/adc/details/DRG0CYYHU,T-47D cells || Receptor tyrosine-protein kinase erbB-2 (HER2)
DRG0CZZTF,Trastuzumab-MMAE conjugate DAR4,Investigative,Trastuzumab,TAR0THKZD,Receptor tyrosine-protein kinase erbB-2 (HER2),PAY0FSXOW,Monomethyl auristatin E,PAY0FSXOW,Microtubule (MT),microtubule-disrupting,"Man-beta-1,4-GlcNAc-DBCO-PEG5-VC-PAB",T-47D cells,Invasive breast carcinoma,10000,0,1,0,ADCC002254,https://adcdb.idrblab.net/data/adc/details/DRG0CZZTF,T-47D cells || Receptor tyrosine-protein kinase erbB-2 (HER2)
DRG0DNFUC,Trastuzumab-MMAE conjugate DAR2,Investigative,Trastuzumab,TAR0THKZD,Receptor tyrosine-protein kinase erbB-2 (HER2),PAY0FSXOW,Monomethyl auristatin E,PAY0FSXOW,Microtubule (MT),microtubule-disrupting,"Man-beta-1,4-GlcNAc-DBCO-PEG5-VC-PAB",T-47D cells,Invasive breast carcinoma,10000,0,1,0,ADCC002252,https://adcdb.idrblab.net/data/adc/details/DRG0DNFUC,T-47D cells || Receptor tyrosine-protein kinase erbB-2 (HER2)
DRG0KUNBK,Trastuzumab-MMAE conjugate DAR12,Investigative,Trastuzumab,TAR0THKZD,Receptor tyrosine-protein kinase erbB-2 (HER2),PAY0FSXOW,Monomethyl auristatin E,PAY0FSXOW,Microtubule (MT),microtubule-disrupting,"Man-beta-1,4-GlcNAc-DBCO-PEG5-VC-PAB",T-47D cells,Invasive breast carcinoma,10000,0,1,0,ADCC002260,https://adcdb.idrblab.net/data/adc/details/DRG0KUNBK,T-47D cells || Receptor tyrosine-protein kinase erbB-2 (HER2)
DRG0OTHET,"Trastuzumab-Glc-beta-1,4GlcNAc-MMAE",Investigative,Trastuzumab,TAR0THKZD,Receptor tyrosine-protein kinase erbB-2 (HER2),PAY0FSXOW,Monomethyl auristatin E,PAY0FSXOW,Microtubule (MT),microtubule-disrupting,"Glc-beta-1,4GlcNAc",T-47D cells,Invasive breast carcinoma,10000,0,1,0,ADCC002246,https://adcdb.idrblab.net/data/adc/details/DRG0OTHET,T-47D cells || Receptor tyrosine-protein kinase erbB-2 (HER2)
DRG0QRXDE,"Trastuzumab-Gal-beta-1,4GlcNAc-MMAE",Investigative,Trastuzumab,TAR0THKZD,Receptor tyrosine-protein kinase erbB-2 (HER2),PAY0FSXOW,Monomethyl auristatin E,PAY0FSXOW,Microtubule (MT),microtubule-disrupting,"Gal-beta-1,4-GlcNAc",T-47D cells,Invasive breast carcinoma,10000,0,1,0,ADCC002249,https://adcdb.idrblab.net/data/adc/details/DRG0QRXDE,T-47D cells || Receptor tyrosine-protein kinase erbB-2 (HER2)
DRG0TRBER,Trastuzumab-MMAE conjugate DAR8,Investigative,Trastuzumab,TAR0THKZD,Receptor tyrosine-protein kinase erbB-2 (HER2),PAY0FSXOW,Monomethyl auristatin E,PAY0FSXOW,Microtubule (MT),microtubule-disrupting,"Man-beta-1,4-GlcNAc-DBCO-PEG5-VC-PAB",T-47D cells,Invasive breast carcinoma,10000,0,1,0,ADCC002258,https://adcdb.idrblab.net/data/adc/details/DRG0TRBER,T-47D cells || Receptor tyrosine-protein kinase erbB-2 (HER2)
DRG0VQNHE,Trastuzumab-MMAE conjugate DAR6,Investigative,Trastuzumab,TAR0THKZD,Receptor tyrosine-protein kinase erbB-2 (HER2),PAY0FSXOW,Monomethyl auristatin E,PAY0FSXOW,Microtubule (MT),microtubule-disrupting,"Man-beta-1,4-GlcNAc-DBCO-PEG5-VC-PAB",T-47D cells,Invasive breast carcinoma,10000,0,1,0,ADCC002256,https://adcdb.idrblab.net/data/adc/details/DRG0VQNHE,T-47D cells || Receptor tyrosine-protein kinase erbB-2 (HER2)
DRG0CXIUK,T-CpHK-Tet-ADC,Investigative,Trastuzumab-CpHK,TAR0THKZD,Receptor tyrosine-protein kinase erbB-2 (HER2),PAY0FSXOW,Monomethyl auristatin E,PAY0FSXOW,Microtubule (MT),microtubule-disrupting,Tetrazine-PEG5-Val-Ala-PABC,ZR-75-1 cells,Invasive breast carcinoma,68,0,1,0,ADCC002160,https://adcdb.idrblab.net/data/adc/details/DRG0CXIUK,ZR-75-1 cells || Receptor tyrosine-protein kinase erbB-2 (HER2)
DRG0NPYPV,T-CpHK-Mal-ADC,Investigative,Trastuzumab-CpHK,TAR0THKZD,Receptor tyrosine-protein kinase erbB-2 (HER2),PAY0FSXOW,Monomethyl auristatin E,PAY0FSXOW,Microtubule (MT),microtubule-disrupting,Mc-Val-Cit-PABC,ZR-75-1 cells,Invasive breast carcinoma,45,0,1,0,ADCC002163,https://adcdb.idrblab.net/data/adc/details/DRG0NPYPV,ZR-75-1 cells || Receptor tyrosine-protein kinase erbB-2 (HER2)
DRG0QZHYU,Sirtratumab vedotin,Phase 1 (discontinued),Sirtratumab,TAR0CREXX,SLIT and NTRK-like protein 6 (SLITRK6),PAY0FSXOW,Monomethyl auristatin E,PAY0FSXOW,Microtubule (MT),microtubule-disrupting,Mc-Val-Cit-PABC,CHP-212 cells,Neuroblastoma,0.99,1,1,0,ADCC001565,https://adcdb.idrblab.net/data/adc/details/DRG0QZHYU,CHP-212 cells || SLIT and NTRK-like protein 6 (SLITRK6)
DRG0QZHYU,Sirtratumab vedotin,Phase 1 (discontinued),Sirtratumab,TAR0CREXX,SLIT and NTRK-like protein 6 (SLITRK6),PAY0FSXOW,Monomethyl auristatin E,PAY0FSXOW,Microtubule (MT),microtubule-disrupting,Mc-Val-Cit-PABC,IGROV-1 cells,Ovarian endometrioid adenocarcinoma,10000,0,1,0,ADCC001566,https://adcdb.idrblab.net/data/adc/details/DRG0QZHYU,IGROV-1 cells || SLIT and NTRK-like protein 6 (SLITRK6)
DRG0PNJIT,Tisotumab vedotin,Approved in 2021,Tisotumab,TAR0ZIMMG,Tissue factor (F3),PAY0FSXOW,Monomethyl auristatin E,PAY0FSXOW,Microtubule (MT),microtubule-disrupting,Mc-Val-Cit-PABC,A431 cells,Skin squamous cell carcinoma,14,0,3,0,ADCC000007;ADCC000006;ADCC000001,https://adcdb.idrblab.net/data/adc/details/DRG0PNJIT,A431 cells || Tissue factor (F3)
DRG0PNJIT,Tisotumab vedotin,Approved in 2021,Tisotumab,TAR0ZIMMG,Tissue factor (F3),PAY0FSXOW,Monomethyl auristatin E,PAY0FSXOW,Microtubule (MT),microtubule-disrupting,Mc-Val-Cit-PABC,HEL 92.1.7 cells (Multidrug resistance),Erythroleukemia,5,1,1,0,ADCC000005,https://adcdb.idrblab.net/data/adc/details/DRG0PNJIT,HEL 92.1.7 cells (Multidrug resistance) || Tissue factor (F3)
DRG0JWBNH,Brentuximab vedotin,Approved in 2011,Brentuximab,TAR0QPCSQ,Tumor necrosis factor receptor superfamily member 8 (TNFRSF8),PAY0FSXOW,Monomethyl auristatin E,PAY0FSXOW,Microtubule (MT),microtubule-disrupting,Mc-Val-Cit-PABC,HL-60 cells,Adult acute myeloid leukemia,0.0142,1,1,0,ADCC000298,https://adcdb.idrblab.net/data/adc/details/DRG0JWBNH,HL-60 cells || Tumor necrosis factor receptor superfamily member 8 (TNFRSF8)
DRG0QVAFS,Brentuximab-7,Clinical candidate,Brentuximab,TAR0QPCSQ,Tumor necrosis factor receptor superfamily member 8 (TNFRSF8),PAY0FSXOW,Monomethyl auristatin E,PAY0FSXOW,Microtubule (MT),microtubule-disrupting,Alkyl phosphoramide-PEG12-Val-Cit-PAB,HL-60 cells,Adult acute myeloid leukemia,0.0102,1,1,0,ADCC001270,https://adcdb.idrblab.net/data/adc/details/DRG0QVAFS,HL-60 cells || Tumor necrosis factor receptor superfamily member 8 (TNFRSF8)
DRG0RHSBY,Brentuximab-8,Clinical candidate,Brentuximab,TAR0QPCSQ,Tumor necrosis factor receptor superfamily member 8 (TNFRSF8),PAY0FSXOW,Monomethyl auristatin E,PAY0FSXOW,Microtubule (MT),microtubule-disrupting,Alkyl phosphoramide-PEG24-Val-Cit-PAB,HL-60 cells,Adult acute myeloid leukemia,0.0051,1,1,0,ADCC001274,https://adcdb.idrblab.net/data/adc/details/DRG0RHSBY,HL-60 cells || Tumor necrosis factor receptor superfamily member 8 (TNFRSF8)
DRG0JWBNH,Brentuximab vedotin,Approved in 2011,Brentuximab,TAR0QPCSQ,Tumor necrosis factor receptor superfamily member 8 (TNFRSF8),PAY0FSXOW,Monomethyl auristatin E,PAY0FSXOW,Microtubule (MT),microtubule-disrupting,Mc-Val-Cit-PABC,Karpas-299 cells,ALK-positive anaplastic large cell lymphoma,0.0019,1,1,0,ADCC000295,https://adcdb.idrblab.net/data/adc/details/DRG0JWBNH,Karpas-299 cells || Tumor necrosis factor receptor superfamily member 8 (TNFRSF8)
DRG0QVAFS,Brentuximab-7,Clinical candidate,Brentuximab,TAR0QPCSQ,Tumor necrosis factor receptor superfamily member 8 (TNFRSF8),PAY0FSXOW,Monomethyl auristatin E,PAY0FSXOW,Microtubule (MT),microtubule-disrupting,Alkyl phosphoramide-PEG12-Val-Cit-PAB,Karpas-299 cells,ALK-positive anaplastic large cell lymphoma,0.0014,1,1,0,ADCC001267,https://adcdb.idrblab.net/data/adc/details/DRG0QVAFS,Karpas-299 cells || Tumor necrosis factor receptor superfamily member 8 (TNFRSF8)
DRG0RHSBY,Brentuximab-8,Clinical candidate,Brentuximab,TAR0QPCSQ,Tumor necrosis factor receptor superfamily member 8 (TNFRSF8),PAY0FSXOW,Monomethyl auristatin E,PAY0FSXOW,Microtubule (MT),microtubule-disrupting,Alkyl phosphoramide-PEG24-Val-Cit-PAB,Karpas-299 cells,ALK-positive anaplastic large cell lymphoma,0.0006,1,1,0,ADCC001271,https://adcdb.idrblab.net/data/adc/details/DRG0RHSBY,Karpas-299 cells || Tumor necrosis factor receptor superfamily member 8 (TNFRSF8)
DRG0JWBNH,Brentuximab vedotin,Approved in 2011,Brentuximab,TAR0QPCSQ,Tumor necrosis factor receptor superfamily member 8 (TNFRSF8),PAY0FSXOW,Monomethyl auristatin E,PAY0FSXOW,Microtubule (MT),microtubule-disrupting,Mc-Val-Cit-PABC,L-540 cells,Hodgkin lymphoma,0.0067,1,1,0,ADCC000297,https://adcdb.idrblab.net/data/adc/details/DRG0JWBNH,L-540 cells || Tumor necrosis factor receptor superfamily member 8 (TNFRSF8)
DRG0QVAFS,Brentuximab-7,Clinical candidate,Brentuximab,TAR0QPCSQ,Tumor necrosis factor receptor superfamily member 8 (TNFRSF8),PAY0FSXOW,Monomethyl auristatin E,PAY0FSXOW,Microtubule (MT),microtubule-disrupting,Alkyl phosphoramide-PEG12-Val-Cit-PAB,L-540 cells,Hodgkin lymphoma,0.0064,1,1,0,ADCC001269,https://adcdb.idrblab.net/data/adc/details/DRG0QVAFS,L-540 cells || Tumor necrosis factor receptor superfamily member 8 (TNFRSF8)
DRG0RHSBY,Brentuximab-8,Clinical candidate,Brentuximab,TAR0QPCSQ,Tumor necrosis factor receptor superfamily member 8 (TNFRSF8),PAY0FSXOW,Monomethyl auristatin E,PAY0FSXOW,Microtubule (MT),microtubule-disrupting,Alkyl phosphoramide-PEG24-Val-Cit-PAB,L-540 cells,Hodgkin lymphoma,0.0015,1,1,0,ADCC001273,https://adcdb.idrblab.net/data/adc/details/DRG0RHSBY,L-540 cells || Tumor necrosis factor receptor superfamily member 8 (TNFRSF8)
DRG0JWBNH,Brentuximab vedotin,Approved in 2011,Brentuximab,TAR0QPCSQ,Tumor necrosis factor receptor superfamily member 8 (TNFRSF8),PAY0FSXOW,Monomethyl auristatin E,PAY0FSXOW,Microtubule (MT),microtubule-disrupting,Mc-Val-Cit-PABC,SU-DHL-1 cells,Anaplastic large cell lymphoma,0.0145,1,1,0,ADCC000296,https://adcdb.idrblab.net/data/adc/details/DRG0JWBNH,SU-DHL-1 cells || Tumor necrosis factor receptor superfamily member 8 (TNFRSF8)
DRG0QVAFS,Brentuximab-7,Clinical candidate,Brentuximab,TAR0QPCSQ,Tumor necrosis factor receptor superfamily member 8 (TNFRSF8),PAY0FSXOW,Monomethyl auristatin E,PAY0FSXOW,Microtubule (MT),microtubule-disrupting,Alkyl phosphoramide-PEG12-Val-Cit-PAB,SU-DHL-1 cells,Anaplastic large cell lymphoma,0.0105,1,1,0,ADCC001268,https://adcdb.idrblab.net/data/adc/details/DRG0QVAFS,SU-DHL-1 cells || Tumor necrosis factor receptor superfamily member 8 (TNFRSF8)
DRG0RHSBY,Brentuximab-8,Clinical candidate,Brentuximab,TAR0QPCSQ,Tumor necrosis factor receptor superfamily member 8 (TNFRSF8),PAY0FSXOW,Monomethyl auristatin E,PAY0FSXOW,Microtubule (MT),microtubule-disrupting,Alkyl phosphoramide-PEG24-Val-Cit-PAB,SU-DHL-1 cells,Anaplastic large cell lymphoma,0.0042,1,1,0,ADCC001272,https://adcdb.idrblab.net/data/adc/details/DRG0RHSBY,SU-DHL-1 cells || Tumor necrosis factor receptor superfamily member 8 (TNFRSF8)
DRG0FCQNM,AXL02-MMAE,Investigative,Anti-AXL mAb AXL02,TAR0PMKUR,Tyrosine-protein kinase receptor UFO (AXL),PAY0FSXOW,Monomethyl auristatin E,PAY0FSXOW,Microtubule (MT),microtubule-disrupting,Mc-Val-Cit-PABC,Calu-1 cells,Lung squamous cell carcinoma,0.01,1,1,0,ADCC007039,https://adcdb.idrblab.net/data/adc/details/DRG0FCQNM,Calu-1 cells || Tyrosine-protein kinase receptor UFO (AXL)
DRG0MCWQA,Enapotamab vedotin,Phase 1/2 (discontinued),Enapotamab,TAR0PMKUR,Tyrosine-protein kinase receptor UFO (AXL),PAY0FSXOW,Monomethyl auristatin E,PAY0FSXOW,Microtubule (MT),microtubule-disrupting,Mc-Val-Cit-PABC,Calu-1 cells,Lung squamous cell carcinoma,0.17,1,1,0,ADCC007046,https://adcdb.idrblab.net/data/adc/details/DRG0MCWQA,Calu-1 cells || Tyrosine-protein kinase receptor UFO (AXL)
DRG0FCQNM,AXL02-MMAE,Investigative,Anti-AXL mAb AXL02,TAR0PMKUR,Tyrosine-protein kinase receptor UFO (AXL),PAY0FSXOW,Monomethyl auristatin E,PAY0FSXOW,Microtubule (MT),microtubule-disrupting,Mc-Val-Cit-PABC,LCLC-103H cells,Lung large cell carcinoma,0.03,1,1,0,ADCC007038,https://adcdb.idrblab.net/data/adc/details/DRG0FCQNM,LCLC-103H cells || Tyrosine-protein kinase receptor UFO (AXL)
DRG0MCWQA,Enapotamab vedotin,Phase 1/2 (discontinued),Enapotamab,TAR0PMKUR,Tyrosine-protein kinase receptor UFO (AXL),PAY0FSXOW,Monomethyl auristatin E,PAY0FSXOW,Microtubule (MT),microtubule-disrupting,Mc-Val-Cit-PABC,LCLC-103H cells,Lung large cell carcinoma,0.08,1,1,0,ADCC007045,https://adcdb.idrblab.net/data/adc/details/DRG0MCWQA,LCLC-103H cells || Tyrosine-protein kinase receptor UFO (AXL)
DRG0FCQNM,AXL02-MMAE,Investigative,Anti-AXL mAb AXL02,TAR0PMKUR,Tyrosine-protein kinase receptor UFO (AXL),PAY0FSXOW,Monomethyl auristatin E,PAY0FSXOW,Microtubule (MT),microtubule-disrupting,Mc-Val-Cit-PABC,MDA-MB-231 cells,Breast adenocarcinoma,0.04,1,1,0,ADCC007040,https://adcdb.idrblab.net/data/adc/details/DRG0FCQNM,MDA-MB-231 cells || Tyrosine-protein kinase receptor UFO (AXL)
DRG0MCWQA,Enapotamab vedotin,Phase 1/2 (discontinued),Enapotamab,TAR0PMKUR,Tyrosine-protein kinase receptor UFO (AXL),PAY0FSXOW,Monomethyl auristatin E,PAY0FSXOW,Microtubule (MT),microtubule-disrupting,Mc-Val-Cit-PABC,MDA-MB-231 cells,Breast adenocarcinoma,0.09,1,1,0,ADCC007047,https://adcdb.idrblab.net/data/adc/details/DRG0MCWQA,MDA-MB-231 cells || Tyrosine-protein kinase receptor UFO (AXL)
DRG0FCQNM,AXL02-MMAE,Investigative,Anti-AXL mAb AXL02,TAR0PMKUR,Tyrosine-protein kinase receptor UFO (AXL),PAY0FSXOW,Monomethyl auristatin E,PAY0FSXOW,Microtubule (MT),microtubule-disrupting,Mc-Val-Cit-PABC,MDA-MB-453 cells,Breast adenocarcinoma,100,0,1,0,ADCC007044,https://adcdb.idrblab.net/data/adc/details/DRG0FCQNM,MDA-MB-453 cells || Tyrosine-protein kinase receptor UFO (AXL)
DRG0MCWQA,Enapotamab vedotin,Phase 1/2 (discontinued),Enapotamab,TAR0PMKUR,Tyrosine-protein kinase receptor UFO (AXL),PAY0FSXOW,Monomethyl auristatin E,PAY0FSXOW,Microtubule (MT),microtubule-disrupting,Mc-Val-Cit-PABC,MDA-MB-453 cells,Breast adenocarcinoma,100,0,1,0,ADCC007051,https://adcdb.idrblab.net/data/adc/details/DRG0MCWQA,MDA-MB-453 cells || Tyrosine-protein kinase receptor UFO (AXL)
DRG0FCQNM,AXL02-MMAE,Investigative,Anti-AXL mAb AXL02,TAR0PMKUR,Tyrosine-protein kinase receptor UFO (AXL),PAY0FSXOW,Monomethyl auristatin E,PAY0FSXOW,Microtubule (MT),microtubule-disrupting,Mc-Val-Cit-PABC,NCI-H460 cells,Lung large cell carcinoma,100,0,1,0,ADCC007043,https://adcdb.idrblab.net/data/adc/details/DRG0FCQNM,NCI-H460 cells || Tyrosine-protein kinase receptor UFO (AXL)
DRG0MCWQA,Enapotamab vedotin,Phase 1/2 (discontinued),Enapotamab,TAR0PMKUR,Tyrosine-protein kinase receptor UFO (AXL),PAY0FSXOW,Monomethyl auristatin E,PAY0FSXOW,Microtubule (MT),microtubule-disrupting,Mc-Val-Cit-PABC,NCI-H460 cells,Lung large cell carcinoma,100,0,1,0,ADCC007050,https://adcdb.idrblab.net/data/adc/details/DRG0MCWQA,NCI-H460 cells || Tyrosine-protein kinase receptor UFO (AXL)
DRG0FCQNM,AXL02-MMAE,Investigative,Anti-AXL mAb AXL02,TAR0PMKUR,Tyrosine-protein kinase receptor UFO (AXL),PAY0FSXOW,Monomethyl auristatin E,PAY0FSXOW,Microtubule (MT),microtubule-disrupting,Mc-Val-Cit-PABC,PC-9 cells,Lung adenocarcinoma,0.05,1,1,0,ADCC007041,https://adcdb.idrblab.net/data/adc/details/DRG0FCQNM,PC-9 cells || Tyrosine-protein kinase receptor UFO (AXL)
DRG0MCWQA,Enapotamab vedotin,Phase 1/2 (discontinued),Enapotamab,TAR0PMKUR,Tyrosine-protein kinase receptor UFO (AXL),PAY0FSXOW,Monomethyl auristatin E,PAY0FSXOW,Microtubule (MT),microtubule-disrupting,Mc-Val-Cit-PABC,PC-9 cells,Lung adenocarcinoma,0.09,1,1,0,ADCC007048,https://adcdb.idrblab.net/data/adc/details/DRG0MCWQA,PC-9 cells || Tyrosine-protein kinase receptor UFO (AXL)
DRG0FCQNM,AXL02-MMAE,Investigative,Anti-AXL mAb AXL02,TAR0PMKUR,Tyrosine-protein kinase receptor UFO (AXL),PAY0FSXOW,Monomethyl auristatin E,PAY0FSXOW,Microtubule (MT),microtubule-disrupting,Mc-Val-Cit-PABC,U-87MG cells,Glioblastoma,0.04,1,1,0,ADCC007042,https://adcdb.idrblab.net/data/adc/details/DRG0FCQNM,U-87MG cells || Tyrosine-protein kinase receptor UFO (AXL)
DRG0XGLSR,NOV0712-DM4,Investigative,Anti-CDH6 mAb NOV0712,TAR0SOZLV,Cadherin-6 (CDH6),PAY0GTSVM,Mertansine DM4,PAY0GTSVM,Microtubule (MT),microtubule-disrupting,Sulfo-SPDB,CVCL_0479,Ovarian mixed germ cell tumor,1,1,1,0,ADCC007056,https://adcdb.idrblab.net/data/adc/details/DRG0XGLSR,CVCL_0479 || Cadherin-6 (CDH6)
DRG0SBFOG,Anti-FGFR2/4 mAb-12422 SPDB-DM4,Investigative,Anti-FGFR2/4 mAb 12422,TAR0ODKQM,Fibroblast growth factor receptor 2 (FGFR2); Fibroblast growth factor receptor 4 (FGFR4),PAY0GTSVM,Mertansine DM4,PAY0GTSVM,Microtubule (MT),microtubule-disrupting,N-succinimidyl 4-(2-pyridyldithio) butanoate (SPDB),CVCL_0076,Gastric adenocarcinoma,0.07,1,1,0,ADCC008322,https://adcdb.idrblab.net/data/adc/details/DRG0SBFOG,CVCL_0076 || Fibroblast growth factor receptor 2 (FGFR2); Fibroblast growth factor receptor 4 (FGFR4)
DRG0XRKKA,Anti-FGFR2/4 mAb-12425 SPDB-DM4,Investigative,Anti-FGFR2/4 mAb 12425,TAR0ODKQM,Fibroblast growth factor receptor 2 (FGFR2); Fibroblast growth factor receptor 4 (FGFR4),PAY0GTSVM,Mertansine DM4,PAY0GTSVM,Microtubule (MT),microtubule-disrupting,N-succinimidyl 4-(2-pyridyldithio) butanoate (SPDB),CVCL_0076,Gastric adenocarcinoma,0.04,1,1,0,ADCC008323,https://adcdb.idrblab.net/data/adc/details/DRG0XRKKA,CVCL_0076 || Fibroblast growth factor receptor 2 (FGFR2); Fibroblast growth factor receptor 4 (FGFR4)
DRG0DCQUW,Farletuzumab-sulfo SPDB-DM4,Investigative,Farletuzumab,TAR0QHAVI,Folate receptor alpha (FOLR1),PAY0GTSVM,Mertansine DM4,PAY0GTSVM,Microtubule (MT),microtubule-disrupting,Sulfo-SPDB,A431 cells,Skin squamous cell carcinoma,4.28,1,1,0,ADCC006409,https://adcdb.idrblab.net/data/adc/details/DRG0DCQUW,A431 cells || Folate receptor alpha (FOLR1)
DRG0BBRJG,Mirvetuximab-SPDB-DM4,Investigative,Mirvetuximab,TAR0QHAVI,Folate receptor alpha (FOLR1),PAY0GTSVM,Mertansine DM4,PAY0GTSVM,Microtubule (MT),microtubule-disrupting,N-succinimidyl 4-(2-pyridyldithio) butanoate (SPDB),IGROV-1 cells,Ovarian endometrioid adenocarcinoma,0.07,1,1,0,ADCC000132,https://adcdb.idrblab.net/data/adc/details/DRG0BBRJG,IGROV-1 cells || Folate receptor alpha (FOLR1)
DRG0DCQUW,Farletuzumab-sulfo SPDB-DM4,Investigative,Farletuzumab,TAR0QHAVI,Folate receptor alpha (FOLR1),PAY0GTSVM,Mertansine DM4,PAY0GTSVM,Microtubule (MT),microtubule-disrupting,Sulfo-SPDB,IGROV-1 cells,Ovarian endometrioid adenocarcinoma,0.09,1,1,0,ADCC006405,https://adcdb.idrblab.net/data/adc/details/DRG0DCQUW,IGROV-1 cells || Folate receptor alpha (FOLR1)
DRG0BBRJG,Mirvetuximab-SPDB-DM4,Investigative,Mirvetuximab,TAR0QHAVI,Folate receptor alpha (FOLR1),PAY0GTSVM,Mertansine DM4,PAY0GTSVM,Microtubule (MT),microtubule-disrupting,N-succinimidyl 4-(2-pyridyldithio) butanoate (SPDB),JEG-3 cells,Gestational choriocarcinoma,0.11,1,1,0,ADCC000133,https://adcdb.idrblab.net/data/adc/details/DRG0BBRJG,JEG-3 cells || Folate receptor alpha (FOLR1)
DRG0BBRJG,Mirvetuximab-SPDB-DM4,Investigative,Mirvetuximab,TAR0QHAVI,Folate receptor alpha (FOLR1),PAY0GTSVM,Mertansine DM4,PAY0GTSVM,Microtubule (MT),microtubule-disrupting,N-succinimidyl 4-(2-pyridyldithio) butanoate (SPDB),KB cells,Human papillomavirus-related endocervical adenocarcinoma,0.08,1,1,0,ADCC000131,https://adcdb.idrblab.net/data/adc/details/DRG0BBRJG,KB cells || Folate receptor alpha (FOLR1)
DRG0DCQUW,Farletuzumab-sulfo SPDB-DM4,Investigative,Farletuzumab,TAR0QHAVI,Folate receptor alpha (FOLR1),PAY0GTSVM,Mertansine DM4,PAY0GTSVM,Microtubule (MT),microtubule-disrupting,Sulfo-SPDB,NCI-H2110 cells,Lung non-small cell carcinoma,0.52,1,1,0,ADCC006407,https://adcdb.idrblab.net/data/adc/details/DRG0DCQUW,NCI-H2110 cells || Folate receptor alpha (FOLR1)
DRG0DCQUW,Farletuzumab-sulfo SPDB-DM4,Investigative,Farletuzumab,TAR0QHAVI,Folate receptor alpha (FOLR1),PAY0GTSVM,Mertansine DM4,PAY0GTSVM,Microtubule (MT),microtubule-disrupting,Sulfo-SPDB,NCI-N87 cells,Gastric tubular adenocarcinoma,0.85,1,1,0,ADCC006408,https://adcdb.idrblab.net/data/adc/details/DRG0DCQUW,NCI-N87 cells || Folate receptor alpha (FOLR1)
DRG0DCQUW,Farletuzumab-sulfo SPDB-DM4,Investigative,Farletuzumab,TAR0QHAVI,Folate receptor alpha (FOLR1),PAY0GTSVM,Mertansine DM4,PAY0GTSVM,Microtubule (MT),microtubule-disrupting,Sulfo-SPDB,OVCAR-3 cells,Ovarian serous adenocarcinoma,0.49,1,1,0,ADCC006406,https://adcdb.idrblab.net/data/adc/details/DRG0DCQUW,OVCAR-3 cells || Folate receptor alpha (FOLR1)
DRG0EWRAI,Anti-KIT 9P3-SPDB-DM4,Investigative,Anti-KIT mAb 9P3,TAR0SDULL,Mast/stem cell growth factor receptor Kit (KIT),PAY0GTSVM,Mertansine DM4,PAY0GTSVM,Microtubule (MT),microtubule-disrupting,N-succinimidyl 4-(2-pyridyldithio) butanoate (SPDB),CVCL_0104,Essential thrombocythemia,5.6,1,1,0,ADCC008219,https://adcdb.idrblab.net/data/adc/details/DRG0EWRAI,CVCL_0104 || Mast/stem cell growth factor receptor Kit (KIT)
DRG0EWRAI,Anti-KIT 9P3-SPDB-DM4,Investigative,Anti-KIT mAb 9P3,TAR0SDULL,Mast/stem cell growth factor receptor Kit (KIT),PAY0GTSVM,Mertansine DM4,PAY0GTSVM,Microtubule (MT),microtubule-disrupting,N-succinimidyl 4-(2-pyridyldithio) butanoate (SPDB),CVCL_0217,Acute megakaryoblastic leukemia,0.07,1,1,0,ADCC008212,https://adcdb.idrblab.net/data/adc/details/DRG0EWRAI,CVCL_0217 || Mast/stem cell growth factor receptor Kit (KIT)
DRG0EWRAI,Anti-KIT 9P3-SPDB-DM4,Investigative,Anti-KIT mAb 9P3,TAR0SDULL,Mast/stem cell growth factor receptor Kit (KIT),PAY0GTSVM,Mertansine DM4,PAY0GTSVM,Microtubule (MT),microtubule-disrupting,N-succinimidyl 4-(2-pyridyldithio) butanoate (SPDB),CVCL_0589,Myeloid leukemia with maturation,0.83,1,1,0,ADCC008214,https://adcdb.idrblab.net/data/adc/details/DRG0EWRAI,CVCL_0589 || Mast/stem cell growth factor receptor Kit (KIT)
DRG0EWRAI,Anti-KIT 9P3-SPDB-DM4,Investigative,Anti-KIT mAb 9P3,TAR0SDULL,Mast/stem cell growth factor receptor Kit (KIT),PAY0GTSVM,Mertansine DM4,PAY0GTSVM,Microtubule (MT),microtubule-disrupting,N-succinimidyl 4-(2-pyridyldithio) butanoate (SPDB),CVCL_0614,Acute myeloid leukemia,0.91,1,1,0,ADCC008215,https://adcdb.idrblab.net/data/adc/details/DRG0EWRAI,CVCL_0614 || Mast/stem cell growth factor receptor Kit (KIT)
DRG0EWRAI,Anti-KIT 9P3-SPDB-DM4,Investigative,Anti-KIT mAb 9P3,TAR0SDULL,Mast/stem cell growth factor receptor Kit (KIT),PAY0GTSVM,Mertansine DM4,PAY0GTSVM,Microtubule (MT),microtubule-disrupting,N-succinimidyl 4-(2-pyridyldithio) butanoate (SPDB),CVCL_1453,Lung small cell carcinoma,2.77,1,1,0,ADCC008224,https://adcdb.idrblab.net/data/adc/details/DRG0EWRAI,CVCL_1453 || Mast/stem cell growth factor receptor Kit (KIT)
DRG0EWRAI,Anti-KIT 9P3-SPDB-DM4,Investigative,Anti-KIT mAb 9P3,TAR0SDULL,Mast/stem cell growth factor receptor Kit (KIT),PAY0GTSVM,Mertansine DM4,PAY0GTSVM,Microtubule (MT),microtubule-disrupting,N-succinimidyl 4-(2-pyridyldithio) butanoate (SPDB),CVCL_1507,Lung small cell carcinoma,0.3,1,1,0,ADCC008225,https://adcdb.idrblab.net/data/adc/details/DRG0EWRAI,CVCL_1507 || Mast/stem cell growth factor receptor Kit (KIT)
DRG0EWRAI,Anti-KIT 9P3-SPDB-DM4,Investigative,Anti-KIT mAb 9P3,TAR0SDULL,Mast/stem cell growth factor receptor Kit (KIT),PAY0GTSVM,Mertansine DM4,PAY0GTSVM,Microtubule (MT),microtubule-disrupting,N-succinimidyl 4-(2-pyridyldithio) butanoate (SPDB),CVCL_1569,Lung small cell carcinoma,0.17,1,1,0,ADCC008222,https://adcdb.idrblab.net/data/adc/details/DRG0EWRAI,CVCL_1569 || Mast/stem cell growth factor receptor Kit (KIT)
DRG0EWRAI,Anti-KIT 9P3-SPDB-DM4,Investigative,Anti-KIT mAb 9P3,TAR0SDULL,Mast/stem cell growth factor receptor Kit (KIT),PAY0GTSVM,Mertansine DM4,PAY0GTSVM,Microtubule (MT),microtubule-disrupting,N-succinimidyl 4-(2-pyridyldithio) butanoate (SPDB),CVCL_1598,Lung small cell carcinoma,1.47,1,1,0,ADCC008223,https://adcdb.idrblab.net/data/adc/details/DRG0EWRAI,CVCL_1598 || Mast/stem cell growth factor receptor Kit (KIT)
DRG0EWRAI,Anti-KIT 9P3-SPDB-DM4,Investigative,Anti-KIT mAb 9P3,TAR0SDULL,Mast/stem cell growth factor receptor Kit (KIT),PAY0GTSVM,Mertansine DM4,PAY0GTSVM,Microtubule (MT),microtubule-disrupting,N-succinimidyl 4-(2-pyridyldithio) butanoate (SPDB),CVCL_2106,Acute megakaryoblastic leukemia,0.11,1,1,0,ADCC008216,https://adcdb.idrblab.net/data/adc/details/DRG0EWRAI,CVCL_2106 || Mast/stem cell growth factor receptor Kit (KIT)
DRG0EWRAI,Anti-KIT 9P3-SPDB-DM4,Investigative,Anti-KIT mAb 9P3,TAR0SDULL,Mast/stem cell growth factor receptor Kit (KIT),PAY0GTSVM,Mertansine DM4,PAY0GTSVM,Microtubule (MT),microtubule-disrupting,N-succinimidyl 4-(2-pyridyldithio) butanoate (SPDB),CVCL_2149,Acute myeloid leukemia,0.13,1,1,0,ADCC008217,https://adcdb.idrblab.net/data/adc/details/DRG0EWRAI,CVCL_2149 || Mast/stem cell growth factor receptor Kit (KIT)
DRG0EWRAI,Anti-KIT 9P3-SPDB-DM4,Investigative,Anti-KIT mAb 9P3,TAR0SDULL,Mast/stem cell growth factor receptor Kit (KIT),PAY0GTSVM,Mertansine DM4,PAY0GTSVM,Microtubule (MT),microtubule-disrupting,N-succinimidyl 4-(2-pyridyldithio) butanoate (SPDB),CVCL_2196,Adult acute myeloid leukemia,1.6,1,1,0,ADCC008218,https://adcdb.idrblab.net/data/adc/details/DRG0EWRAI,CVCL_2196 || Mast/stem cell growth factor receptor Kit (KIT)
DRG0EWRAI,Anti-KIT 9P3-SPDB-DM4,Investigative,Anti-KIT mAb 9P3,TAR0SDULL,Mast/stem cell growth factor receptor Kit (KIT),PAY0GTSVM,Mertansine DM4,PAY0GTSVM,Microtubule (MT),microtubule-disrupting,N-succinimidyl 4-(2-pyridyldithio) butanoate (SPDB),CVCL_2481,Erythroleukemia,1.26,1,1,0,ADCC008213,https://adcdb.idrblab.net/data/adc/details/DRG0EWRAI,CVCL_2481 || Mast/stem cell growth factor receptor Kit (KIT)
DRG0EWRAI,Anti-KIT 9P3-SPDB-DM4,Investigative,Anti-KIT mAb 9P3,TAR0SDULL,Mast/stem cell growth factor receptor Kit (KIT),PAY0GTSVM,Mertansine DM4,PAY0GTSVM,Microtubule (MT),microtubule-disrupting,N-succinimidyl 4-(2-pyridyldithio) butanoate (SPDB),CVCL_4976,Gastrointestinal stromal tumor,0.05,1,1,0,ADCC008220,https://adcdb.idrblab.net/data/adc/details/DRG0EWRAI,CVCL_4976 || Mast/stem cell growth factor receptor Kit (KIT)
DRG0EWRAI,Anti-KIT 9P3-SPDB-DM4,Investigative,Anti-KIT mAb 9P3,TAR0SDULL,Mast/stem cell growth factor receptor Kit (KIT),PAY0GTSVM,Mertansine DM4,PAY0GTSVM,Microtubule (MT),microtubule-disrupting,N-succinimidyl 4-(2-pyridyldithio) butanoate (SPDB),CVCL_7040,Gastrointestinal stromal tumor,0.17,1,1,0,ADCC008221,https://adcdb.idrblab.net/data/adc/details/DRG0EWRAI,CVCL_7040 || Mast/stem cell growth factor receptor Kit (KIT)
DRG0CVRIW,HuDS6v1.01-DM4,Investigative,huDS6v1.01,TAR0BWSFH,Mucin-1 (MUC1),PAY0GTSVM,Mertansine DM4,PAY0GTSVM,Microtubule (MT),microtubule-disrupting,N-succinimidyl 4-(2-pyridyldithio) butanoate (SPDB),KB cells,Human papillomavirus-related endocervical adenocarcinoma,10,1,1,0,ADCC003828,https://adcdb.idrblab.net/data/adc/details/DRG0CVRIW,KB cells || Mucin-1 (MUC1)
DRG0TLFED,Wild type nBT062-DM4,Investigative,Indatuximab,TAR0SERWS,Syndecan-1 (SDC1),PAY0GTSVM,Mertansine DM4,PAY0GTSVM,Microtubule (MT),microtubule-disrupting,N-succinimidyl 4-(2-pyridyldithio) butanoate (SPDB),NCI-H929 cells,Plasma cell myeloma,0.1,1,1,0,ADCC006025,https://adcdb.idrblab.net/data/adc/details/DRG0TLFED,NCI-H929 cells || Syndecan-1 (SDC1)
DRG0SZERO,Lonigutamab ugodotin,Phase 1/2 (discontinued),Lonigutamab,TAR0XGJXK,Insulin-like growth factor 1 receptor (IGF1R),PAY0HXYLH,F554443,PAY0HXYLH,Microtubule (MT),microtubule-disrupting,Maleimido-caproyl,Caov-3 cells,Ovarian serous adenocarcinoma,10,0,1,0,ADCC000755,https://adcdb.idrblab.net/data/adc/details/DRG0SZERO,Caov-3 cells || Insulin-like growth factor 1 receptor (IGF1R)
DRG0SZERO,Lonigutamab ugodotin,Phase 1/2 (discontinued),Lonigutamab,TAR0XGJXK,Insulin-like growth factor 1 receptor (IGF1R),PAY0HXYLH,F554443,PAY0HXYLH,Microtubule (MT),microtubule-disrupting,Maleimido-caproyl,MCF-7 cells,Invasive breast carcinoma,0.01,1,1,0,ADCC000751,https://adcdb.idrblab.net/data/adc/details/DRG0SZERO,MCF-7 cells || Insulin-like growth factor 1 receptor (IGF1R)
DRG0SZERO,Lonigutamab ugodotin,Phase 1/2 (discontinued),Lonigutamab,TAR0XGJXK,Insulin-like growth factor 1 receptor (IGF1R),PAY0HXYLH,F554443,PAY0HXYLH,Microtubule (MT),microtubule-disrupting,Maleimido-caproyl,NCI-H2122 cells,Lung adenocarcinoma,0.63,1,1,0,ADCC000753,https://adcdb.idrblab.net/data/adc/details/DRG0SZERO,NCI-H2122 cells || Insulin-like growth factor 1 receptor (IGF1R)
DRG0SZERO,Lonigutamab ugodotin,Phase 1/2 (discontinued),Lonigutamab,TAR0XGJXK,Insulin-like growth factor 1 receptor (IGF1R),PAY0HXYLH,F554443,PAY0HXYLH,Microtubule (MT),microtubule-disrupting,Maleimido-caproyl,SBC-5 cells,Lung small cell carcinoma,100,0,1,0,ADCC000757,https://adcdb.idrblab.net/data/adc/details/DRG0SZERO,SBC-5 cells || Insulin-like growth factor 1 receptor (IGF1R)
DRG0QJUWT,AGS62P1,Phase 1 (discontinued),Anti-FLT3 IgG1κ mAb,TAR0BIRRP,Receptor-type tyrosine-protein kinase FLT3 (FLT3),PAY0IXEJQ,AGD-0182,PAY0IXEJQ,Microtubule (MT),microtubule-disrupting,Alkoxyamine linker,Acute myeloid leukemia cells,Acute myeloid leukemia,0.2,1,1,0,ADCC002033,https://adcdb.idrblab.net/data/adc/details/DRG0QJUWT,Acute myeloid leukemia cells || Receptor-type tyrosine-protein kinase FLT3 (FLT3)
DRG0HPUIL,Farletuzumab ecteribulin,Phase 2,Farletuzumab,TAR0QHAVI,Folate receptor alpha (FOLR1),PAY0JAEKD,Eribulin,PAY0JAEKD,Microtubule (MT),microtubule-disrupting,Mal-PEG2-Val-Cit-PABC,A431 cells,Skin squamous cell carcinoma,100,0,1,0,ADCC006404,https://adcdb.idrblab.net/data/adc/details/DRG0HPUIL,A431 cells || Folate receptor alpha (FOLR1)
DRG0KONEC,FOLR1-Mal-PEG2-Eribulin,Investigative,Farletuzumab,TAR0QHAVI,Folate receptor alpha (FOLR1),PAY0JAEKD,Eribulin,PAY0JAEKD,Microtubule (MT),microtubule-disrupting,Mal-PEG2,A431 cells,Skin squamous cell carcinoma,100,0,1,0,ADCC006313,https://adcdb.idrblab.net/data/adc/details/DRG0KONEC,A431 cells || Folate receptor alpha (FOLR1)
DRG0PBBKC,FOLR1-Mal-PEG4-Eribulin,Investigative,Farletuzumab,TAR0QHAVI,Folate receptor alpha (FOLR1),PAY0JAEKD,Eribulin,PAY0JAEKD,Microtubule (MT),microtubule-disrupting,Mal-PEG4,A431 cells,Skin squamous cell carcinoma,100,0,1,0,ADCC006314,https://adcdb.idrblab.net/data/adc/details/DRG0PBBKC,A431 cells || Folate receptor alpha (FOLR1)
DRG0TIDUJ,FOLR1-Mal-PEG8-Val-Cit-PABC-Eribulin,Investigative,Farletuzumab,TAR0QHAVI,Folate receptor alpha (FOLR1),PAY0JAEKD,Eribulin,PAY0JAEKD,Microtubule (MT),microtubule-disrupting,Mal-PEG8-Val-Cit-PABC,A431 cells,Skin squamous cell carcinoma,86,0,1,0,ADCC006308,https://adcdb.idrblab.net/data/adc/details/DRG0TIDUJ,A431 cells || Folate receptor alpha (FOLR1)
DRG0HPUIL,Farletuzumab ecteribulin,Phase 2,Farletuzumab,TAR0QHAVI,Folate receptor alpha (FOLR1),PAY0JAEKD,Eribulin,PAY0JAEKD,Microtubule (MT),microtubule-disrupting,Mal-PEG2-Val-Cit-PABC,A431-A3 cells,Skin squamous cell carcinoma,0.023,1,1,0,ADCC000702,https://adcdb.idrblab.net/data/adc/details/DRG0HPUIL,A431-A3 cells || Folate receptor alpha (FOLR1)
DRG0HPUIL,Farletuzumab ecteribulin,Phase 2,Farletuzumab,TAR0QHAVI,Folate receptor alpha (FOLR1),PAY0JAEKD,Eribulin,PAY0JAEKD,Microtubule (MT),microtubule-disrupting,Mal-PEG2-Val-Cit-PABC,Caov-3 cells,Ovarian serous adenocarcinoma,0.43,1,1,0,ADCC006394,https://adcdb.idrblab.net/data/adc/details/DRG0HPUIL,Caov-3 cells || Folate receptor alpha (FOLR1)
DRG0HPUIL,Farletuzumab ecteribulin,Phase 2,Farletuzumab,TAR0QHAVI,Folate receptor alpha (FOLR1),PAY0JAEKD,Eribulin,PAY0JAEKD,Microtubule (MT),microtubule-disrupting,Mal-PEG2-Val-Cit-PABC,HCC1954 cells,Breast ductal carcinoma,1.42,1,1,0,ADCC006403,https://adcdb.idrblab.net/data/adc/details/DRG0HPUIL,HCC1954 cells || Folate receptor alpha (FOLR1)
DRG0HPUIL,Farletuzumab ecteribulin,Phase 2,Farletuzumab,TAR0QHAVI,Folate receptor alpha (FOLR1),PAY0JAEKD,Eribulin,PAY0JAEKD,Microtubule (MT),microtubule-disrupting,Mal-PEG2-Val-Cit-PABC,HEC-1-A cells,Endometrial adenocarcinoma,1.81,1,1,0,ADCC006401,https://adcdb.idrblab.net/data/adc/details/DRG0HPUIL,HEC-1-A cells || Folate receptor alpha (FOLR1)
DRG0HPUIL,Farletuzumab ecteribulin,Phase 2,Farletuzumab,TAR0QHAVI,Folate receptor alpha (FOLR1),PAY0JAEKD,Eribulin,PAY0JAEKD,Microtubule (MT),microtubule-disrupting,Mal-PEG2-Val-Cit-PABC,HEC-251 cells,Endometrial carcinoma,13.15,0,1,0,ADCC006400,https://adcdb.idrblab.net/data/adc/details/DRG0HPUIL,HEC-251 cells || Folate receptor alpha (FOLR1)
DRG0HPUIL,Farletuzumab ecteribulin,Phase 2,Farletuzumab,TAR0QHAVI,Folate receptor alpha (FOLR1),PAY0JAEKD,Eribulin,PAY0JAEKD,Microtubule (MT),microtubule-disrupting,Mal-PEG2-Val-Cit-PABC,HEC-59 cells,Endometrial adenocarcinoma,1.03,1,1,0,ADCC006402,https://adcdb.idrblab.net/data/adc/details/DRG0HPUIL,HEC-59 cells || Folate receptor alpha (FOLR1)
DRG0HPUIL,Farletuzumab ecteribulin,Phase 2,Farletuzumab,TAR0QHAVI,Folate receptor alpha (FOLR1),PAY0JAEKD,Eribulin,PAY0JAEKD,Microtubule (MT),microtubule-disrupting,Mal-PEG2-Val-Cit-PABC,IGROV-1 cells,Ovarian endometrioid adenocarcinoma,1e-05,1,2,0,ADCC000700;ADCC006392,https://adcdb.idrblab.net/data/adc/details/DRG0HPUIL,IGROV-1 cells || Folate receptor alpha (FOLR1)
DRG0KONEC,FOLR1-Mal-PEG2-Eribulin,Investigative,Farletuzumab,TAR0QHAVI,Folate receptor alpha (FOLR1),PAY0JAEKD,Eribulin,PAY0JAEKD,Microtubule (MT),microtubule-disrupting,Mal-PEG2,IGROV-1 cells,Ovarian endometrioid adenocarcinoma,0.33,1,1,0,ADCC006281,https://adcdb.idrblab.net/data/adc/details/DRG0KONEC,IGROV-1 cells || Folate receptor alpha (FOLR1)
DRG0PBBKC,FOLR1-Mal-PEG4-Eribulin,Investigative,Farletuzumab,TAR0QHAVI,Folate receptor alpha (FOLR1),PAY0JAEKD,Eribulin,PAY0JAEKD,Microtubule (MT),microtubule-disrupting,Mal-PEG4,IGROV-1 cells,Ovarian endometrioid adenocarcinoma,0.28,1,1,0,ADCC006282,https://adcdb.idrblab.net/data/adc/details/DRG0PBBKC,IGROV-1 cells || Folate receptor alpha (FOLR1)
DRG0TIDUJ,FOLR1-Mal-PEG8-Val-Cit-PABC-Eribulin,Investigative,Farletuzumab,TAR0QHAVI,Folate receptor alpha (FOLR1),PAY0JAEKD,Eribulin,PAY0JAEKD,Microtubule (MT),microtubule-disrupting,Mal-PEG8-Val-Cit-PABC,IGROV-1 cells,Ovarian endometrioid adenocarcinoma,0.12,1,1,0,ADCC006276,https://adcdb.idrblab.net/data/adc/details/DRG0TIDUJ,IGROV-1 cells || Folate receptor alpha (FOLR1)
DRG0HPUIL,Farletuzumab ecteribulin,Phase 2,Farletuzumab,TAR0QHAVI,Folate receptor alpha (FOLR1),PAY0JAEKD,Eribulin,PAY0JAEKD,Microtubule (MT),microtubule-disrupting,Mal-PEG2-Val-Cit-PABC,MKN7 cells,Gastric tubular adenocarcinoma,2.17,1,1,0,ADCC006396,https://adcdb.idrblab.net/data/adc/details/DRG0HPUIL,MKN7 cells || Folate receptor alpha (FOLR1)
DRG0HPUIL,Farletuzumab ecteribulin,Phase 2,Farletuzumab,TAR0QHAVI,Folate receptor alpha (FOLR1),PAY0JAEKD,Eribulin,PAY0JAEKD,Microtubule (MT),microtubule-disrupting,Mal-PEG2-Val-Cit-PABC,MKN74 cells,Gastric tubular adenocarcinoma,1.76,1,1,0,ADCC006397,https://adcdb.idrblab.net/data/adc/details/DRG0HPUIL,MKN74 cells || Folate receptor alpha (FOLR1)
DRG0HPUIL,Farletuzumab ecteribulin,Phase 2,Farletuzumab,TAR0QHAVI,Folate receptor alpha (FOLR1),PAY0JAEKD,Eribulin,PAY0JAEKD,Microtubule (MT),microtubule-disrupting,Mal-PEG2-Val-Cit-PABC,NCI-H2110 cells,Lung non-small cell carcinoma,0.00074,1,2,0,ADCC000701;ADCC006395,https://adcdb.idrblab.net/data/adc/details/DRG0HPUIL,NCI-H2110 cells || Folate receptor alpha (FOLR1)
DRG0KONEC,FOLR1-Mal-PEG2-Eribulin,Investigative,Farletuzumab,TAR0QHAVI,Folate receptor alpha (FOLR1),PAY0JAEKD,Eribulin,PAY0JAEKD,Microtubule (MT),microtubule-disrupting,Mal-PEG2,NCI-H2110 cells,Lung non-small cell carcinoma,38,0,1,0,ADCC006297,https://adcdb.idrblab.net/data/adc/details/DRG0KONEC,NCI-H2110 cells || Folate receptor alpha (FOLR1)
DRG0PBBKC,FOLR1-Mal-PEG4-Eribulin,Investigative,Farletuzumab,TAR0QHAVI,Folate receptor alpha (FOLR1),PAY0JAEKD,Eribulin,PAY0JAEKD,Microtubule (MT),microtubule-disrupting,Mal-PEG4,NCI-H2110 cells,Lung non-small cell carcinoma,22,0,1,0,ADCC006298,https://adcdb.idrblab.net/data/adc/details/DRG0PBBKC,NCI-H2110 cells || Folate receptor alpha (FOLR1)
DRG0TIDUJ,FOLR1-Mal-PEG8-Val-Cit-PABC-Eribulin,Investigative,Farletuzumab,TAR0QHAVI,Folate receptor alpha (FOLR1),PAY0JAEKD,Eribulin,PAY0JAEKD,Microtubule (MT),microtubule-disrupting,Mal-PEG8-Val-Cit-PABC,NCI-H2110 cells,Lung non-small cell carcinoma,7.1,1,1,0,ADCC006292,https://adcdb.idrblab.net/data/adc/details/DRG0TIDUJ,NCI-H2110 cells || Folate receptor alpha (FOLR1)
DRG0HPUIL,Farletuzumab ecteribulin,Phase 2,Farletuzumab,TAR0QHAVI,Folate receptor alpha (FOLR1),PAY0JAEKD,Eribulin,PAY0JAEKD,Microtubule (MT),microtubule-disrupting,Mal-PEG2-Val-Cit-PABC,NCI-N87 cells,Gastric tubular adenocarcinoma,4.42,1,1,0,ADCC006398,https://adcdb.idrblab.net/data/adc/details/DRG0HPUIL,NCI-N87 cells || Folate receptor alpha (FOLR1)
DRG0HPUIL,Farletuzumab ecteribulin,Phase 2,Farletuzumab,TAR0QHAVI,Folate receptor alpha (FOLR1),PAY0JAEKD,Eribulin,PAY0JAEKD,Microtubule (MT),microtubule-disrupting,Mal-PEG2-Val-Cit-PABC,NUGC-3 cells,Gastric carcinoma,24.58,0,1,0,ADCC006399,https://adcdb.idrblab.net/data/adc/details/DRG0HPUIL,NUGC-3 cells || Folate receptor alpha (FOLR1)
DRG0HPUIL,Farletuzumab ecteribulin,Phase 2,Farletuzumab,TAR0QHAVI,Folate receptor alpha (FOLR1),PAY0JAEKD,Eribulin,PAY0JAEKD,Microtubule (MT),microtubule-disrupting,Mal-PEG2-Val-Cit-PABC,OVCAR-3 cells,Ovarian serous adenocarcinoma,0.75,1,1,0,ADCC006393,https://adcdb.idrblab.net/data/adc/details/DRG0HPUIL,OVCAR-3 cells || Folate receptor alpha (FOLR1)
DRG0KONEC,FOLR1-Mal-PEG2-Eribulin,Investigative,Farletuzumab,TAR0QHAVI,Folate receptor alpha (FOLR1),PAY0JAEKD,Eribulin,PAY0JAEKD,Microtubule (MT),microtubule-disrupting,Mal-PEG2,SJSA-1 cells,Osteosarcoma,100,0,1,0,ADCC006329,https://adcdb.idrblab.net/data/adc/details/DRG0KONEC,SJSA-1 cells || Folate receptor alpha (FOLR1)
DRG0PBBKC,FOLR1-Mal-PEG4-Eribulin,Investigative,Farletuzumab,TAR0QHAVI,Folate receptor alpha (FOLR1),PAY0JAEKD,Eribulin,PAY0JAEKD,Microtubule (MT),microtubule-disrupting,Mal-PEG4,SJSA-1 cells,Osteosarcoma,100,0,1,0,ADCC006330,https://adcdb.idrblab.net/data/adc/details/DRG0PBBKC,SJSA-1 cells || Folate receptor alpha (FOLR1)
DRG0TIDUJ,FOLR1-Mal-PEG8-Val-Cit-PABC-Eribulin,Investigative,Farletuzumab,TAR0QHAVI,Folate receptor alpha (FOLR1),PAY0JAEKD,Eribulin,PAY0JAEKD,Microtubule (MT),microtubule-disrupting,Mal-PEG8-Val-Cit-PABC,SJSA-1 cells,Osteosarcoma,100,0,1,0,ADCC006324,https://adcdb.idrblab.net/data/adc/details/DRG0TIDUJ,SJSA-1 cells || Folate receptor alpha (FOLR1)
DRG0EJGRP,MSLN-Mal-PEG2-Eribulin,Investigative,Amatuximab,TAR0NEZUA,Mesothelin (MSLN),PAY0JAEKD,Eribulin,PAY0JAEKD,Microtubule (MT),microtubule-disrupting,Mal-PEG2,A431 cells,Skin squamous cell carcinoma,100,0,1,0,ADCC006371,https://adcdb.idrblab.net/data/adc/details/DRG0EJGRP,A431 cells || Mesothelin (MSLN)
DRG0FFJIH,MSLN-Mal-PEG8-Val-Cit-PABC-Eribulin,Investigative,Amatuximab,TAR0NEZUA,Mesothelin (MSLN),PAY0JAEKD,Eribulin,PAY0JAEKD,Microtubule (MT),microtubule-disrupting,Mal-PEG8-Val-Cit-PABC,A431 cells,Skin squamous cell carcinoma,100,0,1,0,ADCC006366,https://adcdb.idrblab.net/data/adc/details/DRG0FFJIH,A431 cells || Mesothelin (MSLN)
DRG0IEEQN,MSLN-Mal-PEG4-Eribulin,Investigative,Amatuximab,TAR0NEZUA,Mesothelin (MSLN),PAY0JAEKD,Eribulin,PAY0JAEKD,Microtubule (MT),microtubule-disrupting,Mal-PEG4,A431 cells,Skin squamous cell carcinoma,100,0,1,0,ADCC006372,https://adcdb.idrblab.net/data/adc/details/DRG0IEEQN,A431 cells || Mesothelin (MSLN)
DRG0EJGRP,MSLN-Mal-PEG2-Eribulin,Investigative,Amatuximab,TAR0NEZUA,Mesothelin (MSLN),PAY0JAEKD,Eribulin,PAY0JAEKD,Microtubule (MT),microtubule-disrupting,Mal-PEG2,IGROV-1 cells,Ovarian endometrioid adenocarcinoma,43,0,1,0,ADCC006345,https://adcdb.idrblab.net/data/adc/details/DRG0EJGRP,IGROV-1 cells || Mesothelin (MSLN)
DRG0FFJIH,MSLN-Mal-PEG8-Val-Cit-PABC-Eribulin,Investigative,Amatuximab,TAR0NEZUA,Mesothelin (MSLN),PAY0JAEKD,Eribulin,PAY0JAEKD,Microtubule (MT),microtubule-disrupting,Mal-PEG8-Val-Cit-PABC,IGROV-1 cells,Ovarian endometrioid adenocarcinoma,26,0,1,0,ADCC006340,https://adcdb.idrblab.net/data/adc/details/DRG0FFJIH,IGROV-1 cells || Mesothelin (MSLN)
DRG0IEEQN,MSLN-Mal-PEG4-Eribulin,Investigative,Amatuximab,TAR0NEZUA,Mesothelin (MSLN),PAY0JAEKD,Eribulin,PAY0JAEKD,Microtubule (MT),microtubule-disrupting,Mal-PEG4,IGROV-1 cells,Ovarian endometrioid adenocarcinoma,76,0,1,0,ADCC006346,https://adcdb.idrblab.net/data/adc/details/DRG0IEEQN,IGROV-1 cells || Mesothelin (MSLN)
DRG0EJGRP,MSLN-Mal-PEG2-Eribulin,Investigative,Amatuximab,TAR0NEZUA,Mesothelin (MSLN),PAY0JAEKD,Eribulin,PAY0JAEKD,Microtubule (MT),microtubule-disrupting,Mal-PEG2,NCI-H2110 cells,Lung non-small cell carcinoma,50,0,1,0,ADCC006358,https://adcdb.idrblab.net/data/adc/details/DRG0EJGRP,NCI-H2110 cells || Mesothelin (MSLN)
DRG0FFJIH,MSLN-Mal-PEG8-Val-Cit-PABC-Eribulin,Investigative,Amatuximab,TAR0NEZUA,Mesothelin (MSLN),PAY0JAEKD,Eribulin,PAY0JAEKD,Microtubule (MT),microtubule-disrupting,Mal-PEG8-Val-Cit-PABC,NCI-H2110 cells,Lung non-small cell carcinoma,34,0,1,0,ADCC006353,https://adcdb.idrblab.net/data/adc/details/DRG0FFJIH,NCI-H2110 cells || Mesothelin (MSLN)
DRG0IEEQN,MSLN-Mal-PEG4-Eribulin,Investigative,Amatuximab,TAR0NEZUA,Mesothelin (MSLN),PAY0JAEKD,Eribulin,PAY0JAEKD,Microtubule (MT),microtubule-disrupting,Mal-PEG4,NCI-H2110 cells,Lung non-small cell carcinoma,32,0,1,0,ADCC006359,https://adcdb.idrblab.net/data/adc/details/DRG0IEEQN,NCI-H2110 cells || Mesothelin (MSLN)
DRG0EJGRP,MSLN-Mal-PEG2-Eribulin,Investigative,Amatuximab,TAR0NEZUA,Mesothelin (MSLN),PAY0JAEKD,Eribulin,PAY0JAEKD,Microtubule (MT),microtubule-disrupting,Mal-PEG2,SJSA-1 cells,Osteosarcoma,100,0,1,0,ADCC006385,https://adcdb.idrblab.net/data/adc/details/DRG0EJGRP,SJSA-1 cells || Mesothelin (MSLN)
DRG0FFJIH,MSLN-Mal-PEG8-Val-Cit-PABC-Eribulin,Investigative,Amatuximab,TAR0NEZUA,Mesothelin (MSLN),PAY0JAEKD,Eribulin,PAY0JAEKD,Microtubule (MT),microtubule-disrupting,Mal-PEG8-Val-Cit-PABC,SJSA-1 cells,Osteosarcoma,100,0,1,0,ADCC006380,https://adcdb.idrblab.net/data/adc/details/DRG0FFJIH,SJSA-1 cells || Mesothelin (MSLN)
DRG0IEEQN,MSLN-Mal-PEG4-Eribulin,Investigative,Amatuximab,TAR0NEZUA,Mesothelin (MSLN),PAY0JAEKD,Eribulin,PAY0JAEKD,Microtubule (MT),microtubule-disrupting,Mal-PEG4,SJSA-1 cells,Osteosarcoma,100,0,1,0,ADCC006386,https://adcdb.idrblab.net/data/adc/details/DRG0IEEQN,SJSA-1 cells || Mesothelin (MSLN)
DRG0JDEVM,Cet-DM1,Investigative,Cetuximab,TAR0UYFIF,Epidermal growth factor receptor (EGFR),PAY0JCIBW,Mertansine DM1,PAY0JCIBW,Microtubule (MT),microtubule-disrupting,Succinimidyl-4-(N-maleimidomethyl)cyclohexane-1-carboxylate (SMCC),HCC1954 T-DM1R (T-DM1 resistance) cells,Breast ductal carcinoma,0.85,1,4,0,ADCC002314;ADCC002313;ADCC002315;ADCC002316,https://adcdb.idrblab.net/data/adc/details/DRG0JDEVM,HCC1954 T-DM1R (T-DM1 resistance) cells || Epidermal growth factor receptor (EGFR)
DRG0JDEVM,Cet-DM1,Investigative,Cetuximab,TAR0UYFIF,Epidermal growth factor receptor (EGFR),PAY0JCIBW,Mertansine DM1,PAY0JCIBW,Microtubule (MT),microtubule-disrupting,Succinimidyl-4-(N-maleimidomethyl)cyclohexane-1-carboxylate (SMCC),HCC1954 cells,Breast ductal carcinoma,1.41,1,1,0,ADCC002312,https://adcdb.idrblab.net/data/adc/details/DRG0JDEVM,HCC1954 cells || Epidermal growth factor receptor (EGFR)
DRG0DGZOG,Anti-FGFR2/4 mAb-12425 SMCC-DM1,Investigative,Anti-FGFR2/4 mAb 12425,TAR0ODKQM,Fibroblast growth factor receptor 2 (FGFR2); Fibroblast growth factor receptor 4 (FGFR4),PAY0JCIBW,Mertansine DM1,PAY0JCIBW,Microtubule (MT),microtubule-disrupting,Succinimidyl-4-(N-maleimidomethyl)cyclohexane-1-carboxylate (SMCC),CVCL_0076,Gastric adenocarcinoma,0.2,1,1,0,ADCC008301,https://adcdb.idrblab.net/data/adc/details/DRG0DGZOG,CVCL_0076 || Fibroblast growth factor receptor 2 (FGFR2); Fibroblast growth factor receptor 4 (FGFR4)
DRG0VSAIC,Anti-FGFR2/4 mAb-12422 SMCC-DM1,Investigative,Anti-FGFR2/4 mAb 12422,TAR0ODKQM,Fibroblast growth factor receptor 2 (FGFR2); Fibroblast growth factor receptor 4 (FGFR4),PAY0JCIBW,Mertansine DM1,PAY0JCIBW,Microtubule (MT),microtubule-disrupting,Succinimidyl-4-(N-maleimidomethyl)cyclohexane-1-carboxylate (SMCC),CVCL_0076,Gastric adenocarcinoma,3,1,1,0,ADCC008300,https://adcdb.idrblab.net/data/adc/details/DRG0VSAIC,CVCL_0076 || Fibroblast growth factor receptor 2 (FGFR2); Fibroblast growth factor receptor 4 (FGFR4)
DRG0XBANE,Anti-FGFR2/4 mAb-12439 SMCC-DM1,Investigative,Anti-FGFR2/4 mAb 12439,TAR0ODKQM,Fibroblast growth factor receptor 2 (FGFR2); Fibroblast growth factor receptor 4 (FGFR4),PAY0JCIBW,Mertansine DM1,PAY0JCIBW,Microtubule (MT),microtubule-disrupting,Succinimidyl-4-(N-maleimidomethyl)cyclohexane-1-carboxylate (SMCC),CVCL_0076,Gastric adenocarcinoma,3,1,1,0,ADCC008303,https://adcdb.idrblab.net/data/adc/details/DRG0XBANE,CVCL_0076 || Fibroblast growth factor receptor 2 (FGFR2); Fibroblast growth factor receptor 4 (FGFR4)
DRG0DGZOG,Anti-FGFR2/4 mAb-12425 SMCC-DM1,Investigative,Anti-FGFR2/4 mAb 12425,TAR0ODKQM,Fibroblast growth factor receptor 2 (FGFR2); Fibroblast growth factor receptor 4 (FGFR4),PAY0JCIBW,Mertansine DM1,PAY0JCIBW,Microtubule (MT),microtubule-disrupting,Succinimidyl-4-(N-maleimidomethyl)cyclohexane-1-carboxylate (SMCC),CVCL_0371,Down syndrome,0.15,1,1,0,ADCC008316,https://adcdb.idrblab.net/data/adc/details/DRG0DGZOG,CVCL_0371 || Fibroblast growth factor receptor 2 (FGFR2); Fibroblast growth factor receptor 4 (FGFR4)
DRG0VSAIC,Anti-FGFR2/4 mAb-12422 SMCC-DM1,Investigative,Anti-FGFR2/4 mAb 12422,TAR0ODKQM,Fibroblast growth factor receptor 2 (FGFR2); Fibroblast growth factor receptor 4 (FGFR4),PAY0JCIBW,Mertansine DM1,PAY0JCIBW,Microtubule (MT),microtubule-disrupting,Succinimidyl-4-(N-maleimidomethyl)cyclohexane-1-carboxylate (SMCC),CVCL_0371,Down syndrome,3,1,1,0,ADCC008315,https://adcdb.idrblab.net/data/adc/details/DRG0VSAIC,CVCL_0371 || Fibroblast growth factor receptor 2 (FGFR2); Fibroblast growth factor receptor 4 (FGFR4)
DRG0XBANE,Anti-FGFR2/4 mAb-12439 SMCC-DM1,Investigative,Anti-FGFR2/4 mAb 12439,TAR0ODKQM,Fibroblast growth factor receptor 2 (FGFR2); Fibroblast growth factor receptor 4 (FGFR4),PAY0JCIBW,Mertansine DM1,PAY0JCIBW,Microtubule (MT),microtubule-disrupting,Succinimidyl-4-(N-maleimidomethyl)cyclohexane-1-carboxylate (SMCC),CVCL_0371,Down syndrome,3,1,1,0,ADCC008318,https://adcdb.idrblab.net/data/adc/details/DRG0XBANE,CVCL_0371 || Fibroblast growth factor receptor 2 (FGFR2); Fibroblast growth factor receptor 4 (FGFR4)
DRG0DGZOG,Anti-FGFR2/4 mAb-12425 SMCC-DM1,Investigative,Anti-FGFR2/4 mAb 12425,TAR0ODKQM,Fibroblast growth factor receptor 2 (FGFR2); Fibroblast growth factor receptor 4 (FGFR4),PAY0JCIBW,Mertansine DM1,PAY0JCIBW,Microtubule (MT),microtubule-disrupting,Succinimidyl-4-(N-maleimidomethyl)cyclohexane-1-carboxylate (SMCC),CVCL_1408,Breast carcinoma,1,1,1,0,ADCC008352,https://adcdb.idrblab.net/data/adc/details/DRG0DGZOG,CVCL_1408 || Fibroblast growth factor receptor 2 (FGFR2); Fibroblast growth factor receptor 4 (FGFR4)
DRG0DGZOG,Anti-FGFR2/4 mAb-12425 SMCC-DM1,Investigative,Anti-FGFR2/4 mAb 12425,TAR0ODKQM,Fibroblast growth factor receptor 2 (FGFR2); Fibroblast growth factor receptor 4 (FGFR4),PAY0JCIBW,Mertansine DM1,PAY0JCIBW,Microtubule (MT),microtubule-disrupting,Succinimidyl-4-(N-maleimidomethyl)cyclohexane-1-carboxylate (SMCC),CVCL_1581,Cecum adenocarcinoma,0.1,1,1,0,ADCC008353,https://adcdb.idrblab.net/data/adc/details/DRG0DGZOG,CVCL_1581 || Fibroblast growth factor receptor 2 (FGFR2); Fibroblast growth factor receptor 4 (FGFR4)
DRG0DGZOG,Anti-FGFR2/4 mAb-12425 SMCC-DM1,Investigative,Anti-FGFR2/4 mAb 12425,TAR0ODKQM,Fibroblast growth factor receptor 2 (FGFR2); Fibroblast growth factor receptor 4 (FGFR4),PAY0JCIBW,Mertansine DM1,PAY0JCIBW,Microtubule (MT),microtubule-disrupting,Succinimidyl-4-(N-maleimidomethyl)cyclohexane-1-carboxylate (SMCC),CVCL_1612,Gastric carcinoma,30,0,1,0,ADCC008354,https://adcdb.idrblab.net/data/adc/details/DRG0DGZOG,CVCL_1612 || Fibroblast growth factor receptor 2 (FGFR2); Fibroblast growth factor receptor 4 (FGFR4)
DRG0DGZOG,Anti-FGFR2/4 mAb-12425 SMCC-DM1,Investigative,Anti-FGFR2/4 mAb 12425,TAR0ODKQM,Fibroblast growth factor receptor 2 (FGFR2); Fibroblast growth factor receptor 4 (FGFR4),PAY0JCIBW,Mertansine DM1,PAY0JCIBW,Microtubule (MT),microtubule-disrupting,Succinimidyl-4-(N-maleimidomethyl)cyclohexane-1-carboxylate (SMCC),CVCL_3425,Breast carcinoma,0.17,1,1,0,ADCC008351,https://adcdb.idrblab.net/data/adc/details/DRG0DGZOG,CVCL_3425 || Fibroblast growth factor receptor 2 (FGFR2); Fibroblast growth factor receptor 4 (FGFR4)
DRG0GIBEK,Mirvetuximab-SMCC-DM1,Investigative,Mirvetuximab,TAR0QHAVI,Folate receptor alpha (FOLR1),PAY0JCIBW,Mertansine DM1,PAY0JCIBW,Microtubule (MT),microtubule-disrupting,Succinimidyl-4-(N-maleimidomethyl)cyclohexane-1-carboxylate (SMCC),IGROV-1 cells,Ovarian endometrioid adenocarcinoma,20,0,1,0,ADCC000115,https://adcdb.idrblab.net/data/adc/details/DRG0GIBEK,IGROV-1 cells || Folate receptor alpha (FOLR1)
DRG0TUCHR,Mirvetuximab-SPP-DM1,Investigative,Mirvetuximab,TAR0QHAVI,Folate receptor alpha (FOLR1),PAY0JCIBW,Mertansine DM1,PAY0JCIBW,Microtubule (MT),microtubule-disrupting,N-succinimidyl 4-(2-pyridyldithio) pentanoate (SPP),IGROV-1 cells,Ovarian endometrioid adenocarcinoma,0.14,1,1,0,ADCC000127,https://adcdb.idrblab.net/data/adc/details/DRG0TUCHR,IGROV-1 cells || Folate receptor alpha (FOLR1)
DRG0GIBEK,Mirvetuximab-SMCC-DM1,Investigative,Mirvetuximab,TAR0QHAVI,Folate receptor alpha (FOLR1),PAY0JCIBW,Mertansine DM1,PAY0JCIBW,Microtubule (MT),microtubule-disrupting,Succinimidyl-4-(N-maleimidomethyl)cyclohexane-1-carboxylate (SMCC),JEG-3 cells,Gestational choriocarcinoma,7,1,1,0,ADCC000116,https://adcdb.idrblab.net/data/adc/details/DRG0GIBEK,JEG-3 cells || Folate receptor alpha (FOLR1)
DRG0TUCHR,Mirvetuximab-SPP-DM1,Investigative,Mirvetuximab,TAR0QHAVI,Folate receptor alpha (FOLR1),PAY0JCIBW,Mertansine DM1,PAY0JCIBW,Microtubule (MT),microtubule-disrupting,N-succinimidyl 4-(2-pyridyldithio) pentanoate (SPP),JEG-3 cells,Gestational choriocarcinoma,0.13,1,1,0,ADCC000128,https://adcdb.idrblab.net/data/adc/details/DRG0TUCHR,JEG-3 cells || Folate receptor alpha (FOLR1)
DRG0GIBEK,Mirvetuximab-SMCC-DM1,Investigative,Mirvetuximab,TAR0QHAVI,Folate receptor alpha (FOLR1),PAY0JCIBW,Mertansine DM1,PAY0JCIBW,Microtubule (MT),microtubule-disrupting,Succinimidyl-4-(N-maleimidomethyl)cyclohexane-1-carboxylate (SMCC),KB cells,Human papillomavirus-related endocervical adenocarcinoma,0.08,1,2,0,ADCC000114;ADCC000112,https://adcdb.idrblab.net/data/adc/details/DRG0GIBEK,KB cells || Folate receptor alpha (FOLR1)
DRG0TUCHR,Mirvetuximab-SPP-DM1,Investigative,Mirvetuximab,TAR0QHAVI,Folate receptor alpha (FOLR1),PAY0JCIBW,Mertansine DM1,PAY0JCIBW,Microtubule (MT),microtubule-disrupting,N-succinimidyl 4-(2-pyridyldithio) pentanoate (SPP),KB cells,Human papillomavirus-related endocervical adenocarcinoma,0.11,1,1,0,ADCC000126,https://adcdb.idrblab.net/data/adc/details/DRG0TUCHR,KB cells || Folate receptor alpha (FOLR1)
DRG0BIVOI,Anti-KIT 9P3-SMCC-DM1,Investigative,Anti-KIT mAb 9P3,TAR0SDULL,Mast/stem cell growth factor receptor Kit (KIT),PAY0JCIBW,Mertansine DM1,PAY0JCIBW,Microtubule (MT),microtubule-disrupting,Succinimidyl-4-(N-maleimidomethyl)cyclohexane-1-carboxylate (SMCC),CVCL_0104,Essential thrombocythemia,1.8,1,1,0,ADCC008191,https://adcdb.idrblab.net/data/adc/details/DRG0BIVOI,CVCL_0104 || Mast/stem cell growth factor receptor Kit (KIT)
DRG0BIVOI,Anti-KIT 9P3-SMCC-DM1,Investigative,Anti-KIT mAb 9P3,TAR0SDULL,Mast/stem cell growth factor receptor Kit (KIT),PAY0JCIBW,Mertansine DM1,PAY0JCIBW,Microtubule (MT),microtubule-disrupting,Succinimidyl-4-(N-maleimidomethyl)cyclohexane-1-carboxylate (SMCC),CVCL_0217,Acute megakaryoblastic leukemia,0.05,1,1,0,ADCC008184,https://adcdb.idrblab.net/data/adc/details/DRG0BIVOI,CVCL_0217 || Mast/stem cell growth factor receptor Kit (KIT)
DRG0IFKGK,Anti-KIT NEG086-SMCC-DM1,Investigative,Anti-KIT mAb NEG086,TAR0SDULL,Mast/stem cell growth factor receptor Kit (KIT),PAY0JCIBW,Mertansine DM1,PAY0JCIBW,Microtubule (MT),microtubule-disrupting,Succinimidyl-4-(N-maleimidomethyl)cyclohexane-1-carboxylate (SMCC),CVCL_0418,Breast adenocarcinoma,16.92,0,1,0,ADCC008141,https://adcdb.idrblab.net/data/adc/details/DRG0IFKGK,CVCL_0418 || Mast/stem cell growth factor receptor Kit (KIT)
DRG0MOFZM,Anti-KIT NEG087-SMCC-DM1,Investigative,Anti-KIT mAb NEG087,TAR0SDULL,Mast/stem cell growth factor receptor Kit (KIT),PAY0JCIBW,Mertansine DM1,PAY0JCIBW,Microtubule (MT),microtubule-disrupting,Succinimidyl-4-(N-maleimidomethyl)cyclohexane-1-carboxylate (SMCC),CVCL_0418,Breast adenocarcinoma,45.43,0,1,0,ADCC008142,https://adcdb.idrblab.net/data/adc/details/DRG0MOFZM,CVCL_0418 || Mast/stem cell growth factor receptor Kit (KIT)
DRG0PFZZF,Anti-KIT NEG085-SMCC-DM1,Investigative,Anti-KIT mAb NEG085,TAR0SDULL,Mast/stem cell growth factor receptor Kit (KIT),PAY0JCIBW,Mertansine DM1,PAY0JCIBW,Microtubule (MT),microtubule-disrupting,Succinimidyl-4-(N-maleimidomethyl)cyclohexane-1-carboxylate (SMCC),CVCL_0418,Breast adenocarcinoma,46.83,0,1,0,ADCC008140,https://adcdb.idrblab.net/data/adc/details/DRG0PFZZF,CVCL_0418 || Mast/stem cell growth factor receptor Kit (KIT)
DRG0WWBCV,Anti-KIT 20376-SMCC-DM1,Investigative,Anti-KIT mAb 20376,TAR0SDULL,Mast/stem cell growth factor receptor Kit (KIT),PAY0JCIBW,Mertansine DM1,PAY0JCIBW,Microtubule (MT),microtubule-disrupting,Succinimidyl-4-(N-maleimidomethyl)cyclohexane-1-carboxylate (SMCC),CVCL_0418,Breast adenocarcinoma,2.69,1,1,0,ADCC008143,https://adcdb.idrblab.net/data/adc/details/DRG0WWBCV,CVCL_0418 || Mast/stem cell growth factor receptor Kit (KIT)
DRG0XOIAM,Anti-KIT NEG024-SMCC-DM1,Investigative,Anti-KIT mAb NEG024,TAR0SDULL,Mast/stem cell growth factor receptor Kit (KIT),PAY0JCIBW,Mertansine DM1,PAY0JCIBW,Microtubule (MT),microtubule-disrupting,Succinimidyl-4-(N-maleimidomethyl)cyclohexane-1-carboxylate (SMCC),CVCL_0418,Breast adenocarcinoma,22.77,0,1,0,ADCC008139,https://adcdb.idrblab.net/data/adc/details/DRG0XOIAM,CVCL_0418 || Mast/stem cell growth factor receptor Kit (KIT)
DRG0BIVOI,Anti-KIT 9P3-SMCC-DM1,Investigative,Anti-KIT mAb 9P3,TAR0SDULL,Mast/stem cell growth factor receptor Kit (KIT),PAY0JCIBW,Mertansine DM1,PAY0JCIBW,Microtubule (MT),microtubule-disrupting,Succinimidyl-4-(N-maleimidomethyl)cyclohexane-1-carboxylate (SMCC),CVCL_0589,Myeloid leukemia with maturation,4,1,1,0,ADCC008186,https://adcdb.idrblab.net/data/adc/details/DRG0BIVOI,CVCL_0589 || Mast/stem cell growth factor receptor Kit (KIT)
DRG0IFKGK,Anti-KIT NEG086-SMCC-DM1,Investigative,Anti-KIT mAb NEG086,TAR0SDULL,Mast/stem cell growth factor receptor Kit (KIT),PAY0JCIBW,Mertansine DM1,PAY0JCIBW,Microtubule (MT),microtubule-disrupting,Succinimidyl-4-(N-maleimidomethyl)cyclohexane-1-carboxylate (SMCC),CVCL_0589,Myeloid leukemia with maturation,4.22,1,1,0,ADCC008136,https://adcdb.idrblab.net/data/adc/details/DRG0IFKGK,CVCL_0589 || Mast/stem cell growth factor receptor Kit (KIT)
DRG0MOFZM,Anti-KIT NEG087-SMCC-DM1,Investigative,Anti-KIT mAb NEG087,TAR0SDULL,Mast/stem cell growth factor receptor Kit (KIT),PAY0JCIBW,Mertansine DM1,PAY0JCIBW,Microtubule (MT),microtubule-disrupting,Succinimidyl-4-(N-maleimidomethyl)cyclohexane-1-carboxylate (SMCC),CVCL_0589,Myeloid leukemia with maturation,6.07,1,1,0,ADCC008137,https://adcdb.idrblab.net/data/adc/details/DRG0MOFZM,CVCL_0589 || Mast/stem cell growth factor receptor Kit (KIT)
DRG0PFZZF,Anti-KIT NEG085-SMCC-DM1,Investigative,Anti-KIT mAb NEG085,TAR0SDULL,Mast/stem cell growth factor receptor Kit (KIT),PAY0JCIBW,Mertansine DM1,PAY0JCIBW,Microtubule (MT),microtubule-disrupting,Succinimidyl-4-(N-maleimidomethyl)cyclohexane-1-carboxylate (SMCC),CVCL_0589,Myeloid leukemia with maturation,4.82,1,1,0,ADCC008135,https://adcdb.idrblab.net/data/adc/details/DRG0PFZZF,CVCL_0589 || Mast/stem cell growth factor receptor Kit (KIT)
DRG0WWBCV,Anti-KIT 20376-SMCC-DM1,Investigative,Anti-KIT mAb 20376,TAR0SDULL,Mast/stem cell growth factor receptor Kit (KIT),PAY0JCIBW,Mertansine DM1,PAY0JCIBW,Microtubule (MT),microtubule-disrupting,Succinimidyl-4-(N-maleimidomethyl)cyclohexane-1-carboxylate (SMCC),CVCL_0589,Myeloid leukemia with maturation,1.33,1,1,0,ADCC008138,https://adcdb.idrblab.net/data/adc/details/DRG0WWBCV,CVCL_0589 || Mast/stem cell growth factor receptor Kit (KIT)
DRG0XOIAM,Anti-KIT NEG024-SMCC-DM1,Investigative,Anti-KIT mAb NEG024,TAR0SDULL,Mast/stem cell growth factor receptor Kit (KIT),PAY0JCIBW,Mertansine DM1,PAY0JCIBW,Microtubule (MT),microtubule-disrupting,Succinimidyl-4-(N-maleimidomethyl)cyclohexane-1-carboxylate (SMCC),CVCL_0589,Myeloid leukemia with maturation,8.49,1,1,0,ADCC008134,https://adcdb.idrblab.net/data/adc/details/DRG0XOIAM,CVCL_0589 || Mast/stem cell growth factor receptor Kit (KIT)
DRG0BIVOI,Anti-KIT 9P3-SMCC-DM1,Investigative,Anti-KIT mAb 9P3,TAR0SDULL,Mast/stem cell growth factor receptor Kit (KIT),PAY0JCIBW,Mertansine DM1,PAY0JCIBW,Microtubule (MT),microtubule-disrupting,Succinimidyl-4-(N-maleimidomethyl)cyclohexane-1-carboxylate (SMCC),CVCL_0614,Acute myeloid leukemia,1.29,1,1,0,ADCC008187,https://adcdb.idrblab.net/data/adc/details/DRG0BIVOI,CVCL_0614 || Mast/stem cell growth factor receptor Kit (KIT)
DRG0IFKGK,Anti-KIT NEG086-SMCC-DM1,Investigative,Anti-KIT mAb NEG086,TAR0SDULL,Mast/stem cell growth factor receptor Kit (KIT),PAY0JCIBW,Mertansine DM1,PAY0JCIBW,Microtubule (MT),microtubule-disrupting,Succinimidyl-4-(N-maleimidomethyl)cyclohexane-1-carboxylate (SMCC),CVCL_0614,Acute myeloid leukemia,0.52,1,1,0,ADCC008131,https://adcdb.idrblab.net/data/adc/details/DRG0IFKGK,CVCL_0614 || Mast/stem cell growth factor receptor Kit (KIT)
DRG0MOFZM,Anti-KIT NEG087-SMCC-DM1,Investigative,Anti-KIT mAb NEG087,TAR0SDULL,Mast/stem cell growth factor receptor Kit (KIT),PAY0JCIBW,Mertansine DM1,PAY0JCIBW,Microtubule (MT),microtubule-disrupting,Succinimidyl-4-(N-maleimidomethyl)cyclohexane-1-carboxylate (SMCC),CVCL_0614,Acute myeloid leukemia,3.24,1,1,0,ADCC008132,https://adcdb.idrblab.net/data/adc/details/DRG0MOFZM,CVCL_0614 || Mast/stem cell growth factor receptor Kit (KIT)
DRG0PFZZF,Anti-KIT NEG085-SMCC-DM1,Investigative,Anti-KIT mAb NEG085,TAR0SDULL,Mast/stem cell growth factor receptor Kit (KIT),PAY0JCIBW,Mertansine DM1,PAY0JCIBW,Microtubule (MT),microtubule-disrupting,Succinimidyl-4-(N-maleimidomethyl)cyclohexane-1-carboxylate (SMCC),CVCL_0614,Acute myeloid leukemia,0.64,1,1,0,ADCC008130,https://adcdb.idrblab.net/data/adc/details/DRG0PFZZF,CVCL_0614 || Mast/stem cell growth factor receptor Kit (KIT)
DRG0WWBCV,Anti-KIT 20376-SMCC-DM1,Investigative,Anti-KIT mAb 20376,TAR0SDULL,Mast/stem cell growth factor receptor Kit (KIT),PAY0JCIBW,Mertansine DM1,PAY0JCIBW,Microtubule (MT),microtubule-disrupting,Succinimidyl-4-(N-maleimidomethyl)cyclohexane-1-carboxylate (SMCC),CVCL_0614,Acute myeloid leukemia,1.51,1,1,0,ADCC008133,https://adcdb.idrblab.net/data/adc/details/DRG0WWBCV,CVCL_0614 || Mast/stem cell growth factor receptor Kit (KIT)
DRG0XOIAM,Anti-KIT NEG024-SMCC-DM1,Investigative,Anti-KIT mAb NEG024,TAR0SDULL,Mast/stem cell growth factor receptor Kit (KIT),PAY0JCIBW,Mertansine DM1,PAY0JCIBW,Microtubule (MT),microtubule-disrupting,Succinimidyl-4-(N-maleimidomethyl)cyclohexane-1-carboxylate (SMCC),CVCL_0614,Acute myeloid leukemia,5.26,1,1,0,ADCC008129,https://adcdb.idrblab.net/data/adc/details/DRG0XOIAM,CVCL_0614 || Mast/stem cell growth factor receptor Kit (KIT)
DRG0BIVOI,Anti-KIT 9P3-SMCC-DM1,Investigative,Anti-KIT mAb 9P3,TAR0SDULL,Mast/stem cell growth factor receptor Kit (KIT),PAY0JCIBW,Mertansine DM1,PAY0JCIBW,Microtubule (MT),microtubule-disrupting,Succinimidyl-4-(N-maleimidomethyl)cyclohexane-1-carboxylate (SMCC),CVCL_1453,Lung small cell carcinoma,4.3,1,1,0,ADCC008196,https://adcdb.idrblab.net/data/adc/details/DRG0BIVOI,CVCL_1453 || Mast/stem cell growth factor receptor Kit (KIT)
DRG0IFKGK,Anti-KIT NEG086-SMCC-DM1,Investigative,Anti-KIT mAb NEG086,TAR0SDULL,Mast/stem cell growth factor receptor Kit (KIT),PAY0JCIBW,Mertansine DM1,PAY0JCIBW,Microtubule (MT),microtubule-disrupting,Succinimidyl-4-(N-maleimidomethyl)cyclohexane-1-carboxylate (SMCC),CVCL_1453,Lung small cell carcinoma,0.83,1,1,0,ADCC008126,https://adcdb.idrblab.net/data/adc/details/DRG0IFKGK,CVCL_1453 || Mast/stem cell growth factor receptor Kit (KIT)
DRG0MOFZM,Anti-KIT NEG087-SMCC-DM1,Investigative,Anti-KIT mAb NEG087,TAR0SDULL,Mast/stem cell growth factor receptor Kit (KIT),PAY0JCIBW,Mertansine DM1,PAY0JCIBW,Microtubule (MT),microtubule-disrupting,Succinimidyl-4-(N-maleimidomethyl)cyclohexane-1-carboxylate (SMCC),CVCL_1453,Lung small cell carcinoma,1.5,1,1,0,ADCC008127,https://adcdb.idrblab.net/data/adc/details/DRG0MOFZM,CVCL_1453 || Mast/stem cell growth factor receptor Kit (KIT)
DRG0PFZZF,Anti-KIT NEG085-SMCC-DM1,Investigative,Anti-KIT mAb NEG085,TAR0SDULL,Mast/stem cell growth factor receptor Kit (KIT),PAY0JCIBW,Mertansine DM1,PAY0JCIBW,Microtubule (MT),microtubule-disrupting,Succinimidyl-4-(N-maleimidomethyl)cyclohexane-1-carboxylate (SMCC),CVCL_1453,Lung small cell carcinoma,0.55,1,1,0,ADCC008125,https://adcdb.idrblab.net/data/adc/details/DRG0PFZZF,CVCL_1453 || Mast/stem cell growth factor receptor Kit (KIT)
DRG0WWBCV,Anti-KIT 20376-SMCC-DM1,Investigative,Anti-KIT mAb 20376,TAR0SDULL,Mast/stem cell growth factor receptor Kit (KIT),PAY0JCIBW,Mertansine DM1,PAY0JCIBW,Microtubule (MT),microtubule-disrupting,Succinimidyl-4-(N-maleimidomethyl)cyclohexane-1-carboxylate (SMCC),CVCL_1453,Lung small cell carcinoma,1.34,1,1,0,ADCC008128,https://adcdb.idrblab.net/data/adc/details/DRG0WWBCV,CVCL_1453 || Mast/stem cell growth factor receptor Kit (KIT)
DRG0XOIAM,Anti-KIT NEG024-SMCC-DM1,Investigative,Anti-KIT mAb NEG024,TAR0SDULL,Mast/stem cell growth factor receptor Kit (KIT),PAY0JCIBW,Mertansine DM1,PAY0JCIBW,Microtubule (MT),microtubule-disrupting,Succinimidyl-4-(N-maleimidomethyl)cyclohexane-1-carboxylate (SMCC),CVCL_1453,Lung small cell carcinoma,0.74,1,1,0,ADCC008124,https://adcdb.idrblab.net/data/adc/details/DRG0XOIAM,CVCL_1453 || Mast/stem cell growth factor receptor Kit (KIT)
DRG0BIVOI,Anti-KIT 9P3-SMCC-DM1,Investigative,Anti-KIT mAb 9P3,TAR0SDULL,Mast/stem cell growth factor receptor Kit (KIT),PAY0JCIBW,Mertansine DM1,PAY0JCIBW,Microtubule (MT),microtubule-disrupting,Succinimidyl-4-(N-maleimidomethyl)cyclohexane-1-carboxylate (SMCC),CVCL_1507,Lung small cell carcinoma,0.09,1,1,0,ADCC008197,https://adcdb.idrblab.net/data/adc/details/DRG0BIVOI,CVCL_1507 || Mast/stem cell growth factor receptor Kit (KIT)
DRG0BIVOI,Anti-KIT 9P3-SMCC-DM1,Investigative,Anti-KIT mAb 9P3,TAR0SDULL,Mast/stem cell growth factor receptor Kit (KIT),PAY0JCIBW,Mertansine DM1,PAY0JCIBW,Microtubule (MT),microtubule-disrupting,Succinimidyl-4-(N-maleimidomethyl)cyclohexane-1-carboxylate (SMCC),CVCL_1569,Lung small cell carcinoma,0.05,1,1,0,ADCC008194,https://adcdb.idrblab.net/data/adc/details/DRG0BIVOI,CVCL_1569 || Mast/stem cell growth factor receptor Kit (KIT)
DRG0IFKGK,Anti-KIT NEG086-SMCC-DM1,Investigative,Anti-KIT mAb NEG086,TAR0SDULL,Mast/stem cell growth factor receptor Kit (KIT),PAY0JCIBW,Mertansine DM1,PAY0JCIBW,Microtubule (MT),microtubule-disrupting,Succinimidyl-4-(N-maleimidomethyl)cyclohexane-1-carboxylate (SMCC),CVCL_1569,Lung small cell carcinoma,0.03,1,1,0,ADCC008121,https://adcdb.idrblab.net/data/adc/details/DRG0IFKGK,CVCL_1569 || Mast/stem cell growth factor receptor Kit (KIT)
DRG0MOFZM,Anti-KIT NEG087-SMCC-DM1,Investigative,Anti-KIT mAb NEG087,TAR0SDULL,Mast/stem cell growth factor receptor Kit (KIT),PAY0JCIBW,Mertansine DM1,PAY0JCIBW,Microtubule (MT),microtubule-disrupting,Succinimidyl-4-(N-maleimidomethyl)cyclohexane-1-carboxylate (SMCC),CVCL_1569,Lung small cell carcinoma,0.03,1,1,0,ADCC008122,https://adcdb.idrblab.net/data/adc/details/DRG0MOFZM,CVCL_1569 || Mast/stem cell growth factor receptor Kit (KIT)
DRG0PFZZF,Anti-KIT NEG085-SMCC-DM1,Investigative,Anti-KIT mAb NEG085,TAR0SDULL,Mast/stem cell growth factor receptor Kit (KIT),PAY0JCIBW,Mertansine DM1,PAY0JCIBW,Microtubule (MT),microtubule-disrupting,Succinimidyl-4-(N-maleimidomethyl)cyclohexane-1-carboxylate (SMCC),CVCL_1569,Lung small cell carcinoma,0.03,1,1,0,ADCC008120,https://adcdb.idrblab.net/data/adc/details/DRG0PFZZF,CVCL_1569 || Mast/stem cell growth factor receptor Kit (KIT)
DRG0WWBCV,Anti-KIT 20376-SMCC-DM1,Investigative,Anti-KIT mAb 20376,TAR0SDULL,Mast/stem cell growth factor receptor Kit (KIT),PAY0JCIBW,Mertansine DM1,PAY0JCIBW,Microtubule (MT),microtubule-disrupting,Succinimidyl-4-(N-maleimidomethyl)cyclohexane-1-carboxylate (SMCC),CVCL_1569,Lung small cell carcinoma,0.07,1,1,0,ADCC008123,https://adcdb.idrblab.net/data/adc/details/DRG0WWBCV,CVCL_1569 || Mast/stem cell growth factor receptor Kit (KIT)
DRG0XOIAM,Anti-KIT NEG024-SMCC-DM1,Investigative,Anti-KIT mAb NEG024,TAR0SDULL,Mast/stem cell growth factor receptor Kit (KIT),PAY0JCIBW,Mertansine DM1,PAY0JCIBW,Microtubule (MT),microtubule-disrupting,Succinimidyl-4-(N-maleimidomethyl)cyclohexane-1-carboxylate (SMCC),CVCL_1569,Lung small cell carcinoma,0.07,1,1,0,ADCC008119,https://adcdb.idrblab.net/data/adc/details/DRG0XOIAM,CVCL_1569 || Mast/stem cell growth factor receptor Kit (KIT)
DRG0BIVOI,Anti-KIT 9P3-SMCC-DM1,Investigative,Anti-KIT mAb 9P3,TAR0SDULL,Mast/stem cell growth factor receptor Kit (KIT),PAY0JCIBW,Mertansine DM1,PAY0JCIBW,Microtubule (MT),microtubule-disrupting,Succinimidyl-4-(N-maleimidomethyl)cyclohexane-1-carboxylate (SMCC),CVCL_1598,Lung small cell carcinoma,0.15,1,1,0,ADCC008195,https://adcdb.idrblab.net/data/adc/details/DRG0BIVOI,CVCL_1598 || Mast/stem cell growth factor receptor Kit (KIT)
DRG0BIVOI,Anti-KIT 9P3-SMCC-DM1,Investigative,Anti-KIT mAb 9P3,TAR0SDULL,Mast/stem cell growth factor receptor Kit (KIT),PAY0JCIBW,Mertansine DM1,PAY0JCIBW,Microtubule (MT),microtubule-disrupting,Succinimidyl-4-(N-maleimidomethyl)cyclohexane-1-carboxylate (SMCC),CVCL_2106,Acute megakaryoblastic leukemia,0.08,1,1,0,ADCC008188,https://adcdb.idrblab.net/data/adc/details/DRG0BIVOI,CVCL_2106 || Mast/stem cell growth factor receptor Kit (KIT)
DRG0BIVOI,Anti-KIT 9P3-SMCC-DM1,Investigative,Anti-KIT mAb 9P3,TAR0SDULL,Mast/stem cell growth factor receptor Kit (KIT),PAY0JCIBW,Mertansine DM1,PAY0JCIBW,Microtubule (MT),microtubule-disrupting,Succinimidyl-4-(N-maleimidomethyl)cyclohexane-1-carboxylate (SMCC),CVCL_2149,Acute myeloid leukemia,0.11,1,1,0,ADCC008189,https://adcdb.idrblab.net/data/adc/details/DRG0BIVOI,CVCL_2149 || Mast/stem cell growth factor receptor Kit (KIT)
DRG0BIVOI,Anti-KIT 9P3-SMCC-DM1,Investigative,Anti-KIT mAb 9P3,TAR0SDULL,Mast/stem cell growth factor receptor Kit (KIT),PAY0JCIBW,Mertansine DM1,PAY0JCIBW,Microtubule (MT),microtubule-disrupting,Succinimidyl-4-(N-maleimidomethyl)cyclohexane-1-carboxylate (SMCC),CVCL_2196,Adult acute myeloid leukemia,3.6,1,1,0,ADCC008190,https://adcdb.idrblab.net/data/adc/details/DRG0BIVOI,CVCL_2196 || Mast/stem cell growth factor receptor Kit (KIT)
DRG0BIVOI,Anti-KIT 9P3-SMCC-DM1,Investigative,Anti-KIT mAb 9P3,TAR0SDULL,Mast/stem cell growth factor receptor Kit (KIT),PAY0JCIBW,Mertansine DM1,PAY0JCIBW,Microtubule (MT),microtubule-disrupting,Succinimidyl-4-(N-maleimidomethyl)cyclohexane-1-carboxylate (SMCC),CVCL_2481,Erythroleukemia,0.61,1,1,0,ADCC008185,https://adcdb.idrblab.net/data/adc/details/DRG0BIVOI,CVCL_2481 || Mast/stem cell growth factor receptor Kit (KIT)
DRG0BIVOI,Anti-KIT 9P3-SMCC-DM1,Investigative,Anti-KIT mAb 9P3,TAR0SDULL,Mast/stem cell growth factor receptor Kit (KIT),PAY0JCIBW,Mertansine DM1,PAY0JCIBW,Microtubule (MT),microtubule-disrupting,Succinimidyl-4-(N-maleimidomethyl)cyclohexane-1-carboxylate (SMCC),CVCL_4976,Gastrointestinal stromal tumor,0.02,1,1,0,ADCC008192,https://adcdb.idrblab.net/data/adc/details/DRG0BIVOI,CVCL_4976 || Mast/stem cell growth factor receptor Kit (KIT)
DRG0IFKGK,Anti-KIT NEG086-SMCC-DM1,Investigative,Anti-KIT mAb NEG086,TAR0SDULL,Mast/stem cell growth factor receptor Kit (KIT),PAY0JCIBW,Mertansine DM1,PAY0JCIBW,Microtubule (MT),microtubule-disrupting,Succinimidyl-4-(N-maleimidomethyl)cyclohexane-1-carboxylate (SMCC),CVCL_4976,Gastrointestinal stromal tumor,0.01,1,1,0,ADCC008106,https://adcdb.idrblab.net/data/adc/details/DRG0IFKGK,CVCL_4976 || Mast/stem cell growth factor receptor Kit (KIT)
DRG0MOFZM,Anti-KIT NEG087-SMCC-DM1,Investigative,Anti-KIT mAb NEG087,TAR0SDULL,Mast/stem cell growth factor receptor Kit (KIT),PAY0JCIBW,Mertansine DM1,PAY0JCIBW,Microtubule (MT),microtubule-disrupting,Succinimidyl-4-(N-maleimidomethyl)cyclohexane-1-carboxylate (SMCC),CVCL_4976,Gastrointestinal stromal tumor,0.01,1,1,0,ADCC008107,https://adcdb.idrblab.net/data/adc/details/DRG0MOFZM,CVCL_4976 || Mast/stem cell growth factor receptor Kit (KIT)
DRG0PFZZF,Anti-KIT NEG085-SMCC-DM1,Investigative,Anti-KIT mAb NEG085,TAR0SDULL,Mast/stem cell growth factor receptor Kit (KIT),PAY0JCIBW,Mertansine DM1,PAY0JCIBW,Microtubule (MT),microtubule-disrupting,Succinimidyl-4-(N-maleimidomethyl)cyclohexane-1-carboxylate (SMCC),CVCL_4976,Gastrointestinal stromal tumor,0.01,1,1,0,ADCC008105,https://adcdb.idrblab.net/data/adc/details/DRG0PFZZF,CVCL_4976 || Mast/stem cell growth factor receptor Kit (KIT)
DRG0WWBCV,Anti-KIT 20376-SMCC-DM1,Investigative,Anti-KIT mAb 20376,TAR0SDULL,Mast/stem cell growth factor receptor Kit (KIT),PAY0JCIBW,Mertansine DM1,PAY0JCIBW,Microtubule (MT),microtubule-disrupting,Succinimidyl-4-(N-maleimidomethyl)cyclohexane-1-carboxylate (SMCC),CVCL_4976,Gastrointestinal stromal tumor,0.05,1,1,0,ADCC008108,https://adcdb.idrblab.net/data/adc/details/DRG0WWBCV,CVCL_4976 || Mast/stem cell growth factor receptor Kit (KIT)
DRG0XOIAM,Anti-KIT NEG024-SMCC-DM1,Investigative,Anti-KIT mAb NEG024,TAR0SDULL,Mast/stem cell growth factor receptor Kit (KIT),PAY0JCIBW,Mertansine DM1,PAY0JCIBW,Microtubule (MT),microtubule-disrupting,Succinimidyl-4-(N-maleimidomethyl)cyclohexane-1-carboxylate (SMCC),CVCL_4976,Gastrointestinal stromal tumor,0.02,1,1,0,ADCC008104,https://adcdb.idrblab.net/data/adc/details/DRG0XOIAM,CVCL_4976 || Mast/stem cell growth factor receptor Kit (KIT)
DRG0BIVOI,Anti-KIT 9P3-SMCC-DM1,Investigative,Anti-KIT mAb 9P3,TAR0SDULL,Mast/stem cell growth factor receptor Kit (KIT),PAY0JCIBW,Mertansine DM1,PAY0JCIBW,Microtubule (MT),microtubule-disrupting,Succinimidyl-4-(N-maleimidomethyl)cyclohexane-1-carboxylate (SMCC),CVCL_7040,Gastrointestinal stromal tumor,0.08,1,1,0,ADCC008193,https://adcdb.idrblab.net/data/adc/details/DRG0BIVOI,CVCL_7040 || Mast/stem cell growth factor receptor Kit (KIT)
DRG0IFKGK,Anti-KIT NEG086-SMCC-DM1,Investigative,Anti-KIT mAb NEG086,TAR0SDULL,Mast/stem cell growth factor receptor Kit (KIT),PAY0JCIBW,Mertansine DM1,PAY0JCIBW,Microtubule (MT),microtubule-disrupting,Succinimidyl-4-(N-maleimidomethyl)cyclohexane-1-carboxylate (SMCC),CVCL_7040,Gastrointestinal stromal tumor,0.06,1,1,0,ADCC008116,https://adcdb.idrblab.net/data/adc/details/DRG0IFKGK,CVCL_7040 || Mast/stem cell growth factor receptor Kit (KIT)
DRG0MOFZM,Anti-KIT NEG087-SMCC-DM1,Investigative,Anti-KIT mAb NEG087,TAR0SDULL,Mast/stem cell growth factor receptor Kit (KIT),PAY0JCIBW,Mertansine DM1,PAY0JCIBW,Microtubule (MT),microtubule-disrupting,Succinimidyl-4-(N-maleimidomethyl)cyclohexane-1-carboxylate (SMCC),CVCL_7040,Gastrointestinal stromal tumor,0.05,1,1,0,ADCC008117,https://adcdb.idrblab.net/data/adc/details/DRG0MOFZM,CVCL_7040 || Mast/stem cell growth factor receptor Kit (KIT)
DRG0PFZZF,Anti-KIT NEG085-SMCC-DM1,Investigative,Anti-KIT mAb NEG085,TAR0SDULL,Mast/stem cell growth factor receptor Kit (KIT),PAY0JCIBW,Mertansine DM1,PAY0JCIBW,Microtubule (MT),microtubule-disrupting,Succinimidyl-4-(N-maleimidomethyl)cyclohexane-1-carboxylate (SMCC),CVCL_7040,Gastrointestinal stromal tumor,0.04,1,1,0,ADCC008115,https://adcdb.idrblab.net/data/adc/details/DRG0PFZZF,CVCL_7040 || Mast/stem cell growth factor receptor Kit (KIT)
DRG0WWBCV,Anti-KIT 20376-SMCC-DM1,Investigative,Anti-KIT mAb 20376,TAR0SDULL,Mast/stem cell growth factor receptor Kit (KIT),PAY0JCIBW,Mertansine DM1,PAY0JCIBW,Microtubule (MT),microtubule-disrupting,Succinimidyl-4-(N-maleimidomethyl)cyclohexane-1-carboxylate (SMCC),CVCL_7040,Gastrointestinal stromal tumor,0.04,1,1,0,ADCC008118,https://adcdb.idrblab.net/data/adc/details/DRG0WWBCV,CVCL_7040 || Mast/stem cell growth factor receptor Kit (KIT)
DRG0XOIAM,Anti-KIT NEG024-SMCC-DM1,Investigative,Anti-KIT mAb NEG024,TAR0SDULL,Mast/stem cell growth factor receptor Kit (KIT),PAY0JCIBW,Mertansine DM1,PAY0JCIBW,Microtubule (MT),microtubule-disrupting,Succinimidyl-4-(N-maleimidomethyl)cyclohexane-1-carboxylate (SMCC),CVCL_7040,Gastrointestinal stromal tumor,0.04,1,1,0,ADCC008114,https://adcdb.idrblab.net/data/adc/details/DRG0XOIAM,CVCL_7040 || Mast/stem cell growth factor receptor Kit (KIT)
DRG0IFKGK,Anti-KIT NEG086-SMCC-DM1,Investigative,Anti-KIT mAb NEG086,TAR0SDULL,Mast/stem cell growth factor receptor Kit (KIT),PAY0JCIBW,Mertansine DM1,PAY0JCIBW,Microtubule (MT),microtubule-disrupting,Succinimidyl-4-(N-maleimidomethyl)cyclohexane-1-carboxylate (SMCC),CVCL_7044,Gastrointestinal stromal tumor,0.43,1,1,0,ADCC008111,https://adcdb.idrblab.net/data/adc/details/DRG0IFKGK,CVCL_7044 || Mast/stem cell growth factor receptor Kit (KIT)
DRG0MOFZM,Anti-KIT NEG087-SMCC-DM1,Investigative,Anti-KIT mAb NEG087,TAR0SDULL,Mast/stem cell growth factor receptor Kit (KIT),PAY0JCIBW,Mertansine DM1,PAY0JCIBW,Microtubule (MT),microtubule-disrupting,Succinimidyl-4-(N-maleimidomethyl)cyclohexane-1-carboxylate (SMCC),CVCL_7044,Gastrointestinal stromal tumor,0.41,1,1,0,ADCC008112,https://adcdb.idrblab.net/data/adc/details/DRG0MOFZM,CVCL_7044 || Mast/stem cell growth factor receptor Kit (KIT)
DRG0PFZZF,Anti-KIT NEG085-SMCC-DM1,Investigative,Anti-KIT mAb NEG085,TAR0SDULL,Mast/stem cell growth factor receptor Kit (KIT),PAY0JCIBW,Mertansine DM1,PAY0JCIBW,Microtubule (MT),microtubule-disrupting,Succinimidyl-4-(N-maleimidomethyl)cyclohexane-1-carboxylate (SMCC),CVCL_7044,Gastrointestinal stromal tumor,0.47,1,1,0,ADCC008110,https://adcdb.idrblab.net/data/adc/details/DRG0PFZZF,CVCL_7044 || Mast/stem cell growth factor receptor Kit (KIT)
DRG0WWBCV,Anti-KIT 20376-SMCC-DM1,Investigative,Anti-KIT mAb 20376,TAR0SDULL,Mast/stem cell growth factor receptor Kit (KIT),PAY0JCIBW,Mertansine DM1,PAY0JCIBW,Microtubule (MT),microtubule-disrupting,Succinimidyl-4-(N-maleimidomethyl)cyclohexane-1-carboxylate (SMCC),CVCL_7044,Gastrointestinal stromal tumor,1,1,1,0,ADCC008113,https://adcdb.idrblab.net/data/adc/details/DRG0WWBCV,CVCL_7044 || Mast/stem cell growth factor receptor Kit (KIT)
DRG0XOIAM,Anti-KIT NEG024-SMCC-DM1,Investigative,Anti-KIT mAb NEG024,TAR0SDULL,Mast/stem cell growth factor receptor Kit (KIT),PAY0JCIBW,Mertansine DM1,PAY0JCIBW,Microtubule (MT),microtubule-disrupting,Succinimidyl-4-(N-maleimidomethyl)cyclohexane-1-carboxylate (SMCC),CVCL_7044,Gastrointestinal stromal tumor,0.72,1,1,0,ADCC008109,https://adcdb.idrblab.net/data/adc/details/DRG0XOIAM,CVCL_7044 || Mast/stem cell growth factor receptor Kit (KIT)
DRG0VMKDY,MuDS6-DM1,Investigative,Anti-CA6 mAb muDS6,TAR0BWSFH,Mucin-1 (MUC1),PAY0JCIBW,Mertansine DM1,PAY0JCIBW,Microtubule (MT),microtubule-disrupting,N-succinimidyl 4-(2-pyridyldithio) pentanoate (SPP),BT-20 cells,Invasive breast carcinoma of no special type,14.4,0,1,0,ADCC003808,https://adcdb.idrblab.net/data/adc/details/DRG0VMKDY,BT-20 cells || Mucin-1 (MUC1)
DRG0VMKDY,MuDS6-DM1,Investigative,Anti-CA6 mAb muDS6,TAR0BWSFH,Mucin-1 (MUC1),PAY0JCIBW,Mertansine DM1,PAY0JCIBW,Microtubule (MT),microtubule-disrupting,N-succinimidyl 4-(2-pyridyldithio) pentanoate (SPP),BT-483 cells,Ductal carcinoma,0.1,1,2,1,ADCC003795;ADCC003809,https://adcdb.idrblab.net/data/adc/details/DRG0VMKDY,BT-483 cells || Mucin-1 (MUC1)
DRG0VMKDY,MuDS6-DM1,Investigative,Anti-CA6 mAb muDS6,TAR0BWSFH,Mucin-1 (MUC1),PAY0JCIBW,Mertansine DM1,PAY0JCIBW,Microtubule (MT),microtubule-disrupting,N-succinimidyl 4-(2-pyridyldithio) pentanoate (SPP),Caov-3 cells,Ovarian serous adenocarcinoma,0.8,1,2,0,ADCC003796;ADCC003810,https://adcdb.idrblab.net/data/adc/details/DRG0VMKDY,Caov-3 cells || Mucin-1 (MUC1)
DRG0VMKDY,MuDS6-DM1,Investigative,Anti-CA6 mAb muDS6,TAR0BWSFH,Mucin-1 (MUC1),PAY0JCIBW,Mertansine DM1,PAY0JCIBW,Microtubule (MT),microtubule-disrupting,N-succinimidyl 4-(2-pyridyldithio) pentanoate (SPP),Caov-4 cells,High grade ovarian serous adenocarcinoma,30,0,1,0,ADCC003811,https://adcdb.idrblab.net/data/adc/details/DRG0VMKDY,Caov-4 cells || Mucin-1 (MUC1)
DRG0VMKDY,MuDS6-DM1,Investigative,Anti-CA6 mAb muDS6,TAR0BWSFH,Mucin-1 (MUC1),PAY0JCIBW,Mertansine DM1,PAY0JCIBW,Microtubule (MT),microtubule-disrupting,N-succinimidyl 4-(2-pyridyldithio) pentanoate (SPP),HPAC cells,Pancreatic adenocarcinoma,1.8,1,2,0,ADCC003799;ADCC003813,https://adcdb.idrblab.net/data/adc/details/DRG0VMKDY,HPAC cells || Mucin-1 (MUC1)
DRG0VMKDY,MuDS6-DM1,Investigative,Anti-CA6 mAb muDS6,TAR0BWSFH,Mucin-1 (MUC1),PAY0JCIBW,Mertansine DM1,PAY0JCIBW,Microtubule (MT),microtubule-disrupting,N-succinimidyl 4-(2-pyridyldithio) pentanoate (SPP),HPAF-II cells,Pancreatic ductal adenocarcinoma,10,1,1,0,ADCC003814,https://adcdb.idrblab.net/data/adc/details/DRG0VMKDY,HPAF-II cells || Mucin-1 (MUC1)
DRG0VMKDY,MuDS6-DM1,Investigative,Anti-CA6 mAb muDS6,TAR0BWSFH,Mucin-1 (MUC1),PAY0JCIBW,Mertansine DM1,PAY0JCIBW,Microtubule (MT),microtubule-disrupting,N-succinimidyl 4-(2-pyridyldithio) pentanoate (SPP),HeLa cells,Endocervical adenocarcinoma,1.8,1,2,1,ADCC003798;ADCC003812,https://adcdb.idrblab.net/data/adc/details/DRG0VMKDY,HeLa cells || Mucin-1 (MUC1)
DRG0VMKDY,MuDS6-DM1,Investigative,Anti-CA6 mAb muDS6,TAR0BWSFH,Mucin-1 (MUC1),PAY0JCIBW,Mertansine DM1,PAY0JCIBW,Microtubule (MT),microtubule-disrupting,N-succinimidyl 4-(2-pyridyldithio) pentanoate (SPP),Hs 766T cells,Pancreatic adenocarcinoma,32,0,1,0,ADCC003815,https://adcdb.idrblab.net/data/adc/details/DRG0VMKDY,Hs 766T cells || Mucin-1 (MUC1)
DRG0VMKDY,MuDS6-DM1,Investigative,Anti-CA6 mAb muDS6,TAR0BWSFH,Mucin-1 (MUC1),PAY0JCIBW,Mertansine DM1,PAY0JCIBW,Microtubule (MT),microtubule-disrupting,N-succinimidyl 4-(2-pyridyldithio) pentanoate (SPP),KB cells,Human papillomavirus-related endocervical adenocarcinoma,1.4,1,2,0,ADCC003802;ADCC003816,https://adcdb.idrblab.net/data/adc/details/DRG0VMKDY,KB cells || Mucin-1 (MUC1)
DRG0VMKDY,MuDS6-DM1,Investigative,Anti-CA6 mAb muDS6,TAR0BWSFH,Mucin-1 (MUC1),PAY0JCIBW,Mertansine DM1,PAY0JCIBW,Microtubule (MT),microtubule-disrupting,N-succinimidyl 4-(2-pyridyldithio) pentanoate (SPP),OVCAR-5 cells,Ovarian serous adenocarcinoma,846,0,1,0,ADCC003817,https://adcdb.idrblab.net/data/adc/details/DRG0VMKDY,OVCAR-5 cells || Mucin-1 (MUC1)
DRG0VMKDY,MuDS6-DM1,Investigative,Anti-CA6 mAb muDS6,TAR0BWSFH,Mucin-1 (MUC1),PAY0JCIBW,Mertansine DM1,PAY0JCIBW,Microtubule (MT),microtubule-disrupting,N-succinimidyl 4-(2-pyridyldithio) pentanoate (SPP),T-47D cells,Invasive breast carcinoma,30,0,1,0,ADCC003818,https://adcdb.idrblab.net/data/adc/details/DRG0VMKDY,T-47D cells || Mucin-1 (MUC1)
DRG0VMKDY,MuDS6-DM1,Investigative,Anti-CA6 mAb muDS6,TAR0BWSFH,Mucin-1 (MUC1),PAY0JCIBW,Mertansine DM1,PAY0JCIBW,Microtubule (MT),microtubule-disrupting,N-succinimidyl 4-(2-pyridyldithio) pentanoate (SPP),TOV-21G cells,Ovarian clear cell adenocarcinoma,2,1,2,0,ADCC003805;ADCC003819,https://adcdb.idrblab.net/data/adc/details/DRG0VMKDY,TOV-21G cells || Mucin-1 (MUC1)
DRG0VMKDY,MuDS6-DM1,Investigative,Anti-CA6 mAb muDS6,TAR0BWSFH,Mucin-1 (MUC1),PAY0JCIBW,Mertansine DM1,PAY0JCIBW,Microtubule (MT),microtubule-disrupting,N-succinimidyl 4-(2-pyridyldithio) pentanoate (SPP),WISH cells,Endocervical adenocarcinoma,0.46,1,2,0,ADCC003806;ADCC003820,https://adcdb.idrblab.net/data/adc/details/DRG0VMKDY,WISH cells || Mucin-1 (MUC1)
DRG0VMKDY,MuDS6-DM1,Investigative,Anti-CA6 mAb muDS6,TAR0BWSFH,Mucin-1 (MUC1),PAY0JCIBW,Mertansine DM1,PAY0JCIBW,Microtubule (MT),microtubule-disrupting,N-succinimidyl 4-(2-pyridyldithio) pentanoate (SPP),ZR-75-1 cells,Invasive breast carcinoma,0.45,1,1,0,ADCC003821,https://adcdb.idrblab.net/data/adc/details/DRG0VMKDY,ZR-75-1 cells || Mucin-1 (MUC1)
DRG0HZNEP,Tmab-SPP-DM1,Investigative,Trastuzumab,TAR0THKZD,Receptor tyrosine-protein kinase erbB-2 (HER2),PAY0JCIBW,Mertansine DM1,PAY0JCIBW,Microtubule (MT),microtubule-disrupting,N-succinimidyl 4-(2-pyridyldithio) pentanoate (SPP),BT-474 cells,Invasive breast carcinoma,4.26,1,1,0,ADCC002211,https://adcdb.idrblab.net/data/adc/details/DRG0HZNEP,BT-474 cells || Receptor tyrosine-protein kinase erbB-2 (HER2)
DRG0HZNEP,Tmab-SPP-DM1,Investigative,Trastuzumab,TAR0THKZD,Receptor tyrosine-protein kinase erbB-2 (HER2),PAY0JCIBW,Mertansine DM1,PAY0JCIBW,Microtubule (MT),microtubule-disrupting,N-succinimidyl 4-(2-pyridyldithio) pentanoate (SPP),MCF-7 cells,Invasive breast carcinoma,100,0,1,0,ADCC002212,https://adcdb.idrblab.net/data/adc/details/DRG0HZNEP,MCF-7 cells || Receptor tyrosine-protein kinase erbB-2 (HER2)
DRG0PZEQO,T-DM1-2.6,Investigative,Trastuzumab,TAR0THKZD,Receptor tyrosine-protein kinase erbB-2 (HER2),PAY0JCIBW,Mertansine DM1,PAY0JCIBW,Microtubule (MT),microtubule-disrupting,Succinimidyl-4-(N-maleimidomethyl)cyclohexane-1-carboxylate (SMCC),MDA-MB-231 cells,Breast adenocarcinoma,66,0,1,0,ADCC006886,https://adcdb.idrblab.net/data/adc/details/DRG0PZEQO,MDA-MB-231 cells || Receptor tyrosine-protein kinase erbB-2 (HER2)
DRG0HZNEP,Tmab-SPP-DM1,Investigative,Trastuzumab,TAR0THKZD,Receptor tyrosine-protein kinase erbB-2 (HER2),PAY0JCIBW,Mertansine DM1,PAY0JCIBW,Microtubule (MT),microtubule-disrupting,N-succinimidyl 4-(2-pyridyldithio) pentanoate (SPP),MDA-MB-468 cells,Breast adenocarcinoma,41.37,0,1,0,ADCC002213,https://adcdb.idrblab.net/data/adc/details/DRG0HZNEP,MDA-MB-468 cells || Receptor tyrosine-protein kinase erbB-2 (HER2)
DRG0PZEQO,T-DM1-2.6,Investigative,Trastuzumab,TAR0THKZD,Receptor tyrosine-protein kinase erbB-2 (HER2),PAY0JCIBW,Mertansine DM1,PAY0JCIBW,Microtubule (MT),microtubule-disrupting,Succinimidyl-4-(N-maleimidomethyl)cyclohexane-1-carboxylate (SMCC),NCI-N87 cells,Gastric tubular adenocarcinoma,1.05,1,1,0,ADCC006840,https://adcdb.idrblab.net/data/adc/details/DRG0PZEQO,NCI-N87 cells || Receptor tyrosine-protein kinase erbB-2 (HER2)
DRG0HZNEP,Tmab-SPP-DM1,Investigative,Trastuzumab,TAR0THKZD,Receptor tyrosine-protein kinase erbB-2 (HER2),PAY0JCIBW,Mertansine DM1,PAY0JCIBW,Microtubule (MT),microtubule-disrupting,N-succinimidyl 4-(2-pyridyldithio) pentanoate (SPP),SK-BR-3 cells,Breast adenocarcinoma,0.22,1,1,0,ADCC002210,https://adcdb.idrblab.net/data/adc/details/DRG0HZNEP,SK-BR-3 cells || Receptor tyrosine-protein kinase erbB-2 (HER2)
DRG0PZEQO,T-DM1-2.6,Investigative,Trastuzumab,TAR0THKZD,Receptor tyrosine-protein kinase erbB-2 (HER2),PAY0JCIBW,Mertansine DM1,PAY0JCIBW,Microtubule (MT),microtubule-disrupting,Succinimidyl-4-(N-maleimidomethyl)cyclohexane-1-carboxylate (SMCC),SK-BR-3 cells,Breast adenocarcinoma,0.04,1,1,0,ADCC006794,https://adcdb.idrblab.net/data/adc/details/DRG0PZEQO,SK-BR-3 cells || Receptor tyrosine-protein kinase erbB-2 (HER2)
DRG0JTAOC,NBT062-SMCC-DM1,Investigative,Indatuximab,TAR0SERWS,Syndecan-1 (SDC1),PAY0JCIBW,Mertansine DM1,PAY0JCIBW,Microtubule (MT),microtubule-disrupting,Succinimidyl-4-(N-maleimidomethyl)cyclohexane-1-carboxylate (SMCC),BJAB cells,Burkitt lymphoma,100,0,1,0,ADCC003887,https://adcdb.idrblab.net/data/adc/details/DRG0JTAOC,BJAB cells || Syndecan-1 (SDC1)
DRG0LPINW,NBT062-SPP-DM1,Investigative,Indatuximab,TAR0SERWS,Syndecan-1 (SDC1),PAY0JCIBW,Mertansine DM1,PAY0JCIBW,Microtubule (MT),microtubule-disrupting,N-succinimidyl 4-(2-pyridyldithio) pentanoate (SPP),BJAB cells,Burkitt lymphoma,100,0,1,0,ADCC003886,https://adcdb.idrblab.net/data/adc/details/DRG0LPINW,BJAB cells || Syndecan-1 (SDC1)
DRG0JTAOC,NBT062-SMCC-DM1,Investigative,Indatuximab,TAR0SERWS,Syndecan-1 (SDC1),PAY0JCIBW,Mertansine DM1,PAY0JCIBW,Microtubule (MT),microtubule-disrupting,Succinimidyl-4-(N-maleimidomethyl)cyclohexane-1-carboxylate (SMCC),MOLP-8 cells,Plasma cell myeloma,0.1,1,1,0,ADCC003884,https://adcdb.idrblab.net/data/adc/details/DRG0JTAOC,MOLP-8 cells || Syndecan-1 (SDC1)
DRG0LPINW,NBT062-SPP-DM1,Investigative,Indatuximab,TAR0SERWS,Syndecan-1 (SDC1),PAY0JCIBW,Mertansine DM1,PAY0JCIBW,Microtubule (MT),microtubule-disrupting,N-succinimidyl 4-(2-pyridyldithio) pentanoate (SPP),MOLP-8 cells,Plasma cell myeloma,1,1,1,0,ADCC003883,https://adcdb.idrblab.net/data/adc/details/DRG0LPINW,MOLP-8 cells || Syndecan-1 (SDC1)
DRG0ATULB,Laprituximab emtansine,Phase 1 (discontinued),Laprituximab,TAR0UYFIF,Epidermal growth factor receptor (EGFR),PAY0VZVPQ,DM1,PAY0VZVPQ,Microtubule (MT),microtubule-disrupting,Succinimidyl-4-(N-maleimidomethyl)cyclohexane-1-carboxylate (SMCC),HNSCC cells,Head and neck squamous cell carcinoma,0.25,1,1,0,ADCC002015,https://adcdb.idrblab.net/data/adc/details/DRG0ATULB,HNSCC cells || Epidermal growth factor receptor (EGFR)
DRG0LQZSE,Naratuximab emtansine,Phase 2 (discontinued),Naratuximab,TAR0DPWRE,Leukocyte antigen CD37 (CD37),PAY0VZVPQ,DM1,PAY0VZVPQ,Microtubule (MT),microtubule-disrupting,Succinimidyl-4-(N-maleimidomethyl)cyclohexane-1-carboxylate (SMCC),BJAB cells,Burkitt lymphoma,0.1,1,1,0,ADCC000765,https://adcdb.idrblab.net/data/adc/details/DRG0LQZSE,BJAB cells || Leukocyte antigen CD37 (CD37)
DRG0LQZSE,Naratuximab emtansine,Phase 2 (discontinued),Naratuximab,TAR0DPWRE,Leukocyte antigen CD37 (CD37),PAY0VZVPQ,DM1,PAY0VZVPQ,Microtubule (MT),microtubule-disrupting,Succinimidyl-4-(N-maleimidomethyl)cyclohexane-1-carboxylate (SMCC),DoHH2 cells,Diffuse large B-cell lymphoma germinal center B-cell type,0.1,1,1,0,ADCC000767,https://adcdb.idrblab.net/data/adc/details/DRG0LQZSE,DoHH2 cells || Leukocyte antigen CD37 (CD37)
DRG0LQZSE,Naratuximab emtansine,Phase 2 (discontinued),Naratuximab,TAR0DPWRE,Leukocyte antigen CD37 (CD37),PAY0VZVPQ,DM1,PAY0VZVPQ,Microtubule (MT),microtubule-disrupting,Succinimidyl-4-(N-maleimidomethyl)cyclohexane-1-carboxylate (SMCC),Farage cells,Diffuse large B-cell lymphoma,0.1,1,1,0,ADCC000766,https://adcdb.idrblab.net/data/adc/details/DRG0LQZSE,Farage cells || Leukocyte antigen CD37 (CD37)
DRG0LQZSE,Naratuximab emtansine,Phase 2 (discontinued),Naratuximab,TAR0DPWRE,Leukocyte antigen CD37 (CD37),PAY0VZVPQ,DM1,PAY0VZVPQ,Microtubule (MT),microtubule-disrupting,Succinimidyl-4-(N-maleimidomethyl)cyclohexane-1-carboxylate (SMCC),Granta-519 cells,Mantle cell lymphoma,0.1,1,1,0,ADCC000768,https://adcdb.idrblab.net/data/adc/details/DRG0LQZSE,Granta-519 cells || Leukocyte antigen CD37 (CD37)
DRG0LQZSE,Naratuximab emtansine,Phase 2 (discontinued),Naratuximab,TAR0DPWRE,Leukocyte antigen CD37 (CD37),PAY0VZVPQ,DM1,PAY0VZVPQ,Microtubule (MT),microtubule-disrupting,Succinimidyl-4-(N-maleimidomethyl)cyclohexane-1-carboxylate (SMCC),JVM-2 cells,Mantle cell lymphoma,1,1,1,0,ADCC000769,https://adcdb.idrblab.net/data/adc/details/DRG0LQZSE,JVM-2 cells || Leukocyte antigen CD37 (CD37)
DRG0CYMEB,Trastuzumab emtansine,Approved in 2013,Trastuzumab,TAR0THKZD,Receptor tyrosine-protein kinase erbB-2 (HER2),PAY0VZVPQ,DM1,PAY0VZVPQ,Microtubule (MT),microtubule-disrupting,Succinimidyl-4-(N-maleimidomethyl)cyclohexane-1-carboxylate (SMCC),BT-474 cells,Invasive breast carcinoma,2.71,1,2,0,ADCC002186;ADCC006708,https://adcdb.idrblab.net/data/adc/details/DRG0CYMEB,BT-474 cells || Receptor tyrosine-protein kinase erbB-2 (HER2)
DRG0CYMEB,Trastuzumab emtansine,Approved in 2013,Trastuzumab,TAR0THKZD,Receptor tyrosine-protein kinase erbB-2 (HER2),PAY0VZVPQ,DM1,PAY0VZVPQ,Microtubule (MT),microtubule-disrupting,Succinimidyl-4-(N-maleimidomethyl)cyclohexane-1-carboxylate (SMCC),HCC827 cells,Lung adenocarcinoma,317,0,1,0,ADCC006732,https://adcdb.idrblab.net/data/adc/details/DRG0CYMEB,HCC827 cells || Receptor tyrosine-protein kinase erbB-2 (HER2)
DRG0CYMEB,Trastuzumab emtansine,Approved in 2013,Trastuzumab,TAR0THKZD,Receptor tyrosine-protein kinase erbB-2 (HER2),PAY0VZVPQ,DM1,PAY0VZVPQ,Microtubule (MT),microtubule-disrupting,Succinimidyl-4-(N-maleimidomethyl)cyclohexane-1-carboxylate (SMCC),JIMT-1 cells,Breast ductal carcinoma,1.76,1,1,0,ADCC003250,https://adcdb.idrblab.net/data/adc/details/DRG0CYMEB,JIMT-1 cells || Receptor tyrosine-protein kinase erbB-2 (HER2)
DRG0CYMEB,Trastuzumab emtansine,Approved in 2013,Trastuzumab,TAR0THKZD,Receptor tyrosine-protein kinase erbB-2 (HER2),PAY0VZVPQ,DM1,PAY0VZVPQ,Microtubule (MT),microtubule-disrupting,Succinimidyl-4-(N-maleimidomethyl)cyclohexane-1-carboxylate (SMCC),MCF-7 cells,Invasive breast carcinoma,50,0,3,0,ADCC003251;ADCC002187;ADCC006733,https://adcdb.idrblab.net/data/adc/details/DRG0CYMEB,MCF-7 cells || Receptor tyrosine-protein kinase erbB-2 (HER2)
DRG0CYMEB,Trastuzumab emtansine,Approved in 2013,Trastuzumab,TAR0THKZD,Receptor tyrosine-protein kinase erbB-2 (HER2),PAY0VZVPQ,DM1,PAY0VZVPQ,Microtubule (MT),microtubule-disrupting,Succinimidyl-4-(N-maleimidomethyl)cyclohexane-1-carboxylate (SMCC),MDA-MB-468 cells,Breast adenocarcinoma,18.37,0,2,0,ADCC002188;ADCC006734,https://adcdb.idrblab.net/data/adc/details/DRG0CYMEB,MDA-MB-468 cells || Receptor tyrosine-protein kinase erbB-2 (HER2)
DRG0CYMEB,Trastuzumab emtansine,Approved in 2013,Trastuzumab,TAR0THKZD,Receptor tyrosine-protein kinase erbB-2 (HER2),PAY0VZVPQ,DM1,PAY0VZVPQ,Microtubule (MT),microtubule-disrupting,Succinimidyl-4-(N-maleimidomethyl)cyclohexane-1-carboxylate (SMCC),NCI-N87 cells,Gastric tubular adenocarcinoma,0.26,1,2,0,ADCC003248;ADCC006706,https://adcdb.idrblab.net/data/adc/details/DRG0CYMEB,NCI-N87 cells || Receptor tyrosine-protein kinase erbB-2 (HER2)
DRG0CYMEB,Trastuzumab emtansine,Approved in 2013,Trastuzumab,TAR0THKZD,Receptor tyrosine-protein kinase erbB-2 (HER2),PAY0VZVPQ,DM1,PAY0VZVPQ,Microtubule (MT),microtubule-disrupting,Succinimidyl-4-(N-maleimidomethyl)cyclohexane-1-carboxylate (SMCC),SK-BR-3 cells,Breast adenocarcinoma,0.04,1,4,0,ADCC003247;ADCC006707;ADCC002185;ADCC006731,https://adcdb.idrblab.net/data/adc/details/DRG0CYMEB,SK-BR-3 cells || Receptor tyrosine-protein kinase erbB-2 (HER2)
DRG0CYMEB,Trastuzumab emtansine,Approved in 2013,Trastuzumab,TAR0THKZD,Receptor tyrosine-protein kinase erbB-2 (HER2),PAY0VZVPQ,DM1,PAY0VZVPQ,Microtubule (MT),microtubule-disrupting,Succinimidyl-4-(N-maleimidomethyl)cyclohexane-1-carboxylate (SMCC),SK-OV-3 cells,Ovarian serous cystadenocarcinoma,0.14,1,1,0,ADCC003249,https://adcdb.idrblab.net/data/adc/details/DRG0CYMEB,SK-OV-3 cells || Receptor tyrosine-protein kinase erbB-2 (HER2)
