path,relative_path,top_level,suffix,bytes,sha256,note
data/raw/adcdb_idrblab/adc_details/DRG0AAUKK.html,adcdb_idrblab/adc_details/DRG0AAUKK.html,adcdb_idrblab,.html,31393,4e6c01fc0e74f4878b8104e5166fe0b0a0f5de16d97754a371f8ad3444ee10a6,Official ADCdb ADC detail HTML with component metadata and cell-line activity rows.
data/raw/adcdb_idrblab/adc_details/DRG0ABJAM.html,adcdb_idrblab/adc_details/DRG0ABJAM.html,adcdb_idrblab,.html,32627,8d129629fded8cfe226874c0fafa75bde20b849d0d7d431d45f8109cb40aff83,Official ADCdb ADC detail HTML with component metadata and cell-line activity rows.
data/raw/adcdb_idrblab/adc_details/DRG0AFXBF.html,adcdb_idrblab/adc_details/DRG0AFXBF.html,adcdb_idrblab,.html,38686,97d76b848f8432d1784611d07ab886c9a88731b2d9dabf80eedac98773a9bb25,Official ADCdb ADC detail HTML with component metadata and cell-line activity rows.
data/raw/adcdb_idrblab/adc_details/DRG0AICGX.html,adcdb_idrblab/adc_details/DRG0AICGX.html,adcdb_idrblab,.html,32613,a60b6e85a645d3fbc5bb04f57ec1e0bd5063c322f31ade7191b7a503dc998832,Official ADCdb ADC detail HTML with component metadata and cell-line activity rows.
data/raw/adcdb_idrblab/adc_details/DRG0AJQLB.html,adcdb_idrblab/adc_details/DRG0AJQLB.html,adcdb_idrblab,.html,32702,8401447ff79f56f4e4b8d7269957cf6506a877fed5a973a968879ecbc92221df,Official ADCdb ADC detail HTML with component metadata and cell-line activity rows.
data/raw/adcdb_idrblab/adc_details/DRG0AKFYV.html,adcdb_idrblab/adc_details/DRG0AKFYV.html,adcdb_idrblab,.html,114635,67c0c9d01ea9287c8d81b432ad1650125f2e6cc8823046c605f6758618a5af6d,Official ADCdb ADC detail HTML with component metadata and cell-line activity rows.
data/raw/adcdb_idrblab/adc_details/DRG0AKKJG.html,adcdb_idrblab/adc_details/DRG0AKKJG.html,adcdb_idrblab,.html,31269,a2255e55f1ee98f292e851b46e2cd85b1786a046528e0a33da671d7cf21648e9,Official ADCdb ADC detail HTML with component metadata and cell-line activity rows.
data/raw/adcdb_idrblab/adc_details/DRG0APAGQ.html,adcdb_idrblab/adc_details/DRG0APAGQ.html,adcdb_idrblab,.html,31263,20ce120f44fdbea6b372015980c52c82a6c9fc23cc5529797e6a5860006ed5db,Official ADCdb ADC detail HTML with component metadata and cell-line activity rows.
data/raw/adcdb_idrblab/adc_details/DRG0APLYI.html,adcdb_idrblab/adc_details/DRG0APLYI.html,adcdb_idrblab,.html,31236,71b07bfcf703ce57cfcbcda753a1c0bbddd9ebd7c981016dddf92370589d48f1,Official ADCdb ADC detail HTML with component metadata and cell-line activity rows.
data/raw/adcdb_idrblab/adc_details/DRG0ARZKN.html,adcdb_idrblab/adc_details/DRG0ARZKN.html,adcdb_idrblab,.html,31587,8ed2950d2a3e20b514351f1ab32110d64b23be69d98298d9f6fd5ddc6f15f85f,Official ADCdb ADC detail HTML with component metadata and cell-line activity rows.
data/raw/adcdb_idrblab/adc_details/DRG0ATULB.html,adcdb_idrblab/adc_details/DRG0ATULB.html,adcdb_idrblab,.html,66309,a2dac84fbaa46b0109465bb094bbafe1d0bc014e6eea0ee721546ef3ab9e05db,Official ADCdb ADC detail HTML with component metadata and cell-line activity rows.
data/raw/adcdb_idrblab/adc_details/DRG0AVDEL.html,adcdb_idrblab/adc_details/DRG0AVDEL.html,adcdb_idrblab,.html,46365,201aa55d663d8c9d6119f70142761dbfaaae9a8e0b2712ea067c8e975661f2c0,Official ADCdb ADC detail HTML with component metadata and cell-line activity rows.
data/raw/adcdb_idrblab/adc_details/DRG0AWQJG.html,adcdb_idrblab/adc_details/DRG0AWQJG.html,adcdb_idrblab,.html,140903,2f638f7ceca2fbc116ba86f918cbe62d8e727c127ff5c165ecee28466d65c126,Official ADCdb ADC detail HTML with component metadata and cell-line activity rows.
data/raw/adcdb_idrblab/adc_details/DRG0AWUIJ.html,adcdb_idrblab/adc_details/DRG0AWUIJ.html,adcdb_idrblab,.html,27736,f1673c0a3d34ce0ddc12a0822dffbb227cf4f1efbc371cf03f749ddf4787beff,Official ADCdb ADC detail HTML with component metadata and cell-line activity rows.
data/raw/adcdb_idrblab/adc_details/DRG0AWYBA.html,adcdb_idrblab/adc_details/DRG0AWYBA.html,adcdb_idrblab,.html,44537,b1b423fd2ab01ad00df9998f69bfeb873b78699a53bf8ff230a539a89d9a8d40,Official ADCdb ADC detail HTML with component metadata and cell-line activity rows.
data/raw/adcdb_idrblab/adc_details/DRG0AZMWI.html,adcdb_idrblab/adc_details/DRG0AZMWI.html,adcdb_idrblab,.html,31556,03e246f38b7e1134f34d0005a3a95fb39619eb8bc478d8614420f91c2cd0b39e,Official ADCdb ADC detail HTML with component metadata and cell-line activity rows.
data/raw/adcdb_idrblab/adc_details/DRG0AZRNL.html,adcdb_idrblab/adc_details/DRG0AZRNL.html,adcdb_idrblab,.html,50448,4dad47f77269c4afcd5a4e43c1cafb9a6744a8cc2587d4415fde3162b3b104d5,Official ADCdb ADC detail HTML with component metadata and cell-line activity rows.
data/raw/adcdb_idrblab/adc_details/DRG0BBHGW.html,adcdb_idrblab/adc_details/DRG0BBHGW.html,adcdb_idrblab,.html,27736,11b137079ea91955e28a04cef801d2055592e446966370ab07517fc741249675,Official ADCdb ADC detail HTML with component metadata and cell-line activity rows.
data/raw/adcdb_idrblab/adc_details/DRG0BBQSE.html,adcdb_idrblab/adc_details/DRG0BBQSE.html,adcdb_idrblab,.html,217078,2ca3e7c91f931b7dab17b4168019629f7eb13b7fb29cd966ae6679ac6bc91083,Official ADCdb ADC detail HTML with component metadata and cell-line activity rows.
data/raw/adcdb_idrblab/adc_details/DRG0BBRJG.html,adcdb_idrblab/adc_details/DRG0BBRJG.html,adcdb_idrblab,.html,53900,f6e9de6a94cc76a0deb66f21148041ef217c96926284da57f4eaacdad5eaaa1a,Official ADCdb ADC detail HTML with component metadata and cell-line activity rows.
data/raw/adcdb_idrblab/adc_details/DRG0BBYHA.html,adcdb_idrblab/adc_details/DRG0BBYHA.html,adcdb_idrblab,.html,110425,a6bb0a12c77fffef790d64d8facb9d1ba6728633fa68019e5be9168c580753b3,Official ADCdb ADC detail HTML with component metadata and cell-line activity rows.
data/raw/adcdb_idrblab/adc_details/DRG0BDZMF.html,adcdb_idrblab/adc_details/DRG0BDZMF.html,adcdb_idrblab,.html,31266,140b726205d0ddb107f6ee146f18897f0cf76b9de9ad0f0c2cd828f3722f66a8,Official ADCdb ADC detail HTML with component metadata and cell-line activity rows.
data/raw/adcdb_idrblab/adc_details/DRG0BFNMH.html,adcdb_idrblab/adc_details/DRG0BFNMH.html,adcdb_idrblab,.html,73989,da8596b0c70513e91ff3ef8e8258f1f01d28064658a2912e7afba10f986791b9,Official ADCdb ADC detail HTML with component metadata and cell-line activity rows.
data/raw/adcdb_idrblab/adc_details/DRG0BIVOI.html,adcdb_idrblab/adc_details/DRG0BIVOI.html,adcdb_idrblab,.html,144236,67b7a67e670d2d568eab4e9475f4a03e90600f49551e0e7c52fab8c9f24e2ab0,Official ADCdb ADC detail HTML with component metadata and cell-line activity rows.
data/raw/adcdb_idrblab/adc_details/DRG0BOEGK.html,adcdb_idrblab/adc_details/DRG0BOEGK.html,adcdb_idrblab,.html,31312,55ca3d7e8b2317c72197d57097758ba3c4c94fb4e891c156f9ff87db4c11ba4e,Official ADCdb ADC detail HTML with component metadata and cell-line activity rows.
data/raw/adcdb_idrblab/adc_details/DRG0BQBRZ.html,adcdb_idrblab/adc_details/DRG0BQBRZ.html,adcdb_idrblab,.html,37541,51cf62a7484a3f0e48459e681d78e73243ab041be96a74ddde0f47f17f3d84cf,Official ADCdb ADC detail HTML with component metadata and cell-line activity rows.
data/raw/adcdb_idrblab/adc_details/DRG0BREQP.html,adcdb_idrblab/adc_details/DRG0BREQP.html,adcdb_idrblab,.html,31230,9a672e4ccb99c85d5b1335931bc63423029af0f819664e5b2901030afd8beb03,Official ADCdb ADC detail HTML with component metadata and cell-line activity rows.
data/raw/adcdb_idrblab/adc_details/DRG0BRWYZ.html,adcdb_idrblab/adc_details/DRG0BRWYZ.html,adcdb_idrblab,.html,38481,bd78a01901ef90280a9aa5e388dac04cd5234d51fd042c2d88023c04cbdc834c,Official ADCdb ADC detail HTML with component metadata and cell-line activity rows.
data/raw/adcdb_idrblab/adc_details/DRG0BRYIM.html,adcdb_idrblab/adc_details/DRG0BRYIM.html,adcdb_idrblab,.html,31268,cdf89d137d7bae4fb57382acb3d667f64b3f6261257cc9fb2fb3e80b656c807d,Official ADCdb ADC detail HTML with component metadata and cell-line activity rows.
data/raw/adcdb_idrblab/adc_details/DRG0BSQPI.html,adcdb_idrblab/adc_details/DRG0BSQPI.html,adcdb_idrblab,.html,339288,a88cd1557f1d7479d1c821e7ce8ad41f083e4af0f120e304c27af9b13efa7465,Official ADCdb ADC detail HTML with component metadata and cell-line activity rows.
data/raw/adcdb_idrblab/adc_details/DRG0BTGYC.html,adcdb_idrblab/adc_details/DRG0BTGYC.html,adcdb_idrblab,.html,41721,f595cf9b0b83c89a560fed6e86ce10d6a17b93174aafc10e9a38b0888cfd1e0b,Official ADCdb ADC detail HTML with component metadata and cell-line activity rows.
data/raw/adcdb_idrblab/adc_details/DRG0BUAWG.html,adcdb_idrblab/adc_details/DRG0BUAWG.html,adcdb_idrblab,.html,57904,1b0ef1547d5a712a20a3f4163f0b475550bb3ea0c6c0aa398f96822c001b9a7b,Official ADCdb ADC detail HTML with component metadata and cell-line activity rows.
data/raw/adcdb_idrblab/adc_details/DRG0BVXGD.html,adcdb_idrblab/adc_details/DRG0BVXGD.html,adcdb_idrblab,.html,37993,4c8a6a25b9114cb4d972a4b1551dcfd4783308e16ce495d7e83c87c9d6b92888,Official ADCdb ADC detail HTML with component metadata and cell-line activity rows.
data/raw/adcdb_idrblab/adc_details/DRG0BWNUI.html,adcdb_idrblab/adc_details/DRG0BWNUI.html,adcdb_idrblab,.html,68207,d8063e9a294193d16cc88f9d14a688e606f8b4ba07af8e040b44e58381514ea6,Official ADCdb ADC detail HTML with component metadata and cell-line activity rows.
data/raw/adcdb_idrblab/adc_details/DRG0BXRDQ.html,adcdb_idrblab/adc_details/DRG0BXRDQ.html,adcdb_idrblab,.html,67418,ac21232e1001121e7e0aff82768336d164238f43a415cd1f99eb77faf6979633,Official ADCdb ADC detail HTML with component metadata and cell-line activity rows.
data/raw/adcdb_idrblab/adc_details/DRG0BZNZA.html,adcdb_idrblab/adc_details/DRG0BZNZA.html,adcdb_idrblab,.html,45763,159b54651057af18be68e375034c61a457523f76767d1bc5bfa3d9e447ef0bc9,Official ADCdb ADC detail HTML with component metadata and cell-line activity rows.
data/raw/adcdb_idrblab/adc_details/DRG0CCFSC.html,adcdb_idrblab/adc_details/DRG0CCFSC.html,adcdb_idrblab,.html,32515,cd48f9ddb866fcd483e278c8b96db4f3a31581f33a84768a775367aee3f10cec,Official ADCdb ADC detail HTML with component metadata and cell-line activity rows.
data/raw/adcdb_idrblab/adc_details/DRG0CDKOV.html,adcdb_idrblab/adc_details/DRG0CDKOV.html,adcdb_idrblab,.html,31268,f00d32df7cb47752c73cc41f1856b1c6ecffdb1500911300e061eeeef2255832,Official ADCdb ADC detail HTML with component metadata and cell-line activity rows.
data/raw/adcdb_idrblab/adc_details/DRG0CECRA.html,adcdb_idrblab/adc_details/DRG0CECRA.html,adcdb_idrblab,.html,459250,84fcecabbc7134a93aec864c11380d737ca3262e836a4a4dd7f02d73a936b766,Official ADCdb ADC detail HTML with component metadata and cell-line activity rows.
data/raw/adcdb_idrblab/adc_details/DRG0CGKQT.html,adcdb_idrblab/adc_details/DRG0CGKQT.html,adcdb_idrblab,.html,37541,123e7d54b41fdf32a779654f83de8ddeab929ba3341bafba528d4e5c8bbe6550,Official ADCdb ADC detail HTML with component metadata and cell-line activity rows.
data/raw/adcdb_idrblab/adc_details/DRG0CIWNZ.html,adcdb_idrblab/adc_details/DRG0CIWNZ.html,adcdb_idrblab,.html,57992,1ff621f75c33c1407b8b3e8d8f3d2ff04b077a01bb9f7dd521355f370a6e3c85,Official ADCdb ADC detail HTML with component metadata and cell-line activity rows.
data/raw/adcdb_idrblab/adc_details/DRG0CLBRQ.html,adcdb_idrblab/adc_details/DRG0CLBRQ.html,adcdb_idrblab,.html,31569,192ec4a92d2bbaba975ceaddbd114a45ad409e2291086f72f925725ab746da68,Official ADCdb ADC detail HTML with component metadata and cell-line activity rows.
data/raw/adcdb_idrblab/adc_details/DRG0COMTY.html,adcdb_idrblab/adc_details/DRG0COMTY.html,adcdb_idrblab,.html,173947,bb2d0454dab6e5cefc8117d30384c4763f09d0dcd96630633b58a23540bc1ef1,Official ADCdb ADC detail HTML with component metadata and cell-line activity rows.
data/raw/adcdb_idrblab/adc_details/DRG0COYJA.html,adcdb_idrblab/adc_details/DRG0COYJA.html,adcdb_idrblab,.html,32533,59bb7b6830491cf22f4b5fd32f691aae51762a966b59f5be7bc86169f6a9bb64,Official ADCdb ADC detail HTML with component metadata and cell-line activity rows.
data/raw/adcdb_idrblab/adc_details/DRG0CPRDL.html,adcdb_idrblab/adc_details/DRG0CPRDL.html,adcdb_idrblab,.html,31268,2acb1bbb4071151ec555027d7de1d3e618b9b9de3b575f3e4e7a7b2a774d9708,Official ADCdb ADC detail HTML with component metadata and cell-line activity rows.
data/raw/adcdb_idrblab/adc_details/DRG0CQCIH.html,adcdb_idrblab/adc_details/DRG0CQCIH.html,adcdb_idrblab,.html,43823,f44b61c7307ba47d7526d978ad8eb920034b5d954e52b6967bfcc01c8d5fb82d,Official ADCdb ADC detail HTML with component metadata and cell-line activity rows.
data/raw/adcdb_idrblab/adc_details/DRG0CRHCH.html,adcdb_idrblab/adc_details/DRG0CRHCH.html,adcdb_idrblab,.html,52238,ec836def882cca93ad54145e1262f1e55e48d3615b015c03db1faece03cea90d,Official ADCdb ADC detail HTML with component metadata and cell-line activity rows.
data/raw/adcdb_idrblab/adc_details/DRG0CVRIW.html,adcdb_idrblab/adc_details/DRG0CVRIW.html,adcdb_idrblab,.html,42999,b43d2f995d24514dc8792e0ab2ddb258a7d45a80d403b5dd2a2aff21cc840d55,Official ADCdb ADC detail HTML with component metadata and cell-line activity rows.
data/raw/adcdb_idrblab/adc_details/DRG0CWQFB.html,adcdb_idrblab/adc_details/DRG0CWQFB.html,adcdb_idrblab,.html,32538,494ef1bf68cc8222071c76064724cdbd88946e7089015e6a6a48c648659fb76a,Official ADCdb ADC detail HTML with component metadata and cell-line activity rows.
data/raw/adcdb_idrblab/adc_details/DRG0CXFTH.html,adcdb_idrblab/adc_details/DRG0CXFTH.html,adcdb_idrblab,.html,242391,0f4c99bd91a31aa74d222b10c20d5da16c3e078880ceadea3085abac9a0a4adf,Official ADCdb ADC detail HTML with component metadata and cell-line activity rows.
data/raw/adcdb_idrblab/adc_details/DRG0CXIUK.html,adcdb_idrblab/adc_details/DRG0CXIUK.html,adcdb_idrblab,.html,44280,c3fda4eda7bf658666f0b6535b72127f92a338206ce16840f3031ab0a176e6a8,Official ADCdb ADC detail HTML with component metadata and cell-line activity rows.
data/raw/adcdb_idrblab/adc_details/DRG0CXLYV.html,adcdb_idrblab/adc_details/DRG0CXLYV.html,adcdb_idrblab,.html,32574,ef161d64bef719fcc1b2683caeb56a2728fa2c94d9bc3f4935bc1886cab69459,Official ADCdb ADC detail HTML with component metadata and cell-line activity rows.
data/raw/adcdb_idrblab/adc_details/DRG0CYMEB.html,adcdb_idrblab/adc_details/DRG0CYMEB.html,adcdb_idrblab,.html,471199,128c51b8f7779f30695a36b6f17943b4d4ad33f62db69a6f5f201b377f92f459,Official ADCdb ADC detail HTML with component metadata and cell-line activity rows.
data/raw/adcdb_idrblab/adc_details/DRG0CYYHU.html,adcdb_idrblab/adc_details/DRG0CYYHU.html,adcdb_idrblab,.html,44414,0a0d6c4044ced11f0c484b21bc06ce78c65aa183b6cecf9afa73867b31d51287,Official ADCdb ADC detail HTML with component metadata and cell-line activity rows.
data/raw/adcdb_idrblab/adc_details/DRG0CZZTF.html,adcdb_idrblab/adc_details/DRG0CZZTF.html,adcdb_idrblab,.html,41475,073384b478a7bae90b30492e5bd4ecdc17707237678d4d4850a08ef40d18bd6b,Official ADCdb ADC detail HTML with component metadata and cell-line activity rows.
data/raw/adcdb_idrblab/adc_details/DRG0DAKKB.html,adcdb_idrblab/adc_details/DRG0DAKKB.html,adcdb_idrblab,.html,325472,67aff30ffbf4bc284cd3355954b6754023ced47eace21f05ed2768d1babedc7b,Official ADCdb ADC detail HTML with component metadata and cell-line activity rows.
data/raw/adcdb_idrblab/adc_details/DRG0DBEFV.html,adcdb_idrblab/adc_details/DRG0DBEFV.html,adcdb_idrblab,.html,64126,77ad7c7e61d490f94fa8660cd9f6575f89e364e6b77f8e2738034bc8e39eb414,Official ADCdb ADC detail HTML with component metadata and cell-line activity rows.
data/raw/adcdb_idrblab/adc_details/DRG0DBPMZ.html,adcdb_idrblab/adc_details/DRG0DBPMZ.html,adcdb_idrblab,.html,51829,3039963f84c888edfcc012ced78c8d68219e0d0c1e016daa065cb6fc20888cf3,Official ADCdb ADC detail HTML with component metadata and cell-line activity rows.
data/raw/adcdb_idrblab/adc_details/DRG0DCQUW.html,adcdb_idrblab/adc_details/DRG0DCQUW.html,adcdb_idrblab,.html,49523,226c00120bb8dd18f43b87e6efc83bc01e8877fda28a01311d60d95c5339b6a1,Official ADCdb ADC detail HTML with component metadata and cell-line activity rows.
data/raw/adcdb_idrblab/adc_details/DRG0DEGEG.html,adcdb_idrblab/adc_details/DRG0DEGEG.html,adcdb_idrblab,.html,254278,effbb574217a698c9860fc039d99ebab6a999de48177c9f492b1c08caa762f77,Official ADCdb ADC detail HTML with component metadata and cell-line activity rows.
data/raw/adcdb_idrblab/adc_details/DRG0DGZOG.html,adcdb_idrblab/adc_details/DRG0DGZOG.html,adcdb_idrblab,.html,82280,12cd3cf56ff083276ca7cde3b4959f2d9578799e11ea2c814ec589fdf0d908ad,Official ADCdb ADC detail HTML with component metadata and cell-line activity rows.
data/raw/adcdb_idrblab/adc_details/DRG0DIWSF.html,adcdb_idrblab/adc_details/DRG0DIWSF.html,adcdb_idrblab,.html,71251,838a57fba9378345ecb2dd217fef017e228310331d3bfa013ce629fdc690fbf6,Official ADCdb ADC detail HTML with component metadata and cell-line activity rows.
data/raw/adcdb_idrblab/adc_details/DRG0DJFNE.html,adcdb_idrblab/adc_details/DRG0DJFNE.html,adcdb_idrblab,.html,32305,8525bd64e663b8d173173f8f5175ad3ba59f3ccf58db96f91e587a753ec073a7,Official ADCdb ADC detail HTML with component metadata and cell-line activity rows.
data/raw/adcdb_idrblab/adc_details/DRG0DKLRV.html,adcdb_idrblab/adc_details/DRG0DKLRV.html,adcdb_idrblab,.html,31599,9299eb0fb21a59efdefc5a77540b0ad541a0959d81f5a4b253b8ee52449a166f,Official ADCdb ADC detail HTML with component metadata and cell-line activity rows.
data/raw/adcdb_idrblab/adc_details/DRG0DKNMD.html,adcdb_idrblab/adc_details/DRG0DKNMD.html,adcdb_idrblab,.html,38478,d91acc97b99308729c0e2e0a7714141b0eadf5322ecb8ca1054f800417d9e60b,Official ADCdb ADC detail HTML with component metadata and cell-line activity rows.
data/raw/adcdb_idrblab/adc_details/DRG0DLBAB.html,adcdb_idrblab/adc_details/DRG0DLBAB.html,adcdb_idrblab,.html,31563,d9d9976323898e1d35f3d6a67e6e2b3747994d4f3ca51c9d2c68efc018202b07,Official ADCdb ADC detail HTML with component metadata and cell-line activity rows.
data/raw/adcdb_idrblab/adc_details/DRG0DLGFI.html,adcdb_idrblab/adc_details/DRG0DLGFI.html,adcdb_idrblab,.html,45060,d55efbe0a6a532b62335b12ae9c3ad011ee192933f05fbebd69dd2b36c2fb349,Official ADCdb ADC detail HTML with component metadata and cell-line activity rows.
data/raw/adcdb_idrblab/adc_details/DRG0DNFUC.html,adcdb_idrblab/adc_details/DRG0DNFUC.html,adcdb_idrblab,.html,44482,9328624eddb753520005cc4cbef97d1ffe43388b94592a5243b075333d32c5a4,Official ADCdb ADC detail HTML with component metadata and cell-line activity rows.
data/raw/adcdb_idrblab/adc_details/DRG0DNWSM.html,adcdb_idrblab/adc_details/DRG0DNWSM.html,adcdb_idrblab,.html,194481,9f5015e0335fbeff11bba37c98180bee4d6a3c235358ab451c5b89a0d1fb601f,Official ADCdb ADC detail HTML with component metadata and cell-line activity rows.
data/raw/adcdb_idrblab/adc_details/DRG0DRZRJ.html,adcdb_idrblab/adc_details/DRG0DRZRJ.html,adcdb_idrblab,.html,51955,39b6bca781bc7b8680f04b1c603d228f18e8ed23b320dd727808b24fb3a062b1,Official ADCdb ADC detail HTML with component metadata and cell-line activity rows.
data/raw/adcdb_idrblab/adc_details/DRG0DSCQI.html,adcdb_idrblab/adc_details/DRG0DSCQI.html,adcdb_idrblab,.html,41739,697034f2c9097a547c232b66b61a68400333785f4a22b634bc27fd986a7445e6,Official ADCdb ADC detail HTML with component metadata and cell-line activity rows.
data/raw/adcdb_idrblab/adc_details/DRG0DUYHC.html,adcdb_idrblab/adc_details/DRG0DUYHC.html,adcdb_idrblab,.html,31358,5166b53ad3a30a4b71799b1179e09789f3ab8ce3a4d24f625d103be7cd1751c3,Official ADCdb ADC detail HTML with component metadata and cell-line activity rows.
data/raw/adcdb_idrblab/adc_details/DRG0DVKOY.html,adcdb_idrblab/adc_details/DRG0DVKOY.html,adcdb_idrblab,.html,31803,50cc6f461fde6f1e42da6cc2b969c064051c1bd869e42f7d6c23b4949f4d86cf,Official ADCdb ADC detail HTML with component metadata and cell-line activity rows.
data/raw/adcdb_idrblab/adc_details/DRG0DWYOX.html,adcdb_idrblab/adc_details/DRG0DWYOX.html,adcdb_idrblab,.html,41719,b389115653cca6331c2b581ce8e2430fa3923e65e9801b80235a080b4764fa69,Official ADCdb ADC detail HTML with component metadata and cell-line activity rows.
data/raw/adcdb_idrblab/adc_details/DRG0DYMWP.html,adcdb_idrblab/adc_details/DRG0DYMWP.html,adcdb_idrblab,.html,41739,99ec7bf160aa7ff52492c325e82da011dc511dce1fc7b0b38bcde4d6b1bb9fb4,Official ADCdb ADC detail HTML with component metadata and cell-line activity rows.
data/raw/adcdb_idrblab/adc_details/DRG0DYTOF.html,adcdb_idrblab/adc_details/DRG0DYTOF.html,adcdb_idrblab,.html,31327,e4d14b68ec962a7c0f26622cc216ef55ebb20e00476009d8e9ce08ce6b8a8401,Official ADCdb ADC detail HTML with component metadata and cell-line activity rows.
data/raw/adcdb_idrblab/adc_details/DRG0EANLL.html,adcdb_idrblab/adc_details/DRG0EANLL.html,adcdb_idrblab,.html,31327,2ba6ee5398b381fe0ffdc4bac9e5953ec767ce48cbc6bb300e65c4e7da009548,Official ADCdb ADC detail HTML with component metadata and cell-line activity rows.
data/raw/adcdb_idrblab/adc_details/DRG0EBYCR.html,adcdb_idrblab/adc_details/DRG0EBYCR.html,adcdb_idrblab,.html,38274,c9e717996efc139104f4a6685c884517a9e263c0a67cb447d1e639b8783bc959,Official ADCdb ADC detail HTML with component metadata and cell-line activity rows.
data/raw/adcdb_idrblab/adc_details/DRG0EFAMN.html,adcdb_idrblab/adc_details/DRG0EFAMN.html,adcdb_idrblab,.html,42657,517ebb6793432abb03aa34a10dfb53ebdaf622a87cad6a0e181a600c478886da,Official ADCdb ADC detail HTML with component metadata and cell-line activity rows.
data/raw/adcdb_idrblab/adc_details/DRG0EFLMW.html,adcdb_idrblab/adc_details/DRG0EFLMW.html,adcdb_idrblab,.html,32537,cf4faaf9292f3cc3880144dc120112745141fb43204f79b1760db24afae20325,Official ADCdb ADC detail HTML with component metadata and cell-line activity rows.
data/raw/adcdb_idrblab/adc_details/DRG0EGHSJ.html,adcdb_idrblab/adc_details/DRG0EGHSJ.html,adcdb_idrblab,.html,31556,01780d5eca108643c096ebbe65cc0742fef6a7ffb0f1df67c267799745f6d09e,Official ADCdb ADC detail HTML with component metadata and cell-line activity rows.
data/raw/adcdb_idrblab/adc_details/DRG0EJGRP.html,adcdb_idrblab/adc_details/DRG0EJGRP.html,adcdb_idrblab,.html,46467,7a39c03df5115a00c7dd0b590ce8821a2576ee58bbac4192e5ecf36c217aef86,Official ADCdb ADC detail HTML with component metadata and cell-line activity rows.
data/raw/adcdb_idrblab/adc_details/DRG0EKTUN.html,adcdb_idrblab/adc_details/DRG0EKTUN.html,adcdb_idrblab,.html,254382,c5a97da8754747534681aea56abf50274f084f050c7641be707b98df35ce75aa,Official ADCdb ADC detail HTML with component metadata and cell-line activity rows.
data/raw/adcdb_idrblab/adc_details/DRG0ELYWP.html,adcdb_idrblab/adc_details/DRG0ELYWP.html,adcdb_idrblab,.html,403487,48c77f927e0873670eb0e46345187171d42025defe99af75e02dbec07dc9c07a,Official ADCdb ADC detail HTML with component metadata and cell-line activity rows.
data/raw/adcdb_idrblab/adc_details/DRG0ENYXZ.html,adcdb_idrblab/adc_details/DRG0ENYXZ.html,adcdb_idrblab,.html,27736,9781a30a6ff81d3fa58df2e3f20d8781f4cf74cec3094f32097c6cc63e46f357,Official ADCdb ADC detail HTML with component metadata and cell-line activity rows.
data/raw/adcdb_idrblab/adc_details/DRG0EPHMC.html,adcdb_idrblab/adc_details/DRG0EPHMC.html,adcdb_idrblab,.html,399073,88d647ea0df0321ee21fc6ce7603bfe4f0f6d1ee087744bfd3bf7baa093e7903,Official ADCdb ADC detail HTML with component metadata and cell-line activity rows.
data/raw/adcdb_idrblab/adc_details/DRG0EPORB.html,adcdb_idrblab/adc_details/DRG0EPORB.html,adcdb_idrblab,.html,108004,844e4327c1453ed51efd93427a8d49259bf4dfcd1a16891257176435c9306800,Official ADCdb ADC detail HTML with component metadata and cell-line activity rows.
data/raw/adcdb_idrblab/adc_details/DRG0ERKBH.html,adcdb_idrblab/adc_details/DRG0ERKBH.html,adcdb_idrblab,.html,443085,35cfe9c5069373109b7bd11a5e49adc3775b0a6c44132c8ca6513b2ca0c17b1d,Official ADCdb ADC detail HTML with component metadata and cell-line activity rows.
data/raw/adcdb_idrblab/adc_details/DRG0ETXYY.html,adcdb_idrblab/adc_details/DRG0ETXYY.html,adcdb_idrblab,.html,31326,f4ed3a78c72e4ea3819e18a579298ce3a21769f84f78c5bf2b056b804432096c,Official ADCdb ADC detail HTML with component metadata and cell-line activity rows.
data/raw/adcdb_idrblab/adc_details/DRG0EUFBI.html,adcdb_idrblab/adc_details/DRG0EUFBI.html,adcdb_idrblab,.html,31580,d3bdf1aef37d97c03728f48ca4aa51e4111a679e5967b28d00ea378be66cc0bf,Official ADCdb ADC detail HTML with component metadata and cell-line activity rows.
data/raw/adcdb_idrblab/adc_details/DRG0EVIRB.html,adcdb_idrblab/adc_details/DRG0EVIRB.html,adcdb_idrblab,.html,41464,4b11f75843d793cc54b2a9f9b8c07cf43c830a7363b26454eb11f3c2fe6bcc4b,Official ADCdb ADC detail HTML with component metadata and cell-line activity rows.
data/raw/adcdb_idrblab/adc_details/DRG0EWQKX.html,adcdb_idrblab/adc_details/DRG0EWQKX.html,adcdb_idrblab,.html,82775,b5068c5ea9772901ab799fe494fc9a7148b7712df94a0a7b71ddec9d1816e93b,Official ADCdb ADC detail HTML with component metadata and cell-line activity rows.
data/raw/adcdb_idrblab/adc_details/DRG0EWRAI.html,adcdb_idrblab/adc_details/DRG0EWRAI.html,adcdb_idrblab,.html,147696,749c716ca9f77370dbef0c65553ee31c3b23c62d93f0cd6f252f063d996ad1d9,Official ADCdb ADC detail HTML with component metadata and cell-line activity rows.
data/raw/adcdb_idrblab/adc_details/DRG0EXQEE.html,adcdb_idrblab/adc_details/DRG0EXQEE.html,adcdb_idrblab,.html,47640,82a8e276085beb56fdbde862765a8d106db25da4f57b641adbb39520e28a1abe,Official ADCdb ADC detail HTML with component metadata and cell-line activity rows.
data/raw/adcdb_idrblab/adc_details/DRG0EZNOG.html,adcdb_idrblab/adc_details/DRG0EZNOG.html,adcdb_idrblab,.html,42080,22966e43daa4763bd6f3b6837de2fd3cdef2b75c47822360aaa25018e23fe9b7,Official ADCdb ADC detail HTML with component metadata and cell-line activity rows.
data/raw/adcdb_idrblab/adc_details/DRG0FBKIO.html,adcdb_idrblab/adc_details/DRG0FBKIO.html,adcdb_idrblab,.html,122862,2d5537093883ed6b8206d36c307428b7922098b47763390f0e64a0b375927891,Official ADCdb ADC detail HTML with component metadata and cell-line activity rows.
data/raw/adcdb_idrblab/adc_details/DRG0FCQNM.html,adcdb_idrblab/adc_details/DRG0FCQNM.html,adcdb_idrblab,.html,55401,aae4ce53b2035e69adda5965859234733fbe21d0d9be40a04db54291bd6ff7da,Official ADCdb ADC detail HTML with component metadata and cell-line activity rows.
data/raw/adcdb_idrblab/adc_details/DRG0FFJIH.html,adcdb_idrblab/adc_details/DRG0FFJIH.html,adcdb_idrblab,.html,46504,7978a13fbe5f72a3a4b0f4a5cf60ddfb60ee27d25b7e635fbb449b44b6431c7a,Official ADCdb ADC detail HTML with component metadata and cell-line activity rows.
data/raw/adcdb_idrblab/adc_details/DRG0FJAGM.html,adcdb_idrblab/adc_details/DRG0FJAGM.html,adcdb_idrblab,.html,31266,7e6acd28c73702de86faced441f260fb06d13400f5017da3738e6529461accfb,Official ADCdb ADC detail HTML with component metadata and cell-line activity rows.
data/raw/adcdb_idrblab/adc_details/DRG0FLPWM.html,adcdb_idrblab/adc_details/DRG0FLPWM.html,adcdb_idrblab,.html,31327,7078b4542a61e05e4b868de94bcaa699ef665f66accb98fea931d3aa19f5d1c4,Official ADCdb ADC detail HTML with component metadata and cell-line activity rows.
data/raw/adcdb_idrblab/adc_details/DRG0FQFDY.html,adcdb_idrblab/adc_details/DRG0FQFDY.html,adcdb_idrblab,.html,41724,f9177fba23686c0732e3b2c45396d20fe44dcc58e6aaa1fc66a700e01a2d9a57,Official ADCdb ADC detail HTML with component metadata and cell-line activity rows.
data/raw/adcdb_idrblab/adc_details/DRG0FQLWO.html,adcdb_idrblab/adc_details/DRG0FQLWO.html,adcdb_idrblab,.html,41716,ad52f8c7c56cf88429d2193f023c712da1b9fc13c4c903f1f2e9c0bbc3d31787,Official ADCdb ADC detail HTML with component metadata and cell-line activity rows.
data/raw/adcdb_idrblab/adc_details/DRG0FRFEQ.html,adcdb_idrblab/adc_details/DRG0FRFEQ.html,adcdb_idrblab,.html,32791,2476305e85ab9868b0f4576fd8429a07b67646d2f480bd84f1c8d06030893fe9,Official ADCdb ADC detail HTML with component metadata and cell-line activity rows.
data/raw/adcdb_idrblab/adc_details/DRG0FSHFZ.html,adcdb_idrblab/adc_details/DRG0FSHFZ.html,adcdb_idrblab,.html,32336,26d81ad0e8cbaabbb1daba1ff903ada9c440e4d23fe57c5f2e304a233a477432,Official ADCdb ADC detail HTML with component metadata and cell-line activity rows.
data/raw/adcdb_idrblab/adc_details/DRG0FSHWJ.html,adcdb_idrblab/adc_details/DRG0FSHWJ.html,adcdb_idrblab,.html,178469,fec3576efa15aa79be6f850dc32b0d0b3ee9d4cef64411d368b2036084715c6d,Official ADCdb ADC detail HTML with component metadata and cell-line activity rows.
data/raw/adcdb_idrblab/adc_details/DRG0FSONA.html,adcdb_idrblab/adc_details/DRG0FSONA.html,adcdb_idrblab,.html,31266,ee3e4b80fa307d18e01c0d6edadb654e38a1d1cdd916c385e96176bdb4d3bdb8,Official ADCdb ADC detail HTML with component metadata and cell-line activity rows.
data/raw/adcdb_idrblab/adc_details/DRG0FUFBP.html,adcdb_idrblab/adc_details/DRG0FUFBP.html,adcdb_idrblab,.html,221631,e35edd2337f38743e5c51f64d2b029953cce6b2d75b6cffd0869ae43fd573b6b,Official ADCdb ADC detail HTML with component metadata and cell-line activity rows.
data/raw/adcdb_idrblab/adc_details/DRG0FXPHR.html,adcdb_idrblab/adc_details/DRG0FXPHR.html,adcdb_idrblab,.html,31324,c540ab01db6b7afe5a9a19ed6bdfffdd893982b723521ebfa64c39063b89ab9b,Official ADCdb ADC detail HTML with component metadata and cell-line activity rows.
data/raw/adcdb_idrblab/adc_details/DRG0GBRAR.html,adcdb_idrblab/adc_details/DRG0GBRAR.html,adcdb_idrblab,.html,32361,3f8eb1583ca9aa254b7bfaf7ccb403521f6911521bec6bcf61b40a67b17373c1,Official ADCdb ADC detail HTML with component metadata and cell-line activity rows.
data/raw/adcdb_idrblab/adc_details/DRG0GCLJQ.html,adcdb_idrblab/adc_details/DRG0GCLJQ.html,adcdb_idrblab,.html,60794,9611e32ba372116f3de3bb28ccc269a210e99b263354420a20b32e2d56f95699,Official ADCdb ADC detail HTML with component metadata and cell-line activity rows.
data/raw/adcdb_idrblab/adc_details/DRG0GFDUW.html,adcdb_idrblab/adc_details/DRG0GFDUW.html,adcdb_idrblab,.html,41721,f6226b9cc19625aaa233b8f1e0129bc7dea6ff2ba0db1db4484b3caecf15a84b,Official ADCdb ADC detail HTML with component metadata and cell-line activity rows.
data/raw/adcdb_idrblab/adc_details/DRG0GHEYC.html,adcdb_idrblab/adc_details/DRG0GHEYC.html,adcdb_idrblab,.html,31269,cc9f85321fa68d7510a914e937c067acd8f1c95790d83e47b7d67683eb1094bb,Official ADCdb ADC detail HTML with component metadata and cell-line activity rows.
data/raw/adcdb_idrblab/adc_details/DRG0GIBEK.html,adcdb_idrblab/adc_details/DRG0GIBEK.html,adcdb_idrblab,.html,58249,68cfe8c672c6ac63218f63e34b020f25982d2ce18e4fe6d5f7ae71b0fe7d043f,Official ADCdb ADC detail HTML with component metadata and cell-line activity rows.
data/raw/adcdb_idrblab/adc_details/DRG0GIEDE.html,adcdb_idrblab/adc_details/DRG0GIEDE.html,adcdb_idrblab,.html,32330,635cab67f7805fefdc34edf2aa02b672e6ff797a671eb6a86864c288a197aeab,Official ADCdb ADC detail HTML with component metadata and cell-line activity rows.
data/raw/adcdb_idrblab/adc_details/DRG0GJKQT.html,adcdb_idrblab/adc_details/DRG0GJKQT.html,adcdb_idrblab,.html,31326,feadb7408b4f00b809521dbf2dd40bf552b7a1e795d9fb734bfe58c09fe01a2d,Official ADCdb ADC detail HTML with component metadata and cell-line activity rows.
data/raw/adcdb_idrblab/adc_details/DRG0GKHFY.html,adcdb_idrblab/adc_details/DRG0GKHFY.html,adcdb_idrblab,.html,32855,f649482a54b3a0e836b00477bb0a0d4c3c7f6b4fbb31798eb01d1864802bffe7,Official ADCdb ADC detail HTML with component metadata and cell-line activity rows.
data/raw/adcdb_idrblab/adc_details/DRG0GKOZH.html,adcdb_idrblab/adc_details/DRG0GKOZH.html,adcdb_idrblab,.html,244515,1076324361054ca6b2ac640c210c52145cca8ad443daca0c78d01c50fc909eba,Official ADCdb ADC detail HTML with component metadata and cell-line activity rows.
data/raw/adcdb_idrblab/adc_details/DRG0GPTJL.html,adcdb_idrblab/adc_details/DRG0GPTJL.html,adcdb_idrblab,.html,32494,a246f7734d72978c3825e3324279526a6bb435fe05030418d35ef49f4f657a79,Official ADCdb ADC detail HTML with component metadata and cell-line activity rows.
data/raw/adcdb_idrblab/adc_details/DRG0GRGXW.html,adcdb_idrblab/adc_details/DRG0GRGXW.html,adcdb_idrblab,.html,32166,80a36643a057b0ab7ac173251aa968b21a313a6a94bf748749fd56f56fe9a2a5,Official ADCdb ADC detail HTML with component metadata and cell-line activity rows.
data/raw/adcdb_idrblab/adc_details/DRG0GTLUP.html,adcdb_idrblab/adc_details/DRG0GTLUP.html,adcdb_idrblab,.html,31589,d25af0204b152ca9ce73760457d32ceafe088434d1b91d6a453974deb285ef6c,Official ADCdb ADC detail HTML with component metadata and cell-line activity rows.
data/raw/adcdb_idrblab/adc_details/DRG0GZGHN.html,adcdb_idrblab/adc_details/DRG0GZGHN.html,adcdb_idrblab,.html,56327,7f150df32d4522cd14ed64091c851fbcfdd593afaa64a0264c3f511bf5e92c0e,Official ADCdb ADC detail HTML with component metadata and cell-line activity rows.
data/raw/adcdb_idrblab/adc_details/DRG0HCGBQ.html,adcdb_idrblab/adc_details/DRG0HCGBQ.html,adcdb_idrblab,.html,48604,997aa159c024267156b0a2c94c015660b15d31a5f8ea87919544f80e80851198,Official ADCdb ADC detail HTML with component metadata and cell-line activity rows.
data/raw/adcdb_idrblab/adc_details/DRG0HCHFN.html,adcdb_idrblab/adc_details/DRG0HCHFN.html,adcdb_idrblab,.html,53311,df8bc23d90b9dc68a98068ec4f36c75ec51953ac8150cf6ca7591d455f56a448,Official ADCdb ADC detail HTML with component metadata and cell-line activity rows.
data/raw/adcdb_idrblab/adc_details/DRG0HCIWE.html,adcdb_idrblab/adc_details/DRG0HCIWE.html,adcdb_idrblab,.html,31324,7e06621e191b5ac62567539fe65e500170ca590c0cbcd581227cdf2e11a92667,Official ADCdb ADC detail HTML with component metadata and cell-line activity rows.
data/raw/adcdb_idrblab/adc_details/DRG0HCLSH.html,adcdb_idrblab/adc_details/DRG0HCLSH.html,adcdb_idrblab,.html,31260,d9eb2c48c08a0b4545791db5aec09ccf1eba3129fef362a83d0629dbccd384c5,Official ADCdb ADC detail HTML with component metadata and cell-line activity rows.
data/raw/adcdb_idrblab/adc_details/DRG0HCOOU.html,adcdb_idrblab/adc_details/DRG0HCOOU.html,adcdb_idrblab,.html,31358,b94f5aeef3035ef6f6d628f7bb907f42717dcd4eb45b3cc75d7e40ff12a330f0,Official ADCdb ADC detail HTML with component metadata and cell-line activity rows.
data/raw/adcdb_idrblab/adc_details/DRG0HDGML.html,adcdb_idrblab/adc_details/DRG0HDGML.html,adcdb_idrblab,.html,32479,34dcbd29845782a0f87a7a79202edbdb409e4ed6bd18723636727d71d513bc4e,Official ADCdb ADC detail HTML with component metadata and cell-line activity rows.
data/raw/adcdb_idrblab/adc_details/DRG0HDIEW.html,adcdb_idrblab/adc_details/DRG0HDIEW.html,adcdb_idrblab,.html,45601,2b76df9b90521ac818e69e823002083b7f33fc2fa63bf665764d28b06a934819,Official ADCdb ADC detail HTML with component metadata and cell-line activity rows.
data/raw/adcdb_idrblab/adc_details/DRG0HEEGF.html,adcdb_idrblab/adc_details/DRG0HEEGF.html,adcdb_idrblab,.html,31588,53742f40b0758db534f79cf46835725acd572e6a2a3fb152ba3ed9101d540450,Official ADCdb ADC detail HTML with component metadata and cell-line activity rows.
data/raw/adcdb_idrblab/adc_details/DRG0HEJWD.html,adcdb_idrblab/adc_details/DRG0HEJWD.html,adcdb_idrblab,.html,102163,379979711a1573f4f4f0824dd737a29fe440e3b2b4f6267de8e8cb0e4f8d1768,Official ADCdb ADC detail HTML with component metadata and cell-line activity rows.
data/raw/adcdb_idrblab/adc_details/DRG0HONIM.html,adcdb_idrblab/adc_details/DRG0HONIM.html,adcdb_idrblab,.html,32610,d40d5efbee7b92805b09355335d244e303c42d3ca56062f29a5f4bae10cf4cda,Official ADCdb ADC detail HTML with component metadata and cell-line activity rows.
data/raw/adcdb_idrblab/adc_details/DRG0HORED.html,adcdb_idrblab/adc_details/DRG0HORED.html,adcdb_idrblab,.html,32540,baccf6251a790abf2ebd73025034c9a80e8654e12b8d2e4dd5c4420467596f9a,Official ADCdb ADC detail HTML with component metadata and cell-line activity rows.
data/raw/adcdb_idrblab/adc_details/DRG0HPUIL.html,adcdb_idrblab/adc_details/DRG0HPUIL.html,adcdb_idrblab,.html,173720,b1188e7892b6046b1b826d00cb31e4ddf41960bf06fab08e167f04c275d95138,Official ADCdb ADC detail HTML with component metadata and cell-line activity rows.
data/raw/adcdb_idrblab/adc_details/DRG0HRDSA.html,adcdb_idrblab/adc_details/DRG0HRDSA.html,adcdb_idrblab,.html,48221,5466c6d65f1e18c589489155742f2188e6d19c20fed7f5f2fcdf85ac8ade31ae,Official ADCdb ADC detail HTML with component metadata and cell-line activity rows.
data/raw/adcdb_idrblab/adc_details/DRG0HVHRQ.html,adcdb_idrblab/adc_details/DRG0HVHRQ.html,adcdb_idrblab,.html,106697,46718d65a220b5ef0100766eb0397e417c86ce172bdfb94b1448009eba7f1825,Official ADCdb ADC detail HTML with component metadata and cell-line activity rows.
data/raw/adcdb_idrblab/adc_details/DRG0HVSQZ.html,adcdb_idrblab/adc_details/DRG0HVSQZ.html,adcdb_idrblab,.html,32540,39f6ad68deb5afd6c1518e0fc49f580ce7829d80f52f0b522e811762ef7806b4,Official ADCdb ADC detail HTML with component metadata and cell-line activity rows.
data/raw/adcdb_idrblab/adc_details/DRG0HWQPF.html,adcdb_idrblab/adc_details/DRG0HWQPF.html,adcdb_idrblab,.html,31575,3b9aee7bccd56dd2b4a5edc4b35f6e4094dce8ac49c7aa2ca0638d6601c69d3e,Official ADCdb ADC detail HTML with component metadata and cell-line activity rows.
data/raw/adcdb_idrblab/adc_details/DRG0HZNEP.html,adcdb_idrblab/adc_details/DRG0HZNEP.html,adcdb_idrblab,.html,53916,8daca46f9fab0eac0b4adac5f620df4156e6004499d989e310d1bb38e5645ede,Official ADCdb ADC detail HTML with component metadata and cell-line activity rows.
data/raw/adcdb_idrblab/adc_details/DRG0IBFEK.html,adcdb_idrblab/adc_details/DRG0IBFEK.html,adcdb_idrblab,.html,37465,2a94a5f9ddff2ead6161fccb69f16e8370f7d8cd7ee183756234bce5053a1b2d,Official ADCdb ADC detail HTML with component metadata and cell-line activity rows.
data/raw/adcdb_idrblab/adc_details/DRG0ICWWF.html,adcdb_idrblab/adc_details/DRG0ICWWF.html,adcdb_idrblab,.html,55216,b547d2addb2e5bab22e166c421132267515e0176354b8ffb36512fb15e5e9aa7,Official ADCdb ADC detail HTML with component metadata and cell-line activity rows.
data/raw/adcdb_idrblab/adc_details/DRG0IEEQN.html,adcdb_idrblab/adc_details/DRG0IEEQN.html,adcdb_idrblab,.html,46468,5753d4af1093acb8c9264d503522efaec894614aaaf569f774dfc23a1ba97b60,Official ADCdb ADC detail HTML with component metadata and cell-line activity rows.
data/raw/adcdb_idrblab/adc_details/DRG0IFKGK.html,adcdb_idrblab/adc_details/DRG0IFKGK.html,adcdb_idrblab,.html,94936,66b49080fbe5eafa26c94819726d541463c01d6db5de18d94067fc958de7145c,Official ADCdb ADC detail HTML with component metadata and cell-line activity rows.
data/raw/adcdb_idrblab/adc_details/DRG0IJVEW.html,adcdb_idrblab/adc_details/DRG0IJVEW.html,adcdb_idrblab,.html,32595,c9c2c83d0e1561d7b57ef621e379258310b202716c728863cdbe1efa69c6ebfb,Official ADCdb ADC detail HTML with component metadata and cell-line activity rows.
data/raw/adcdb_idrblab/adc_details/DRG0ILWKG.html,adcdb_idrblab/adc_details/DRG0ILWKG.html,adcdb_idrblab,.html,38289,361bfcad75efb517cdb2899f6dd5415c8f092b65eb4308e7773ff4b424ee1e9a,Official ADCdb ADC detail HTML with component metadata and cell-line activity rows.
data/raw/adcdb_idrblab/adc_details/DRG0IMAKZ.html,adcdb_idrblab/adc_details/DRG0IMAKZ.html,adcdb_idrblab,.html,88847,9005f9237bd16a53f0f6edcfe370b58fb7f8cb9768e0d2d055cbad01f354ed07,Official ADCdb ADC detail HTML with component metadata and cell-line activity rows.
data/raw/adcdb_idrblab/adc_details/DRG0INUVS.html,adcdb_idrblab/adc_details/DRG0INUVS.html,adcdb_idrblab,.html,31830,1691aa6d97718af1c0ef4375850939820c0cc3df909cad2597e13adb89e6db0c,Official ADCdb ADC detail HTML with component metadata and cell-line activity rows.
data/raw/adcdb_idrblab/adc_details/DRG0IPGHJ.html,adcdb_idrblab/adc_details/DRG0IPGHJ.html,adcdb_idrblab,.html,31618,9ac047095024a67ebe41337576839f7a4502d96fed81a08209c97b50cc1cbd4a,Official ADCdb ADC detail HTML with component metadata and cell-line activity rows.
data/raw/adcdb_idrblab/adc_details/DRG0IRZIB.html,adcdb_idrblab/adc_details/DRG0IRZIB.html,adcdb_idrblab,.html,158971,4a04b8eb2a1c9232ff917b7cc32d3c267e1f79c08b120a836546cad38adcce0a,Official ADCdb ADC detail HTML with component metadata and cell-line activity rows.
data/raw/adcdb_idrblab/adc_details/DRG0ISBOE.html,adcdb_idrblab/adc_details/DRG0ISBOE.html,adcdb_idrblab,.html,50990,85b415be3353fcbc26763ece5a522ccd11154da80f0dfaf3fedbe85bba25b62d,Official ADCdb ADC detail HTML with component metadata and cell-line activity rows.
data/raw/adcdb_idrblab/adc_details/DRG0IVNNT.html,adcdb_idrblab/adc_details/DRG0IVNNT.html,adcdb_idrblab,.html,31647,5b37c222fc1718a883bce93b94b83bf8f30acfd289bcb7b39c63733894e0a8c5,Official ADCdb ADC detail HTML with component metadata and cell-line activity rows.
data/raw/adcdb_idrblab/adc_details/DRG0IWWAX.html,adcdb_idrblab/adc_details/DRG0IWWAX.html,adcdb_idrblab,.html,47044,40f91add3fe9cf38f1631ff0f2509c3e882c8688881b3689035342ef2d5a93ba,Official ADCdb ADC detail HTML with component metadata and cell-line activity rows.
data/raw/adcdb_idrblab/adc_details/DRG0IYBRT.html,adcdb_idrblab/adc_details/DRG0IYBRT.html,adcdb_idrblab,.html,66471,117338cf8688eee1648b436d20e8e53da82bb4ce70f34f50b66f7bb731fbde4f,Official ADCdb ADC detail HTML with component metadata and cell-line activity rows.
data/raw/adcdb_idrblab/adc_details/DRG0IYJMP.html,adcdb_idrblab/adc_details/DRG0IYJMP.html,adcdb_idrblab,.html,32589,b3079477859eabba0b1fe49c47287ba2cde17ca1417e2cdd728769290f6afd57,Official ADCdb ADC detail HTML with component metadata and cell-line activity rows.
data/raw/adcdb_idrblab/adc_details/DRG0IZAKQ.html,adcdb_idrblab/adc_details/DRG0IZAKQ.html,adcdb_idrblab,.html,31407,e310f1384786ed37c68ecd80bdd71d4099d75bd5a0d07ea53d4bfbd3667b7082,Official ADCdb ADC detail HTML with component metadata and cell-line activity rows.
data/raw/adcdb_idrblab/adc_details/DRG0JBKMD.html,adcdb_idrblab/adc_details/DRG0JBKMD.html,adcdb_idrblab,.html,96650,f4287e6f95ede8e8b65bcb326442ca40a43d467d4d2bff7d6876a588bfe66d51,Official ADCdb ADC detail HTML with component metadata and cell-line activity rows.
data/raw/adcdb_idrblab/adc_details/DRG0JCLOW.html,adcdb_idrblab/adc_details/DRG0JCLOW.html,adcdb_idrblab,.html,31268,11664b8612e59ea20d5348090b2592e5097ac3c20c2cdc6e5030559335a22d0a,Official ADCdb ADC detail HTML with component metadata and cell-line activity rows.
data/raw/adcdb_idrblab/adc_details/DRG0JDEVM.html,adcdb_idrblab/adc_details/DRG0JDEVM.html,adcdb_idrblab,.html,51512,2f4d168fe4bb43c45652ca1856ea2484cf0b4112916203744ffc508b39178a96,Official ADCdb ADC detail HTML with component metadata and cell-line activity rows.
data/raw/adcdb_idrblab/adc_details/DRG0JEUPG.html,adcdb_idrblab/adc_details/DRG0JEUPG.html,adcdb_idrblab,.html,31500,cb53eb868bc00c8a4aa367a1c93cad47be428e0e066322faecd4cf4f716a0e46,Official ADCdb ADC detail HTML with component metadata and cell-line activity rows.
data/raw/adcdb_idrblab/adc_details/DRG0JEVIM.html,adcdb_idrblab/adc_details/DRG0JEVIM.html,adcdb_idrblab,.html,245835,6abdfcebae4bff0f21446fd810e645dad968166efcae65504892db408eccf877,Official ADCdb ADC detail HTML with component metadata and cell-line activity rows.
data/raw/adcdb_idrblab/adc_details/DRG0JNPOI.html,adcdb_idrblab/adc_details/DRG0JNPOI.html,adcdb_idrblab,.html,32636,e9fb6e0babfb6139ca28462ba63a5f2372192b81abbb3e87e3306907bf61584d,Official ADCdb ADC detail HTML with component metadata and cell-line activity rows.
data/raw/adcdb_idrblab/adc_details/DRG0JOHND.html,adcdb_idrblab/adc_details/DRG0JOHND.html,adcdb_idrblab,.html,334436,b77d401f8477ccd5a7f3277a4ee1056bd0eb5aa5f991a06b8350c14161699327,Official ADCdb ADC detail HTML with component metadata and cell-line activity rows.
data/raw/adcdb_idrblab/adc_details/DRG0JOIJZ.html,adcdb_idrblab/adc_details/DRG0JOIJZ.html,adcdb_idrblab,.html,31239,30f86424a9ff02e3c8a94520df0358ca127f2f882f4a387af5d5c2bcff246ba9,Official ADCdb ADC detail HTML with component metadata and cell-line activity rows.
data/raw/adcdb_idrblab/adc_details/DRG0JRLNT.html,adcdb_idrblab/adc_details/DRG0JRLNT.html,adcdb_idrblab,.html,31324,ed63e53b4a2472f974983104eddda41adb1cd31e27229e655ee8240ec71cbd57,Official ADCdb ADC detail HTML with component metadata and cell-line activity rows.
data/raw/adcdb_idrblab/adc_details/DRG0JTAOC.html,adcdb_idrblab/adc_details/DRG0JTAOC.html,adcdb_idrblab,.html,52149,16c53852fc56e9a77a2571cb892c54d265b21d4aa01276b977a2cae7b1359c1d,Official ADCdb ADC detail HTML with component metadata and cell-line activity rows.
data/raw/adcdb_idrblab/adc_details/DRG0JVWSM.html,adcdb_idrblab/adc_details/DRG0JVWSM.html,adcdb_idrblab,.html,31617,3d4c4a27797250919229b5496a9c508ff705d133996873ce76cda379a105036d,Official ADCdb ADC detail HTML with component metadata and cell-line activity rows.
data/raw/adcdb_idrblab/adc_details/DRG0JWBNH.html,adcdb_idrblab/adc_details/DRG0JWBNH.html,adcdb_idrblab,.html,533019,43d345c4d097449e91b1c991bc4eeeca2954794a63769131cd49ad6fa1e2afc8,Official ADCdb ADC detail HTML with component metadata and cell-line activity rows.
data/raw/adcdb_idrblab/adc_details/DRG0JWSPU.html,adcdb_idrblab/adc_details/DRG0JWSPU.html,adcdb_idrblab,.html,51253,6e82b02374b5c521f96e0b13ddb9e0279c6cee37a0e591a59b38cde142c5895d,Official ADCdb ADC detail HTML with component metadata and cell-line activity rows.
data/raw/adcdb_idrblab/adc_details/DRG0JWTIJ.html,adcdb_idrblab/adc_details/DRG0JWTIJ.html,adcdb_idrblab,.html,51955,faa0c8a520d1e1bfdf0519e69b31710ca2d811a66ccae04d555095a6e0330742,Official ADCdb ADC detail HTML with component metadata and cell-line activity rows.
data/raw/adcdb_idrblab/adc_details/DRG0JYWIX.html,adcdb_idrblab/adc_details/DRG0JYWIX.html,adcdb_idrblab,.html,31207,deede0b9b4d269eb5ead001351eb1b4afa2d8bd45d807e7592a0bcda7d966334,Official ADCdb ADC detail HTML with component metadata and cell-line activity rows.
data/raw/adcdb_idrblab/adc_details/DRG0KBADU.html,adcdb_idrblab/adc_details/DRG0KBADU.html,adcdb_idrblab,.html,32524,e623ab25ea424226a18b29b2b1634a6bbd43e62cd99422ecd3b76c48ef337af0,Official ADCdb ADC detail HTML with component metadata and cell-line activity rows.
data/raw/adcdb_idrblab/adc_details/DRG0KDLRL.html,adcdb_idrblab/adc_details/DRG0KDLRL.html,adcdb_idrblab,.html,57928,ceeb8c61d1ae2b4c6ed229c40f9374d1c330cd332fbf83ed593043958ba00b06,Official ADCdb ADC detail HTML with component metadata and cell-line activity rows.
data/raw/adcdb_idrblab/adc_details/DRG0KDTFA.html,adcdb_idrblab/adc_details/DRG0KDTFA.html,adcdb_idrblab,.html,52878,6ff59380805226f9110bf87acc3acac5e65b3a199e1c3ff34d0c14cedcdd3fc8,Official ADCdb ADC detail HTML with component metadata and cell-line activity rows.
data/raw/adcdb_idrblab/adc_details/DRG0KEWNA.html,adcdb_idrblab/adc_details/DRG0KEWNA.html,adcdb_idrblab,.html,31324,6f9e7d3e34bc024bc98bef059b9d0bf49e6d1ad2b720230511824df9affaf1b8,Official ADCdb ADC detail HTML with component metadata and cell-line activity rows.
data/raw/adcdb_idrblab/adc_details/DRG0KHFFZ.html,adcdb_idrblab/adc_details/DRG0KHFFZ.html,adcdb_idrblab,.html,107729,fa75eeb95e0d1e5891728f7a12bcb080dcab2f81993f42f1ee182f996a9f4608,Official ADCdb ADC detail HTML with component metadata and cell-line activity rows.
data/raw/adcdb_idrblab/adc_details/DRG0KKMLW.html,adcdb_idrblab/adc_details/DRG0KKMLW.html,adcdb_idrblab,.html,38841,bed3acdd1b7df779ec136b7432ff3e592876da85dd71c223c6ac4c0a06304edf,Official ADCdb ADC detail HTML with component metadata and cell-line activity rows.
data/raw/adcdb_idrblab/adc_details/DRG0KONEC.html,adcdb_idrblab/adc_details/DRG0KONEC.html,adcdb_idrblab,.html,46489,3329eb93338245440fedc0ddd86c2862e683e440fcd22fcf35a1e343f0ccc368,Official ADCdb ADC detail HTML with component metadata and cell-line activity rows.
data/raw/adcdb_idrblab/adc_details/DRG0KSALF.html,adcdb_idrblab/adc_details/DRG0KSALF.html,adcdb_idrblab,.html,41721,1051efe2261021179dcbfa077508f4dcaab54cf5a25c6671e66eaa8557a89316,Official ADCdb ADC detail HTML with component metadata and cell-line activity rows.
data/raw/adcdb_idrblab/adc_details/DRG0KSUSP.html,adcdb_idrblab/adc_details/DRG0KSUSP.html,adcdb_idrblab,.html,31297,2e2e67aecdf796cedb5a26d9fa98f8380a455e8f83af489c77936728dfb83791,Official ADCdb ADC detail HTML with component metadata and cell-line activity rows.
data/raw/adcdb_idrblab/adc_details/DRG0KUNBK.html,adcdb_idrblab/adc_details/DRG0KUNBK.html,adcdb_idrblab,.html,41475,77ca0fc34648595027ca15f074f5486e6a2e85b105deb1f400a874459aafde6d,Official ADCdb ADC detail HTML with component metadata and cell-line activity rows.
data/raw/adcdb_idrblab/adc_details/DRG0KXYRT.html,adcdb_idrblab/adc_details/DRG0KXYRT.html,adcdb_idrblab,.html,38476,cf02e53352627da346cbb2da1d9cfad5480e147143272ebc6bbeb29ecaabc615,Official ADCdb ADC detail HTML with component metadata and cell-line activity rows.
data/raw/adcdb_idrblab/adc_details/DRG0LDNPD.html,adcdb_idrblab/adc_details/DRG0LDNPD.html,adcdb_idrblab,.html,48469,f9ad2f421eb220dc65c366f9de421ba49c6cb6b2d53ab7b623a0433d02a46f8d,Official ADCdb ADC detail HTML with component metadata and cell-line activity rows.
data/raw/adcdb_idrblab/adc_details/DRG0LENDG.html,adcdb_idrblab/adc_details/DRG0LENDG.html,adcdb_idrblab,.html,31572,28dbd555511a81aeb60977e0cd70667877be4b277aac95af828e8b32677f9383,Official ADCdb ADC detail HTML with component metadata and cell-line activity rows.
data/raw/adcdb_idrblab/adc_details/DRG0LGTWF.html,adcdb_idrblab/adc_details/DRG0LGTWF.html,adcdb_idrblab,.html,31697,eea510d6514dc1aa1e250d44f275ef649a29a457c6436d8208cffff413777383,Official ADCdb ADC detail HTML with component metadata and cell-line activity rows.
data/raw/adcdb_idrblab/adc_details/DRG0LJSQF.html,adcdb_idrblab/adc_details/DRG0LJSQF.html,adcdb_idrblab,.html,31420,9f143dc44a520c383522884102a5f0c85a85b2fa27a8c8597e7de674bfcb42d7,Official ADCdb ADC detail HTML with component metadata and cell-line activity rows.
data/raw/adcdb_idrblab/adc_details/DRG0LNVKG.html,adcdb_idrblab/adc_details/DRG0LNVKG.html,adcdb_idrblab,.html,197849,b82e5bc53e7af07c2952adf00c6de8fc9ddbe8e2b01e4d754985dbf142aa33fb,Official ADCdb ADC detail HTML with component metadata and cell-line activity rows.
data/raw/adcdb_idrblab/adc_details/DRG0LODVW.html,adcdb_idrblab/adc_details/DRG0LODVW.html,adcdb_idrblab,.html,66313,29f39f922e1e33a0f86eae81e1f249e2fe53f906ef9bf0fae97edb4940f09805,Official ADCdb ADC detail HTML with component metadata and cell-line activity rows.
data/raw/adcdb_idrblab/adc_details/DRG0LOXYS.html,adcdb_idrblab/adc_details/DRG0LOXYS.html,adcdb_idrblab,.html,51693,d774c0253e94547cb26fdd79b24318fb4755c5b4aac153ef96977d3a761c65ba,Official ADCdb ADC detail HTML with component metadata and cell-line activity rows.
data/raw/adcdb_idrblab/adc_details/DRG0LPINW.html,adcdb_idrblab/adc_details/DRG0LPINW.html,adcdb_idrblab,.html,52133,30f551e2492d428b37cfc741b8f8ba5ba6b641633d910a904fba0b0e2ebd0d06,Official ADCdb ADC detail HTML with component metadata and cell-line activity rows.
data/raw/adcdb_idrblab/adc_details/DRG0LPJRK.html,adcdb_idrblab/adc_details/DRG0LPJRK.html,adcdb_idrblab,.html,30914,b69a17457cc1e3f80a4a997986df914196449896615f939aaf7d26b7b5a03aa2,Official ADCdb ADC detail HTML with component metadata and cell-line activity rows.
data/raw/adcdb_idrblab/adc_details/DRG0LQZSE.html,adcdb_idrblab/adc_details/DRG0LQZSE.html,adcdb_idrblab,.html,143885,d78f61ff9edb53ce92e068887892f20aac5e1ce907651e74d4b27cad0dcc9d48,Official ADCdb ADC detail HTML with component metadata and cell-line activity rows.
data/raw/adcdb_idrblab/adc_details/DRG0LSAKO.html,adcdb_idrblab/adc_details/DRG0LSAKO.html,adcdb_idrblab,.html,37744,1657c0902b75e79984dc94604981de5c755c8e22d76a988a64f4634c73372119,Official ADCdb ADC detail HTML with component metadata and cell-line activity rows.
data/raw/adcdb_idrblab/adc_details/DRG0MAXJA.html,adcdb_idrblab/adc_details/DRG0MAXJA.html,adcdb_idrblab,.html,31327,3037fc6112f6335adebba2b4a8c7fdc75ea66f14b727029445879621b525a5a4,Official ADCdb ADC detail HTML with component metadata and cell-line activity rows.
data/raw/adcdb_idrblab/adc_details/DRG0MBBBD.html,adcdb_idrblab/adc_details/DRG0MBBBD.html,adcdb_idrblab,.html,31251,c84cfc051d7f7aa9b5e439715ab615181defbd629d23c26243abab75f0691eb9,Official ADCdb ADC detail HTML with component metadata and cell-line activity rows.
data/raw/adcdb_idrblab/adc_details/DRG0MBWYP.html,adcdb_idrblab/adc_details/DRG0MBWYP.html,adcdb_idrblab,.html,41717,e0acd15aae80a1d1bda6cb708f3105b3c3d3d9e1b14724682fc83f583b2b418f,Official ADCdb ADC detail HTML with component metadata and cell-line activity rows.
data/raw/adcdb_idrblab/adc_details/DRG0MCKPB.html,adcdb_idrblab/adc_details/DRG0MCKPB.html,adcdb_idrblab,.html,45058,c82a6080b5cdf9035f86b7b5af09f13655da02a74374d2e29af1c95668d067f3,Official ADCdb ADC detail HTML with component metadata and cell-line activity rows.
data/raw/adcdb_idrblab/adc_details/DRG0MCWQA.html,adcdb_idrblab/adc_details/DRG0MCWQA.html,adcdb_idrblab,.html,243703,aaa41e2e340b1b00222bed86dbea4e84db49f35aac58db3aa14dbe4542673113,Official ADCdb ADC detail HTML with component metadata and cell-line activity rows.
data/raw/adcdb_idrblab/adc_details/DRG0MDBMS.html,adcdb_idrblab/adc_details/DRG0MDBMS.html,adcdb_idrblab,.html,31300,e30aa6549811444efd2e5888f03d61036e0f97e420208988b61971f2f3dfa645,Official ADCdb ADC detail HTML with component metadata and cell-line activity rows.
data/raw/adcdb_idrblab/adc_details/DRG0MERWX.html,adcdb_idrblab/adc_details/DRG0MERWX.html,adcdb_idrblab,.html,31269,c62f5ac850ec9befb5ce3fb0bb42a66ddce60d48f7dc31fc2502ab06a80eea92,Official ADCdb ADC detail HTML with component metadata and cell-line activity rows.
data/raw/adcdb_idrblab/adc_details/DRG0MHAHZ.html,adcdb_idrblab/adc_details/DRG0MHAHZ.html,adcdb_idrblab,.html,132451,f84d8bd10657831f4ad8be3789be4a2d5c61a6fb6fbbb2176479660736a848e4,Official ADCdb ADC detail HTML with component metadata and cell-line activity rows.
data/raw/adcdb_idrblab/adc_details/DRG0MIEKG.html,adcdb_idrblab/adc_details/DRG0MIEKG.html,adcdb_idrblab,.html,32468,f5958d6dd3b96e7a80857749a1cc8b232e5d85a788cf0a95bbbc24f84d2f41ad,Official ADCdb ADC detail HTML with component metadata and cell-line activity rows.
data/raw/adcdb_idrblab/adc_details/DRG0MILFL.html,adcdb_idrblab/adc_details/DRG0MILFL.html,adcdb_idrblab,.html,31647,2781edaa133c1dea91fb034021a48a9612ffb167eb358a06567f63885ca4adad,Official ADCdb ADC detail HTML with component metadata and cell-line activity rows.
data/raw/adcdb_idrblab/adc_details/DRG0MJNCJ.html,adcdb_idrblab/adc_details/DRG0MJNCJ.html,adcdb_idrblab,.html,41719,151830051b4339c753b6e136eea9221de5494703a26d08fa0f4fe7243b8d5eec,Official ADCdb ADC detail HTML with component metadata and cell-line activity rows.
data/raw/adcdb_idrblab/adc_details/DRG0MKPHL.html,adcdb_idrblab/adc_details/DRG0MKPHL.html,adcdb_idrblab,.html,41721,f8c3cf3defe531199b653390a88a486d1aec735f0d31c92577aea23a3f9b6bb4,Official ADCdb ADC detail HTML with component metadata and cell-line activity rows.
data/raw/adcdb_idrblab/adc_details/DRG0MLPGR.html,adcdb_idrblab/adc_details/DRG0MLPGR.html,adcdb_idrblab,.html,31327,f74683addb7250e7cde4d710e07dd91d5331ea517ad6504a890b2eb838c62c1b,Official ADCdb ADC detail HTML with component metadata and cell-line activity rows.
data/raw/adcdb_idrblab/adc_details/DRG0MMQNO.html,adcdb_idrblab/adc_details/DRG0MMQNO.html,adcdb_idrblab,.html,32609,84e32e0724fc0cf0567908553fbc6ef255d08daa565c0a76e464a63fb48d3403,Official ADCdb ADC detail HTML with component metadata and cell-line activity rows.
data/raw/adcdb_idrblab/adc_details/DRG0MNHFT.html,adcdb_idrblab/adc_details/DRG0MNHFT.html,adcdb_idrblab,.html,49856,eb34f18927c3a865d8f6872e6186e683dc5e6166a91b08c512120820e39cf391,Official ADCdb ADC detail HTML with component metadata and cell-line activity rows.
data/raw/adcdb_idrblab/adc_details/DRG0MOFZM.html,adcdb_idrblab/adc_details/DRG0MOFZM.html,adcdb_idrblab,.html,91399,e159e25c09d0d6e946212ada7967d33b53ae5271800e8414318e28be8c848450,Official ADCdb ADC detail HTML with component metadata and cell-line activity rows.
data/raw/adcdb_idrblab/adc_details/DRG0MPDIB.html,adcdb_idrblab/adc_details/DRG0MPDIB.html,adcdb_idrblab,.html,71044,332b187d96bc8471cc366828eb0c375a0b6b82fffc17cdfecfbc077a0e6efc5d,Official ADCdb ADC detail HTML with component metadata and cell-line activity rows.
data/raw/adcdb_idrblab/adc_details/DRG0MQFRJ.html,adcdb_idrblab/adc_details/DRG0MQFRJ.html,adcdb_idrblab,.html,64126,46e81c6133ad454435cf040ca7e1cf76cb541d28adad9412b8f6b967e800f323,Official ADCdb ADC detail HTML with component metadata and cell-line activity rows.
data/raw/adcdb_idrblab/adc_details/DRG0MRDPL.html,adcdb_idrblab/adc_details/DRG0MRDPL.html,adcdb_idrblab,.html,32619,c5cd96d58c8513de7cedc1e8121ba228d167844639df5867231dcc389687e622,Official ADCdb ADC detail HTML with component metadata and cell-line activity rows.
data/raw/adcdb_idrblab/adc_details/DRG0MYPET.html,adcdb_idrblab/adc_details/DRG0MYPET.html,adcdb_idrblab,.html,31828,6d21c6c99b25dae72e07ac4d463e78b94206d8b25c04dc9be91935794cc1e2de,Official ADCdb ADC detail HTML with component metadata and cell-line activity rows.
data/raw/adcdb_idrblab/adc_details/DRG0NCHJM.html,adcdb_idrblab/adc_details/DRG0NCHJM.html,adcdb_idrblab,.html,32511,e06ea750450fe67fafaaa53599ec99c3d3e41458e911314c1c409710d5a072ce,Official ADCdb ADC detail HTML with component metadata and cell-line activity rows.
data/raw/adcdb_idrblab/adc_details/DRG0NDXRU.html,adcdb_idrblab/adc_details/DRG0NDXRU.html,adcdb_idrblab,.html,122004,cbcfa9271486aef11d108fbe94a00b3d89aec9a6724529fa89ab73845018e1d6,Official ADCdb ADC detail HTML with component metadata and cell-line activity rows.
data/raw/adcdb_idrblab/adc_details/DRG0NEMOV.html,adcdb_idrblab/adc_details/DRG0NEMOV.html,adcdb_idrblab,.html,121665,2b5791637f824634d65dbecee6e5c874c6df11425349f76b68c9f86b2c3b845c,Official ADCdb ADC detail HTML with component metadata and cell-line activity rows.
data/raw/adcdb_idrblab/adc_details/DRG0NGSGM.html,adcdb_idrblab/adc_details/DRG0NGSGM.html,adcdb_idrblab,.html,31689,fee2eb43ef3b9a9e3407fe60fdd319d87c748e53006fd9d25467f5e53baab98d,Official ADCdb ADC detail HTML with component metadata and cell-line activity rows.
data/raw/adcdb_idrblab/adc_details/DRG0NGUFC.html,adcdb_idrblab/adc_details/DRG0NGUFC.html,adcdb_idrblab,.html,65015,f2b26984e1dfa04277fcb8d0115f3f923c86d91573bce35ce949b04a6e66bd4b,Official ADCdb ADC detail HTML with component metadata and cell-line activity rows.
data/raw/adcdb_idrblab/adc_details/DRG0NHNQW.html,adcdb_idrblab/adc_details/DRG0NHNQW.html,adcdb_idrblab,.html,31297,ddde2d27a89d244ca3d308b0a2f8c4eaaabe409fd1f944798d3fb3f4d6eda776,Official ADCdb ADC detail HTML with component metadata and cell-line activity rows.
data/raw/adcdb_idrblab/adc_details/DRG0NIVXX.html,adcdb_idrblab/adc_details/DRG0NIVXX.html,adcdb_idrblab,.html,27736,b660b1ab1276bc02bd0977703a18ea006120256a999c5df7a1882f903e7f7825,Official ADCdb ADC detail HTML with component metadata and cell-line activity rows.
data/raw/adcdb_idrblab/adc_details/DRG0NKVLE.html,adcdb_idrblab/adc_details/DRG0NKVLE.html,adcdb_idrblab,.html,32154,c02daa800cf77270877c7432202e5f67ad67285fdcd8cfe9b8ebc6d4236fba59,Official ADCdb ADC detail HTML with component metadata and cell-line activity rows.
data/raw/adcdb_idrblab/adc_details/DRG0NLDTF.html,adcdb_idrblab/adc_details/DRG0NLDTF.html,adcdb_idrblab,.html,59343,44446178d8507c8cb29244a3984f8b820163fc703090207ad493780539fa1a8e,Official ADCdb ADC detail HTML with component metadata and cell-line activity rows.
data/raw/adcdb_idrblab/adc_details/DRG0NLWKV.html,adcdb_idrblab/adc_details/DRG0NLWKV.html,adcdb_idrblab,.html,45669,c34dff233d9a722c6d17fb395004606d4e0f76d0881f8a4bace7c5fbbcc86604,Official ADCdb ADC detail HTML with component metadata and cell-line activity rows.
data/raw/adcdb_idrblab/adc_details/DRG0NMQRS.html,adcdb_idrblab/adc_details/DRG0NMQRS.html,adcdb_idrblab,.html,31601,4cb54b20f87ce418768dd9620b069da922aa22b17b57b9f0de783bb303f8b40f,Official ADCdb ADC detail HTML with component metadata and cell-line activity rows.
data/raw/adcdb_idrblab/adc_details/DRG0NNKAQ.html,adcdb_idrblab/adc_details/DRG0NNKAQ.html,adcdb_idrblab,.html,225579,4cd844d44ad98c551bfcce2a8de0a73c96ea0bf46a96e9537a1febae387572ce,Official ADCdb ADC detail HTML with component metadata and cell-line activity rows.
data/raw/adcdb_idrblab/adc_details/DRG0NPPDL.html,adcdb_idrblab/adc_details/DRG0NPPDL.html,adcdb_idrblab,.html,31358,8f62007c632c6a07997b1a90dc499ad962c1defb51265e6c03bee43ca8edb81a,Official ADCdb ADC detail HTML with component metadata and cell-line activity rows.
data/raw/adcdb_idrblab/adc_details/DRG0NPYPV.html,adcdb_idrblab/adc_details/DRG0NPYPV.html,adcdb_idrblab,.html,44087,e192dad1a1e07a3da3f6672e8a9099d7287ead9e3401e468f561e1d6db65e788,Official ADCdb ADC detail HTML with component metadata and cell-line activity rows.
data/raw/adcdb_idrblab/adc_details/DRG0NRFYZ.html,adcdb_idrblab/adc_details/DRG0NRFYZ.html,adcdb_idrblab,.html,31358,3c60354f8f9c560316eaf7bee00bd368876cf99d4d30e5ba66ee85896c02ba45,Official ADCdb ADC detail HTML with component metadata and cell-line activity rows.
data/raw/adcdb_idrblab/adc_details/DRG0NSVEM.html,adcdb_idrblab/adc_details/DRG0NSVEM.html,adcdb_idrblab,.html,32467,3a4f2c25a8d6c5b3d78d9bf38a272100d62bae14af264cc0ea19540d9f0d9490,Official ADCdb ADC detail HTML with component metadata and cell-line activity rows.
data/raw/adcdb_idrblab/adc_details/DRG0NTFBR.html,adcdb_idrblab/adc_details/DRG0NTFBR.html,adcdb_idrblab,.html,115576,f284c87c34f6c526373385727cc8bc1e0f298cca071a16669d3c6d891a972f4e,Official ADCdb ADC detail HTML with component metadata and cell-line activity rows.
data/raw/adcdb_idrblab/adc_details/DRG0NUDUN.html,adcdb_idrblab/adc_details/DRG0NUDUN.html,adcdb_idrblab,.html,44749,0c4a10cad84d57b5d9b4cfd46a2cbd12850c59f526e562a2395e0bff528aa519,Official ADCdb ADC detail HTML with component metadata and cell-line activity rows.
data/raw/adcdb_idrblab/adc_details/DRG0NVGDG.html,adcdb_idrblab/adc_details/DRG0NVGDG.html,adcdb_idrblab,.html,32616,977948866965c0bd9b927c9be36a9a769e7415e6e7130e8ac80bd7099ce31d3b,Official ADCdb ADC detail HTML with component metadata and cell-line activity rows.
data/raw/adcdb_idrblab/adc_details/DRG0NYFRQ.html,adcdb_idrblab/adc_details/DRG0NYFRQ.html,adcdb_idrblab,.html,32388,2c4af93f72b5416128dfc5200bfeb508bab88fbcf6da66e563b7baf44c2580a8,Official ADCdb ADC detail HTML with component metadata and cell-line activity rows.
data/raw/adcdb_idrblab/adc_details/DRG0NZFTR.html,adcdb_idrblab/adc_details/DRG0NZFTR.html,adcdb_idrblab,.html,31269,b79b4179098f6782f3701d45638fc8cef66af7941a4fb1c6261d5b7fa2c79539,Official ADCdb ADC detail HTML with component metadata and cell-line activity rows.
data/raw/adcdb_idrblab/adc_details/DRG0OGAUZ.html,adcdb_idrblab/adc_details/DRG0OGAUZ.html,adcdb_idrblab,.html,31269,e9aa0b13ffdcfd3549cb9f89692d20f68c3e5ad88caf9b29d8f8fb719f73d4a9,Official ADCdb ADC detail HTML with component metadata and cell-line activity rows.
data/raw/adcdb_idrblab/adc_details/DRG0OHTUI.html,adcdb_idrblab/adc_details/DRG0OHTUI.html,adcdb_idrblab,.html,47324,6bffadf2cc90395c34278a63d318f8492cf427dc965d8fd95cc548a7160867fa,Official ADCdb ADC detail HTML with component metadata and cell-line activity rows.
data/raw/adcdb_idrblab/adc_details/DRG0OIIGH.html,adcdb_idrblab/adc_details/DRG0OIIGH.html,adcdb_idrblab,.html,31327,bd65e37de840a8c1fe7dc34f1c18474dee2d88267425d56e5373d077c82e1091,Official ADCdb ADC detail HTML with component metadata and cell-line activity rows.
data/raw/adcdb_idrblab/adc_details/DRG0OIVTW.html,adcdb_idrblab/adc_details/DRG0OIVTW.html,adcdb_idrblab,.html,41496,b0121a69b9e7ef36777b073159a51d5503294b765a265e60f291d0e5c43f88d6,Official ADCdb ADC detail HTML with component metadata and cell-line activity rows.
data/raw/adcdb_idrblab/adc_details/DRG0OJHEN.html,adcdb_idrblab/adc_details/DRG0OJHEN.html,adcdb_idrblab,.html,27736,4b160fed53501a54befe96e92f23f007371d7279dd0c13070178be526a5ef0ab,Official ADCdb ADC detail HTML with component metadata and cell-line activity rows.
data/raw/adcdb_idrblab/adc_details/DRG0OJWBX.html,adcdb_idrblab/adc_details/DRG0OJWBX.html,adcdb_idrblab,.html,32215,07f9ae37c7818a272b4f82fc6f23dec7c27558f2598242183c67b045ad4b8734,Official ADCdb ADC detail HTML with component metadata and cell-line activity rows.
data/raw/adcdb_idrblab/adc_details/DRG0OKMOL.html,adcdb_idrblab/adc_details/DRG0OKMOL.html,adcdb_idrblab,.html,47343,31c17c6db28105842438b4a4df37b2eea70b516f8ac7a997b7a065e8107dce4a,Official ADCdb ADC detail HTML with component metadata and cell-line activity rows.
data/raw/adcdb_idrblab/adc_details/DRG0OMVBK.html,adcdb_idrblab/adc_details/DRG0OMVBK.html,adcdb_idrblab,.html,59188,a630fe0782e679d4e2235284ecf5486967380f1a983d9c2d080b4c19e1ac8f77,Official ADCdb ADC detail HTML with component metadata and cell-line activity rows.
data/raw/adcdb_idrblab/adc_details/DRG0ONBQK.html,adcdb_idrblab/adc_details/DRG0ONBQK.html,adcdb_idrblab,.html,47183,914fceb762a21f1968a8f6ead1e36477399cb0dc39651a1cad0407c0523d40ed,Official ADCdb ADC detail HTML with component metadata and cell-line activity rows.
data/raw/adcdb_idrblab/adc_details/DRG0ONJMR.html,adcdb_idrblab/adc_details/DRG0ONJMR.html,adcdb_idrblab,.html,32166,b355ecc53ba63bc868910de396c21e2389a321ad64b6aad1372fca76e920b12c,Official ADCdb ADC detail HTML with component metadata and cell-line activity rows.
data/raw/adcdb_idrblab/adc_details/DRG0ONOKP.html,adcdb_idrblab/adc_details/DRG0ONOKP.html,adcdb_idrblab,.html,32592,0d5db1269ddf5382cfdac4f7e33308d32a4485bcccdf18184548dd720f455b80,Official ADCdb ADC detail HTML with component metadata and cell-line activity rows.
data/raw/adcdb_idrblab/adc_details/DRG0OPFVY.html,adcdb_idrblab/adc_details/DRG0OPFVY.html,adcdb_idrblab,.html,82616,bd4cda21bfb41baad100bcbc2c2e99fd0e7322d7578e307adaccabc2f1efb6d2,Official ADCdb ADC detail HTML with component metadata and cell-line activity rows.
data/raw/adcdb_idrblab/adc_details/DRG0OTHET.html,adcdb_idrblab/adc_details/DRG0OTHET.html,adcdb_idrblab,.html,44413,2c3705ede5d66a9d354517284a61573473e1467b106cfc2839f6ccad5402773d,Official ADCdb ADC detail HTML with component metadata and cell-line activity rows.
data/raw/adcdb_idrblab/adc_details/DRG0OUFUE.html,adcdb_idrblab/adc_details/DRG0OUFUE.html,adcdb_idrblab,.html,31579,57499d78de2d848727517f7cd5cc6c1b1abcffc432ad2114f952592d67a4e90e,Official ADCdb ADC detail HTML with component metadata and cell-line activity rows.
data/raw/adcdb_idrblab/adc_details/DRG0OUQRD.html,adcdb_idrblab/adc_details/DRG0OUQRD.html,adcdb_idrblab,.html,31579,a97919846eb53e4fe60883410142127acc5f4187d87f27a62d3ded1bcd6cc62f,Official ADCdb ADC detail HTML with component metadata and cell-line activity rows.
data/raw/adcdb_idrblab/adc_details/DRG0OYVGP.html,adcdb_idrblab/adc_details/DRG0OYVGP.html,adcdb_idrblab,.html,31661,176b9ae185bf352ed4caf8264bb07617a6e57cacbe65095a2e53625280da5c41,Official ADCdb ADC detail HTML with component metadata and cell-line activity rows.
data/raw/adcdb_idrblab/adc_details/DRG0PBBKC.html,adcdb_idrblab/adc_details/DRG0PBBKC.html,adcdb_idrblab,.html,46489,c7e748ca72a52a7cf3fcabea463d1d3d688dc4d503b5ddb668f95aadc8660c6c,Official ADCdb ADC detail HTML with component metadata and cell-line activity rows.
data/raw/adcdb_idrblab/adc_details/DRG0PCZIX.html,adcdb_idrblab/adc_details/DRG0PCZIX.html,adcdb_idrblab,.html,37409,13aae8796930718f89b03d9ef4d4ab79b75a761a374caa8986e09be836aa6816,Official ADCdb ADC detail HTML with component metadata and cell-line activity rows.
data/raw/adcdb_idrblab/adc_details/DRG0PFKFR.html,adcdb_idrblab/adc_details/DRG0PFKFR.html,adcdb_idrblab,.html,84455,133731e185880b06b444fd91eaa661acae002ba5d0927ef7784d4db987e73809,Official ADCdb ADC detail HTML with component metadata and cell-line activity rows.
data/raw/adcdb_idrblab/adc_details/DRG0PFZZF.html,adcdb_idrblab/adc_details/DRG0PFZZF.html,adcdb_idrblab,.html,126692,0c5a87e9d85b8d2c29875ecc2c7c4f022f0d20159840f1091c6825241b5d8f2a,Official ADCdb ADC detail HTML with component metadata and cell-line activity rows.
data/raw/adcdb_idrblab/adc_details/DRG0PILVE.html,adcdb_idrblab/adc_details/DRG0PILVE.html,adcdb_idrblab,.html,32593,ec0f3d25380e80ba2bcfd7e315777c28cfc662d441442784047a5674d96e44fa,Official ADCdb ADC detail HTML with component metadata and cell-line activity rows.
data/raw/adcdb_idrblab/adc_details/DRG0PNJIT.html,adcdb_idrblab/adc_details/DRG0PNJIT.html,adcdb_idrblab,.html,210438,43d6ec093418c20db483a9453c4d8c4b4304b265275db62c064a18897ffd4ead,Official ADCdb ADC detail HTML with component metadata and cell-line activity rows.
data/raw/adcdb_idrblab/adc_details/DRG0PNNEH.html,adcdb_idrblab/adc_details/DRG0PNNEH.html,adcdb_idrblab,.html,31844,776c7737617b897e989a17e2d5997e47f784a77d8bbd7253f225a0bbeb6c16e2,Official ADCdb ADC detail HTML with component metadata and cell-line activity rows.
data/raw/adcdb_idrblab/adc_details/DRG0PNOZP.html,adcdb_idrblab/adc_details/DRG0PNOZP.html,adcdb_idrblab,.html,31324,59a4aa261f71a17b0125e45dc5f7f051b6f649e7e0a9ed60f6726b64226ee40d,Official ADCdb ADC detail HTML with component metadata and cell-line activity rows.
data/raw/adcdb_idrblab/adc_details/DRG0PPAAM.html,adcdb_idrblab/adc_details/DRG0PPAAM.html,adcdb_idrblab,.html,31300,15808bf34ccad94b2e2eec43a27887cfe299189ef1fef8c91ab18a9c5a9e6c49,Official ADCdb ADC detail HTML with component metadata and cell-line activity rows.
data/raw/adcdb_idrblab/adc_details/DRG0PPHVA.html,adcdb_idrblab/adc_details/DRG0PPHVA.html,adcdb_idrblab,.html,41214,bc2386d751b3f5f973ce996bc3114698bd5bd994c57e3f89bee448ed77ddc976,Official ADCdb ADC detail HTML with component metadata and cell-line activity rows.
data/raw/adcdb_idrblab/adc_details/DRG0PTXBI.html,adcdb_idrblab/adc_details/DRG0PTXBI.html,adcdb_idrblab,.html,41680,340ba8d21f57d769ceee24ac7d6e72e31b90f532348bbb205e809260f1ae8ed3,Official ADCdb ADC detail HTML with component metadata and cell-line activity rows.
data/raw/adcdb_idrblab/adc_details/DRG0PXQWR.html,adcdb_idrblab/adc_details/DRG0PXQWR.html,adcdb_idrblab,.html,146092,acbe1992f5dd95161c9fbe503f82de6708a102c385115ecc6959f5b447b8b2f0,Official ADCdb ADC detail HTML with component metadata and cell-line activity rows.
data/raw/adcdb_idrblab/adc_details/DRG0PYNQC.html,adcdb_idrblab/adc_details/DRG0PYNQC.html,adcdb_idrblab,.html,31265,5287dd0a422103e33fc042252478c75cf3c231399a5951ee8ed0af81ee200837,Official ADCdb ADC detail HTML with component metadata and cell-line activity rows.
data/raw/adcdb_idrblab/adc_details/DRG0PZDCU.html,adcdb_idrblab/adc_details/DRG0PZDCU.html,adcdb_idrblab,.html,31269,113bd317a1780ccf822b46e5f7f75450b32e894a37b9427fb261a853e30c0c57,Official ADCdb ADC detail HTML with component metadata and cell-line activity rows.
data/raw/adcdb_idrblab/adc_details/DRG0PZEQO.html,adcdb_idrblab/adc_details/DRG0PZEQO.html,adcdb_idrblab,.html,43465,1cdba6f50dabb5826c36cf51c3474b622c766caa3921df223206957418692bb8,Official ADCdb ADC detail HTML with component metadata and cell-line activity rows.
data/raw/adcdb_idrblab/adc_details/DRG0PZVUG.html,adcdb_idrblab/adc_details/DRG0PZVUG.html,adcdb_idrblab,.html,47353,a463868576f95f54ee1f27ce27b34b0a87fc0af904f4ee8cb02f0563151b84a1,Official ADCdb ADC detail HTML with component metadata and cell-line activity rows.
data/raw/adcdb_idrblab/adc_details/DRG0QBGIW.html,adcdb_idrblab/adc_details/DRG0QBGIW.html,adcdb_idrblab,.html,41719,a210fd78e3faee41cf16ce4b2357aa8fee01ecd0db85876dc43ec62693a497c2,Official ADCdb ADC detail HTML with component metadata and cell-line activity rows.
data/raw/adcdb_idrblab/adc_details/DRG0QCXIA.html,adcdb_idrblab/adc_details/DRG0QCXIA.html,adcdb_idrblab,.html,41722,8ca95b412184dca5a2b5a02d5185d947657bab6ee15a31bb08482f368a739d1b,Official ADCdb ADC detail HTML with component metadata and cell-line activity rows.
data/raw/adcdb_idrblab/adc_details/DRG0QEZZC.html,adcdb_idrblab/adc_details/DRG0QEZZC.html,adcdb_idrblab,.html,31297,59b8d053f5bdcd5a445493381b09d463cdfdf28a351060d09619414a051c18de,Official ADCdb ADC detail HTML with component metadata and cell-line activity rows.
data/raw/adcdb_idrblab/adc_details/DRG0QGQWG.html,adcdb_idrblab/adc_details/DRG0QGQWG.html,adcdb_idrblab,.html,44254,adeaca7c3843db3fbeaf9b5ea3f53f9760f21e7f55e6db2226e16fbcb26016e9,Official ADCdb ADC detail HTML with component metadata and cell-line activity rows.
data/raw/adcdb_idrblab/adc_details/DRG0QITMW.html,adcdb_idrblab/adc_details/DRG0QITMW.html,adcdb_idrblab,.html,73277,176fb63519290f881fb0f7bdaa77f4d0e6cde7893f88de813b19be649521c99a,Official ADCdb ADC detail HTML with component metadata and cell-line activity rows.
data/raw/adcdb_idrblab/adc_details/DRG0QJGNH.html,adcdb_idrblab/adc_details/DRG0QJGNH.html,adcdb_idrblab,.html,44229,e79b32398e0dcd947f50523c055573ef82a98687faccb46f397b3a9fb07d01ad,Official ADCdb ADC detail HTML with component metadata and cell-line activity rows.
data/raw/adcdb_idrblab/adc_details/DRG0QJUWT.html,adcdb_idrblab/adc_details/DRG0QJUWT.html,adcdb_idrblab,.html,74587,60eef49620cc38faff62f96518353c7556f955b273defbe56ff9226a6311f526,Official ADCdb ADC detail HTML with component metadata and cell-line activity rows.
data/raw/adcdb_idrblab/adc_details/DRG0QLCMJ.html,adcdb_idrblab/adc_details/DRG0QLCMJ.html,adcdb_idrblab,.html,44058,f3e9abe97b2f2bddaf2277108a8fc0290f72f3897ef51886f8cf1f492cc323a4,Official ADCdb ADC detail HTML with component metadata and cell-line activity rows.
data/raw/adcdb_idrblab/adc_details/DRG0QMQFL.html,adcdb_idrblab/adc_details/DRG0QMQFL.html,adcdb_idrblab,.html,106697,6465e5ce57c4948b0ac410d48882b9fb7065e04ddeafccdf4d14de29ab85aa80,Official ADCdb ADC detail HTML with component metadata and cell-line activity rows.
data/raw/adcdb_idrblab/adc_details/DRG0QMQKQ.html,adcdb_idrblab/adc_details/DRG0QMQKQ.html,adcdb_idrblab,.html,42631,7ffd530f4cff18b95024de4aed5c5af22891aa58575a93f65464a6e2215d507d,Official ADCdb ADC detail HTML with component metadata and cell-line activity rows.
data/raw/adcdb_idrblab/adc_details/DRG0QQKLF.html,adcdb_idrblab/adc_details/DRG0QQKLF.html,adcdb_idrblab,.html,47361,5591b5d7329bb6c24131ac5d214b5abcf1183f10e778ff75ef3ab03dc3a37ae0,Official ADCdb ADC detail HTML with component metadata and cell-line activity rows.
data/raw/adcdb_idrblab/adc_details/DRG0QRDUT.html,adcdb_idrblab/adc_details/DRG0QRDUT.html,adcdb_idrblab,.html,100292,0f19d4ea13690692a7537ec611477e3139fbbf62a66f935d26eb1c9da5fb7e03,Official ADCdb ADC detail HTML with component metadata and cell-line activity rows.
data/raw/adcdb_idrblab/adc_details/DRG0QRXDE.html,adcdb_idrblab/adc_details/DRG0QRXDE.html,adcdb_idrblab,.html,44414,584f2f0a3e870c2feb0bdbe1409860c118502ffd303204e075f71b67ffce220c,Official ADCdb ADC detail HTML with component metadata and cell-line activity rows.
data/raw/adcdb_idrblab/adc_details/DRG0QTTWI.html,adcdb_idrblab/adc_details/DRG0QTTWI.html,adcdb_idrblab,.html,64974,98b4db996c9c58defd4162f21a0cd7a6a4639d62e15807a76ea9076cd15c9899,Official ADCdb ADC detail HTML with component metadata and cell-line activity rows.
data/raw/adcdb_idrblab/adc_details/DRG0QUXXT.html,adcdb_idrblab/adc_details/DRG0QUXXT.html,adcdb_idrblab,.html,38759,236e8b05e1967fec3458a17c1b38cc8e35cccaaca3ddefda3f034c24f8580ed7,Official ADCdb ADC detail HTML with component metadata and cell-line activity rows.
data/raw/adcdb_idrblab/adc_details/DRG0QVAFS.html,adcdb_idrblab/adc_details/DRG0QVAFS.html,adcdb_idrblab,.html,46889,411481ff6ca140a8c092c9b3c459026f76d9b92e6e5bee62c1fcf83aa7bfe25f,Official ADCdb ADC detail HTML with component metadata and cell-line activity rows.
data/raw/adcdb_idrblab/adc_details/DRG0QVIFA.html,adcdb_idrblab/adc_details/DRG0QVIFA.html,adcdb_idrblab,.html,31341,06ea6d5e7d0edc4f388e3c32a9ecfa5c3fb2b4208bc15ed39b6b3d0486ed00e0,Official ADCdb ADC detail HTML with component metadata and cell-line activity rows.
data/raw/adcdb_idrblab/adc_details/DRG0QWZIT.html,adcdb_idrblab/adc_details/DRG0QWZIT.html,adcdb_idrblab,.html,281697,5156c2c943a61582e2c6ec8a755968a4e0e8962370fbc9ddc01ea7e07780ee8b,Official ADCdb ADC detail HTML with component metadata and cell-line activity rows.
data/raw/adcdb_idrblab/adc_details/DRG0QYJUL.html,adcdb_idrblab/adc_details/DRG0QYJUL.html,adcdb_idrblab,.html,47355,83508c9d430cc7787615dd3ea88c7ac799f51e3dea58f6aabb67b6283b2cdbc8,Official ADCdb ADC detail HTML with component metadata and cell-line activity rows.
data/raw/adcdb_idrblab/adc_details/DRG0QYUVZ.html,adcdb_idrblab/adc_details/DRG0QYUVZ.html,adcdb_idrblab,.html,32479,43c0c6ced98a2d5b480556bd88b6379acb79b6e4572a0a6b648ab20d3ca9ea0b,Official ADCdb ADC detail HTML with component metadata and cell-line activity rows.
data/raw/adcdb_idrblab/adc_details/DRG0QZHYU.html,adcdb_idrblab/adc_details/DRG0QZHYU.html,adcdb_idrblab,.html,82089,47c91cbc9ee4afe224b3ce40b824c2b46babca821c09a67086ef9f82dec72a6e,Official ADCdb ADC detail HTML with component metadata and cell-line activity rows.
data/raw/adcdb_idrblab/adc_details/DRG0RANRT.html,adcdb_idrblab/adc_details/DRG0RANRT.html,adcdb_idrblab,.html,43890,dbaac1bd40ad162ee82058c29791408736f2d7a1439b0626dfa668d213a2c028,Official ADCdb ADC detail HTML with component metadata and cell-line activity rows.
data/raw/adcdb_idrblab/adc_details/DRG0RAOZZ.html,adcdb_idrblab/adc_details/DRG0RAOZZ.html,adcdb_idrblab,.html,31617,dccd02200dc94457b1eaf8b32cc85a9beebd947d6d4ea7b6704321c8a3e29739,Official ADCdb ADC detail HTML with component metadata and cell-line activity rows.
data/raw/adcdb_idrblab/adc_details/DRG0RFLKP.html,adcdb_idrblab/adc_details/DRG0RFLKP.html,adcdb_idrblab,.html,31239,492b77e8e83187f5328cd62c7a4476735252c75081d45e2653c4aa7d8dd1b8c7,Official ADCdb ADC detail HTML with component metadata and cell-line activity rows.
data/raw/adcdb_idrblab/adc_details/DRG0RGMND.html,adcdb_idrblab/adc_details/DRG0RGMND.html,adcdb_idrblab,.html,151262,3cb17573c599bb0bb228604b0a099693b64bcc402119826a32fc84c7b6d130bd,Official ADCdb ADC detail HTML with component metadata and cell-line activity rows.
data/raw/adcdb_idrblab/adc_details/DRG0RHAZG.html,adcdb_idrblab/adc_details/DRG0RHAZG.html,adcdb_idrblab,.html,99471,7b246f9bf842d57f33154c4dfb0fbee790af46dd023afaec842753b03fdd9360,Official ADCdb ADC detail HTML with component metadata and cell-line activity rows.
data/raw/adcdb_idrblab/adc_details/DRG0RHSBY.html,adcdb_idrblab/adc_details/DRG0RHSBY.html,adcdb_idrblab,.html,46885,46312cd8f3d1c85c7fdd4c16e178424cd681c86dd89e638acfcb63cb35f54817,Official ADCdb ADC detail HTML with component metadata and cell-line activity rows.
data/raw/adcdb_idrblab/adc_details/DRG0RHWVZ.html,adcdb_idrblab/adc_details/DRG0RHWVZ.html,adcdb_idrblab,.html,41719,12a35014fc383aa33335723c9b86dcfcb54fe38a4d8e3e86d486b9bc2a5b90da,Official ADCdb ADC detail HTML with component metadata and cell-line activity rows.
data/raw/adcdb_idrblab/adc_details/DRG0RIGUP.html,adcdb_idrblab/adc_details/DRG0RIGUP.html,adcdb_idrblab,.html,48870,7cc519d868e88ee58fdadc08cf4bd2573c398d559a26f21f99af7d55e4a8ff30,Official ADCdb ADC detail HTML with component metadata and cell-line activity rows.
data/raw/adcdb_idrblab/adc_details/DRG0RINVT.html,adcdb_idrblab/adc_details/DRG0RINVT.html,adcdb_idrblab,.html,32600,5621a0e8dcd7a512d9a36cf27e53fc03915af29e272e3fe6ad28474b0fb8f458,Official ADCdb ADC detail HTML with component metadata and cell-line activity rows.
data/raw/adcdb_idrblab/adc_details/DRG0RIPVI.html,adcdb_idrblab/adc_details/DRG0RIPVI.html,adcdb_idrblab,.html,159822,81b7bdeb9e39dea195f0e43be902b12ef9108d30eb45a0333b6d2646dce315ce,Official ADCdb ADC detail HTML with component metadata and cell-line activity rows.
data/raw/adcdb_idrblab/adc_details/DRG0RMADH.html,adcdb_idrblab/adc_details/DRG0RMADH.html,adcdb_idrblab,.html,59347,06c9d2517024b723988102c74e8537b9d1b43ad8fea25a550c64a93ff565e036,Official ADCdb ADC detail HTML with component metadata and cell-line activity rows.
data/raw/adcdb_idrblab/adc_details/DRG0RNCBE.html,adcdb_idrblab/adc_details/DRG0RNCBE.html,adcdb_idrblab,.html,32479,ff6d520f66e55cdafc1df7790d502961c33d96788dc9fcc75844a6fed63d31ad,Official ADCdb ADC detail HTML with component metadata and cell-line activity rows.
data/raw/adcdb_idrblab/adc_details/DRG0RRKOG.html,adcdb_idrblab/adc_details/DRG0RRKOG.html,adcdb_idrblab,.html,31291,abac520bdb35a7a126375714b99ec8fa3c144584de9d8914c3310458b79f4e84,Official ADCdb ADC detail HTML with component metadata and cell-line activity rows.
data/raw/adcdb_idrblab/adc_details/DRG0RRMRW.html,adcdb_idrblab/adc_details/DRG0RRMRW.html,adcdb_idrblab,.html,32379,a2a43d956ba8d2d1d6003df663438f9356485076f818638f03e40736c7af8025,Official ADCdb ADC detail HTML with component metadata and cell-line activity rows.
data/raw/adcdb_idrblab/adc_details/DRG0RVKKH.html,adcdb_idrblab/adc_details/DRG0RVKKH.html,adcdb_idrblab,.html,41717,1875a447616efb21a85442b36a4fc27b8187754b27b78d9b382de48f0a0080a2,Official ADCdb ADC detail HTML with component metadata and cell-line activity rows.
data/raw/adcdb_idrblab/adc_details/DRG0RWYVW.html,adcdb_idrblab/adc_details/DRG0RWYVW.html,adcdb_idrblab,.html,41717,47db8e13f9feccf9b253c412e9d53f51756905341dbd50a16d62a1de0c65adb3,Official ADCdb ADC detail HTML with component metadata and cell-line activity rows.
data/raw/adcdb_idrblab/adc_details/DRG0RYBMQ.html,adcdb_idrblab/adc_details/DRG0RYBMQ.html,adcdb_idrblab,.html,69865,32071cbf88b60546f9f51d06bc80105ec0642f4dc313879fa419a13f0aa17533,Official ADCdb ADC detail HTML with component metadata and cell-line activity rows.
data/raw/adcdb_idrblab/adc_details/DRG0RYHHB.html,adcdb_idrblab/adc_details/DRG0RYHHB.html,adcdb_idrblab,.html,41735,507fc77bc32c30224d933587cd59d2e7651054f6e88a53e1cee35b5cda11d80c,Official ADCdb ADC detail HTML with component metadata and cell-line activity rows.
data/raw/adcdb_idrblab/adc_details/DRG0SBFOG.html,adcdb_idrblab/adc_details/DRG0SBFOG.html,adcdb_idrblab,.html,37799,5935c6f1f265d623db154677adbaca92c68fbe50e6b4a8bf6962cb75346ad54f,Official ADCdb ADC detail HTML with component metadata and cell-line activity rows.
data/raw/adcdb_idrblab/adc_details/DRG0SDZSF.html,adcdb_idrblab/adc_details/DRG0SDZSF.html,adcdb_idrblab,.html,129354,4752ffeb02d7c9f5412bf6cd12459194fb8248bafcd79086044445eb2d840b73,Official ADCdb ADC detail HTML with component metadata and cell-line activity rows.
data/raw/adcdb_idrblab/adc_details/DRG0SFDMO.html,adcdb_idrblab/adc_details/DRG0SFDMO.html,adcdb_idrblab,.html,27736,8103a57daadf604d0951c0f4182b9c97b6eb6614d9aa5f1db4175580e4c94969,Official ADCdb ADC detail HTML with component metadata and cell-line activity rows.
data/raw/adcdb_idrblab/adc_details/DRG0SHHOP.html,adcdb_idrblab/adc_details/DRG0SHHOP.html,adcdb_idrblab,.html,31225,636274f3e8f9b0a9b972310f3d27594638fe10fc70c31943ca6f4834ade6dba9,Official ADCdb ADC detail HTML with component metadata and cell-line activity rows.
data/raw/adcdb_idrblab/adc_details/DRG0SHYWZ.html,adcdb_idrblab/adc_details/DRG0SHYWZ.html,adcdb_idrblab,.html,41737,4eb7bd6ded121c14d409b3124c33219917ead6342a66cbcd0f46e91368a5edda,Official ADCdb ADC detail HTML with component metadata and cell-line activity rows.
data/raw/adcdb_idrblab/adc_details/DRG0SIGYC.html,adcdb_idrblab/adc_details/DRG0SIGYC.html,adcdb_idrblab,.html,32511,49bcb4e16dcea796d185888e66f02e3c8a21df50dbfbc8ee1333650b861fb6c3,Official ADCdb ADC detail HTML with component metadata and cell-line activity rows.
data/raw/adcdb_idrblab/adc_details/DRG0SLFJV.html,adcdb_idrblab/adc_details/DRG0SLFJV.html,adcdb_idrblab,.html,42663,6e1cdd45327c8ab70b273af7e29dcc7b1661a4971e631fcb1dc3ce43784e04af,Official ADCdb ADC detail HTML with component metadata and cell-line activity rows.
data/raw/adcdb_idrblab/adc_details/DRG0SMSNG.html,adcdb_idrblab/adc_details/DRG0SMSNG.html,adcdb_idrblab,.html,31239,97572b14d03ac5a782251db03fa647ff433f499f3195e905dca5ef7d38c536da,Official ADCdb ADC detail HTML with component metadata and cell-line activity rows.
data/raw/adcdb_idrblab/adc_details/DRG0SNONX.html,adcdb_idrblab/adc_details/DRG0SNONX.html,adcdb_idrblab,.html,38364,b8ff0760c2b2b28e3c77bca486585954a64a2165a4ae7f20521840f4643e08e0,Official ADCdb ADC detail HTML with component metadata and cell-line activity rows.
data/raw/adcdb_idrblab/adc_details/DRG0SOAPH.html,adcdb_idrblab/adc_details/DRG0SOAPH.html,adcdb_idrblab,.html,31515,e8eb9dcda23d77b0215e148d6942a62b5723e8ce2a0088a8c566179bab5e17b9,Official ADCdb ADC detail HTML with component metadata and cell-line activity rows.
data/raw/adcdb_idrblab/adc_details/DRG0SPGJY.html,adcdb_idrblab/adc_details/DRG0SPGJY.html,adcdb_idrblab,.html,37383,a6bfd750bee54dbef1444bfa74dfaad9d4b261646657f09092a244dd379332a2,Official ADCdb ADC detail HTML with component metadata and cell-line activity rows.
data/raw/adcdb_idrblab/adc_details/DRG0SRATX.html,adcdb_idrblab/adc_details/DRG0SRATX.html,adcdb_idrblab,.html,41721,2f80ffefc3079e05d620999f48ff2d01524edf0544fb58bd4d5d3323bbba98c5,Official ADCdb ADC detail HTML with component metadata and cell-line activity rows.
data/raw/adcdb_idrblab/adc_details/DRG0STMAC.html,adcdb_idrblab/adc_details/DRG0STMAC.html,adcdb_idrblab,.html,32161,fa9475596e8eaa5fdc786fbcdd6e7e8bfbf64617639ee21c51c5066403e1cb01,Official ADCdb ADC detail HTML with component metadata and cell-line activity rows.
data/raw/adcdb_idrblab/adc_details/DRG0SVTGT.html,adcdb_idrblab/adc_details/DRG0SVTGT.html,adcdb_idrblab,.html,31358,ced6d3169cc4bdc0b29766f0d2c6e36de54fc6644ba0d54207ebc09b5490b4c9,Official ADCdb ADC detail HTML with component metadata and cell-line activity rows.
data/raw/adcdb_idrblab/adc_details/DRG0SXFSY.html,adcdb_idrblab/adc_details/DRG0SXFSY.html,adcdb_idrblab,.html,290230,f464754a783c35ca591b935d8cfffb2adc29116cbf05fccf27246a53e3d90456,Official ADCdb ADC detail HTML with component metadata and cell-line activity rows.
data/raw/adcdb_idrblab/adc_details/DRG0SXQXJ.html,adcdb_idrblab/adc_details/DRG0SXQXJ.html,adcdb_idrblab,.html,31583,36e707025961e165f0efad55e0b9c39b0dc3642845da35b496d6e3d9d3487839,Official ADCdb ADC detail HTML with component metadata and cell-line activity rows.
data/raw/adcdb_idrblab/adc_details/DRG0SXQYA.html,adcdb_idrblab/adc_details/DRG0SXQYA.html,adcdb_idrblab,.html,32537,e3a9f63c1f46f5eaa14b8c0f36a0cb618a1585ff2714ee1b6c86add84a3dacfe,Official ADCdb ADC detail HTML with component metadata and cell-line activity rows.
data/raw/adcdb_idrblab/adc_details/DRG0SYDXK.html,adcdb_idrblab/adc_details/DRG0SYDXK.html,adcdb_idrblab,.html,64118,a58ae159603917663b023c02bf55cde16dc098d99af3793e997533011537c5ff,Official ADCdb ADC detail HTML with component metadata and cell-line activity rows.
data/raw/adcdb_idrblab/adc_details/DRG0SZERO.html,adcdb_idrblab/adc_details/DRG0SZERO.html,adcdb_idrblab,.html,75681,3675c83fbdd656c0e1227ab793df515c6815b7e996f5b4d9e090196b8ec7d66a,Official ADCdb ADC detail HTML with component metadata and cell-line activity rows.
data/raw/adcdb_idrblab/adc_details/DRG0TCBEP.html,adcdb_idrblab/adc_details/DRG0TCBEP.html,adcdb_idrblab,.html,32280,a2aa7fced721d99abc568e07e6c047de157f6cb4c36a15045487937fd85c7f86,Official ADCdb ADC detail HTML with component metadata and cell-line activity rows.
data/raw/adcdb_idrblab/adc_details/DRG0TDKHC.html,adcdb_idrblab/adc_details/DRG0TDKHC.html,adcdb_idrblab,.html,51515,03523f470616dbc94f6a7ec9caedc40bab317b9403e101c0a9bbb5346997f945,Official ADCdb ADC detail HTML with component metadata and cell-line activity rows.
data/raw/adcdb_idrblab/adc_details/DRG0TEJEI.html,adcdb_idrblab/adc_details/DRG0TEJEI.html,adcdb_idrblab,.html,41719,300ae166b7cb65fa87645d4daa779a7dce2679f6134133204c8f64ec41af19c2,Official ADCdb ADC detail HTML with component metadata and cell-line activity rows.
data/raw/adcdb_idrblab/adc_details/DRG0TFVTP.html,adcdb_idrblab/adc_details/DRG0TFVTP.html,adcdb_idrblab,.html,38276,5fd379f65cb57a39f15cbfca8b016b08e0631b03bb0bcf6f2f7781b96b010904,Official ADCdb ADC detail HTML with component metadata and cell-line activity rows.
data/raw/adcdb_idrblab/adc_details/DRG0TGDZM.html,adcdb_idrblab/adc_details/DRG0TGDZM.html,adcdb_idrblab,.html,31326,b4f852598aa2e37ae255998256682ec6fbc801f367cc51dc26b326baa3a012cc,Official ADCdb ADC detail HTML with component metadata and cell-line activity rows.
data/raw/adcdb_idrblab/adc_details/DRG0TGZCJ.html,adcdb_idrblab/adc_details/DRG0TGZCJ.html,adcdb_idrblab,.html,31562,c5671e1987805c4b839bdb8123275ec322244c7e4981084660a8381ec0cef94a,Official ADCdb ADC detail HTML with component metadata and cell-line activity rows.
data/raw/adcdb_idrblab/adc_details/DRG0THGAW.html,adcdb_idrblab/adc_details/DRG0THGAW.html,adcdb_idrblab,.html,180618,61fa79075ed09c07707ceb0af49c886e7afedda920d50a6981a52081756857af,Official ADCdb ADC detail HTML with component metadata and cell-line activity rows.
data/raw/adcdb_idrblab/adc_details/DRG0TIDUJ.html,adcdb_idrblab/adc_details/DRG0TIDUJ.html,adcdb_idrblab,.html,46508,91cf9c70c1a25e4419d398b57d267c87795dba4928112bd2e8e32b33955d46b4,Official ADCdb ADC detail HTML with component metadata and cell-line activity rows.
data/raw/adcdb_idrblab/adc_details/DRG0TIZXC.html,adcdb_idrblab/adc_details/DRG0TIZXC.html,adcdb_idrblab,.html,27736,e69360d85e59ac2ec97ad6a2a75da3710b1b43b0b3a4a184e83da4e56f141139,Official ADCdb ADC detail HTML with component metadata and cell-line activity rows.
data/raw/adcdb_idrblab/adc_details/DRG0TJNBS.html,adcdb_idrblab/adc_details/DRG0TJNBS.html,adcdb_idrblab,.html,32435,3c4d49b166c1e0037fd16be64f6cb94feab188002a9c1f8c6b1fee7700fe5616,Official ADCdb ADC detail HTML with component metadata and cell-line activity rows.
data/raw/adcdb_idrblab/adc_details/DRG0TKVCB.html,adcdb_idrblab/adc_details/DRG0TKVCB.html,adcdb_idrblab,.html,260273,55a5642572acac79775d4452ea091c2ae1ead50d597c4bf0c7441cb67587d69e,Official ADCdb ADC detail HTML with component metadata and cell-line activity rows.
data/raw/adcdb_idrblab/adc_details/DRG0TLFED.html,adcdb_idrblab/adc_details/DRG0TLFED.html,adcdb_idrblab,.html,41671,430b1b2ffc2b13cca1219814e28a8d5e9186f264c1e9cf3af9419c58a20612a8,Official ADCdb ADC detail HTML with component metadata and cell-line activity rows.
data/raw/adcdb_idrblab/adc_details/DRG0TODDH.html,adcdb_idrblab/adc_details/DRG0TODDH.html,adcdb_idrblab,.html,32503,1dd24f4c054a42d15e335ca7bfc4c535b46baa1a14c3c361585285dbedd31c01,Official ADCdb ADC detail HTML with component metadata and cell-line activity rows.
data/raw/adcdb_idrblab/adc_details/DRG0TRBER.html,adcdb_idrblab/adc_details/DRG0TRBER.html,adcdb_idrblab,.html,41473,95a9118af9860e94f4fc937dd73fdd2486e6499a86aa3da68c0e5ccdc50d4c2e,Official ADCdb ADC detail HTML with component metadata and cell-line activity rows.
data/raw/adcdb_idrblab/adc_details/DRG0TUCHR.html,adcdb_idrblab/adc_details/DRG0TUCHR.html,adcdb_idrblab,.html,54154,d38082d534bf60dd2c946f91a50c2a7c3030be1f48e0a9923afe88e1b62ce582,Official ADCdb ADC detail HTML with component metadata and cell-line activity rows.
data/raw/adcdb_idrblab/adc_details/DRG0TVFCB.html,adcdb_idrblab/adc_details/DRG0TVFCB.html,adcdb_idrblab,.html,32389,dd1cf420627ea2e4bc0f3fa4257ccc6e18f7266ff3332040bfa19162b9f069e8,Official ADCdb ADC detail HTML with component metadata and cell-line activity rows.
data/raw/adcdb_idrblab/adc_details/DRG0TVMXR.html,adcdb_idrblab/adc_details/DRG0TVMXR.html,adcdb_idrblab,.html,44546,d9541699112316e9dbbbb0c086a8b993a1b8ba9445c097f177cd90bec43050a7,Official ADCdb ADC detail HTML with component metadata and cell-line activity rows.
data/raw/adcdb_idrblab/adc_details/DRG0TVSRK.html,adcdb_idrblab/adc_details/DRG0TVSRK.html,adcdb_idrblab,.html,41739,1e7cab1d1c8d7d7cd1139ff41856d29c893c9300ee78df7cf7d18242557998cb,Official ADCdb ADC detail HTML with component metadata and cell-line activity rows.
data/raw/adcdb_idrblab/adc_details/DRG0TXLYS.html,adcdb_idrblab/adc_details/DRG0TXLYS.html,adcdb_idrblab,.html,32471,535ce9ddaa2d6cc18d9dd1cbe74fd1c6da1803dce8f930d6eb163a549474ba21,Official ADCdb ADC detail HTML with component metadata and cell-line activity rows.
data/raw/adcdb_idrblab/adc_details/DRG0TZZNJ.html,adcdb_idrblab/adc_details/DRG0TZZNJ.html,adcdb_idrblab,.html,163142,37a4f0f64ce0ea83646f4d8ecbccecdaa246a08ebc3409ca844fefb4004c07ba,Official ADCdb ADC detail HTML with component metadata and cell-line activity rows.
data/raw/adcdb_idrblab/adc_details/DRG0UCXTV.html,adcdb_idrblab/adc_details/DRG0UCXTV.html,adcdb_idrblab,.html,64490,062ff81ef9a624672f274e434a2f30a8ccf6da1fd261a4f18f2ed1ff3ee2fd6f,Official ADCdb ADC detail HTML with component metadata and cell-line activity rows.
data/raw/adcdb_idrblab/adc_details/DRG0UFZSN.html,adcdb_idrblab/adc_details/DRG0UFZSN.html,adcdb_idrblab,.html,32512,02fd01476827027a19a31c90a06cc4efb4d7b8396a7e284bb2b00b389e3c6ba0,Official ADCdb ADC detail HTML with component metadata and cell-line activity rows.
data/raw/adcdb_idrblab/adc_details/DRG0UIZAJ.html,adcdb_idrblab/adc_details/DRG0UIZAJ.html,adcdb_idrblab,.html,31268,e04b4d7510ad88215e984a39bc6ee95de6a928f0438a14daf0f5d9ce7994de94,Official ADCdb ADC detail HTML with component metadata and cell-line activity rows.
data/raw/adcdb_idrblab/adc_details/DRG0UOYHC.html,adcdb_idrblab/adc_details/DRG0UOYHC.html,adcdb_idrblab,.html,31562,f9217614ee317f1453e93ff4d9d0397614f59ee197cae5d8a16ef1743d266b88,Official ADCdb ADC detail HTML with component metadata and cell-line activity rows.
data/raw/adcdb_idrblab/adc_details/DRG0UQTJG.html,adcdb_idrblab/adc_details/DRG0UQTJG.html,adcdb_idrblab,.html,186803,24e1f002f9470454d44df5ecaccc255c90b5ac4edac0c701ec52a9923707f2bc,Official ADCdb ADC detail HTML with component metadata and cell-line activity rows.
data/raw/adcdb_idrblab/adc_details/DRG0UQXNZ.html,adcdb_idrblab/adc_details/DRG0UQXNZ.html,adcdb_idrblab,.html,32474,4a819c45bfe5e11cccb8b2f2bac6a40ce8e4391919f73f8024700532df958630,Official ADCdb ADC detail HTML with component metadata and cell-line activity rows.
data/raw/adcdb_idrblab/adc_details/DRG0UVWML.html,adcdb_idrblab/adc_details/DRG0UVWML.html,adcdb_idrblab,.html,31239,17b24b50f6d3a04670267c5fb2aefa1777f7530f974203aa2fa166d5ee0aa5ee,Official ADCdb ADC detail HTML with component metadata and cell-line activity rows.
data/raw/adcdb_idrblab/adc_details/DRG0UYDHQ.html,adcdb_idrblab/adc_details/DRG0UYDHQ.html,adcdb_idrblab,.html,31341,d9fd70441fbbbaa4f8b8d24b07029ad0444809c672bcd96862f793255f0900ab,Official ADCdb ADC detail HTML with component metadata and cell-line activity rows.
data/raw/adcdb_idrblab/adc_details/DRG0UYWZI.html,adcdb_idrblab/adc_details/DRG0UYWZI.html,adcdb_idrblab,.html,49665,87cd94ccbc93378b88ac2e76dfd5c9643ae9d67bee3fdcbfd6f0214be5182440,Official ADCdb ADC detail HTML with component metadata and cell-line activity rows.
data/raw/adcdb_idrblab/adc_details/DRG0UZQBB.html,adcdb_idrblab/adc_details/DRG0UZQBB.html,adcdb_idrblab,.html,41167,b85a9f698e0c326bfdf2427b76a1c47daf16de7be5c7c53bf279caa774cdec8a,Official ADCdb ADC detail HTML with component metadata and cell-line activity rows.
data/raw/adcdb_idrblab/adc_details/DRG0VBVDR.html,adcdb_idrblab/adc_details/DRG0VBVDR.html,adcdb_idrblab,.html,56757,df7290a848f29d2678cd34c4b72502deca5a3dded35d0fa9e0fc4b13bb48059d,Official ADCdb ADC detail HTML with component metadata and cell-line activity rows.
data/raw/adcdb_idrblab/adc_details/DRG0VIDMZ.html,adcdb_idrblab/adc_details/DRG0VIDMZ.html,adcdb_idrblab,.html,46430,bbd2853a7f2e82582d8832550c54f6bbe384097275f874acd85ba6b9a2916de6,Official ADCdb ADC detail HTML with component metadata and cell-line activity rows.
data/raw/adcdb_idrblab/adc_details/DRG0VKMEF.html,adcdb_idrblab/adc_details/DRG0VKMEF.html,adcdb_idrblab,.html,31324,00bed8ed9bbdc1bc9b82b3d4fbe6134b3670527f09b48384d31cd0974e291f57,Official ADCdb ADC detail HTML with component metadata and cell-line activity rows.
data/raw/adcdb_idrblab/adc_details/DRG0VKZKL.html,adcdb_idrblab/adc_details/DRG0VKZKL.html,adcdb_idrblab,.html,31297,96399b71d0925459af5c5d8ba9ecde51f5564d9608225bf5aff09507479d5ed7,Official ADCdb ADC detail HTML with component metadata and cell-line activity rows.
data/raw/adcdb_idrblab/adc_details/DRG0VMKDY.html,adcdb_idrblab/adc_details/DRG0VMKDY.html,adcdb_idrblab,.html,143196,4da6de85d3e391289f656f4f6f3c129854b758d4140bc2715134c96d0a83b923,Official ADCdb ADC detail HTML with component metadata and cell-line activity rows.
data/raw/adcdb_idrblab/adc_details/DRG0VMSSD.html,adcdb_idrblab/adc_details/DRG0VMSSD.html,adcdb_idrblab,.html,116225,8f609d2d7e6854e5c9a7f8301dfadddb55fcede27d13c46df72563b3bf958ec8,Official ADCdb ADC detail HTML with component metadata and cell-line activity rows.
data/raw/adcdb_idrblab/adc_details/DRG0VOHBK.html,adcdb_idrblab/adc_details/DRG0VOHBK.html,adcdb_idrblab,.html,71027,8a571f25abf24e79f8f3c4d327378e01805c7068f817388196d9835ada9f8877,Official ADCdb ADC detail HTML with component metadata and cell-line activity rows.
data/raw/adcdb_idrblab/adc_details/DRG0VPRQO.html,adcdb_idrblab/adc_details/DRG0VPRQO.html,adcdb_idrblab,.html,31297,7e2cbb65c61879ca3d2dd53cbdd1a31c064107db5641bf654d0b1125f409672a,Official ADCdb ADC detail HTML with component metadata and cell-line activity rows.
data/raw/adcdb_idrblab/adc_details/DRG0VQNHE.html,adcdb_idrblab/adc_details/DRG0VQNHE.html,adcdb_idrblab,.html,41475,b46cbbdab0e5bcbe0ac6d7aba1b1626ff2193c203ddbe4974d4dc0e16edd3c03,Official ADCdb ADC detail HTML with component metadata and cell-line activity rows.
data/raw/adcdb_idrblab/adc_details/DRG0VSAIC.html,adcdb_idrblab/adc_details/DRG0VSAIC.html,adcdb_idrblab,.html,53213,0d7a1c9ef21c734a2e0e0a8dd817fb09e022e007c7655abe2169c2a7e1bcdac3,Official ADCdb ADC detail HTML with component metadata and cell-line activity rows.
data/raw/adcdb_idrblab/adc_details/DRG0VTKKK.html,adcdb_idrblab/adc_details/DRG0VTKKK.html,adcdb_idrblab,.html,31266,3bf0c1613638888fe9eba59ad00c8d0c1f64bcca356ef9a665a50e379fb7d6a4,Official ADCdb ADC detail HTML with component metadata and cell-line activity rows.
data/raw/adcdb_idrblab/adc_details/DRG0VVVWC.html,adcdb_idrblab/adc_details/DRG0VVVWC.html,adcdb_idrblab,.html,57988,a09eaa4142f5178df51c06a1a8745ce9f77a0646c10cd4b67742b39c3366ff62,Official ADCdb ADC detail HTML with component metadata and cell-line activity rows.
data/raw/adcdb_idrblab/adc_details/DRG0VWVOU.html,adcdb_idrblab/adc_details/DRG0VWVOU.html,adcdb_idrblab,.html,46179,1db209c17582082bb35986b95018e35e1b5de3eca7675895f0258fe1c23107f3,Official ADCdb ADC detail HTML with component metadata and cell-line activity rows.
data/raw/adcdb_idrblab/adc_details/DRG0VZBJX.html,adcdb_idrblab/adc_details/DRG0VZBJX.html,adcdb_idrblab,.html,31341,ed9a4c78b3cc299913e0595be2ca32aacac8b86b2eb82ba5f41e8a0c44630218,Official ADCdb ADC detail HTML with component metadata and cell-line activity rows.
data/raw/adcdb_idrblab/adc_details/DRG0WCVDN.html,adcdb_idrblab/adc_details/DRG0WCVDN.html,adcdb_idrblab,.html,31297,6151c3557fcd05cf51a36a54dc5a6c3344b3ba58d09190408c8eb4bbe3578d3f,Official ADCdb ADC detail HTML with component metadata and cell-line activity rows.
data/raw/adcdb_idrblab/adc_details/DRG0WHDMO.html,adcdb_idrblab/adc_details/DRG0WHDMO.html,adcdb_idrblab,.html,51901,1dd074cb9f5222f4b70dbf6ec5951636bd97f8181a88fb5da9f9b966677d7ec2,Official ADCdb ADC detail HTML with component metadata and cell-line activity rows.
data/raw/adcdb_idrblab/adc_details/DRG0WHHZG.html,adcdb_idrblab/adc_details/DRG0WHHZG.html,adcdb_idrblab,.html,38843,558067c571c217c89091df8c1d0398f85580d068564cc513a6996fef12eade1b,Official ADCdb ADC detail HTML with component metadata and cell-line activity rows.
data/raw/adcdb_idrblab/adc_details/DRG0WIBDT.html,adcdb_idrblab/adc_details/DRG0WIBDT.html,adcdb_idrblab,.html,78968,902753c2b97796a4d21e643e81698e3caf599eeedfb2a63752fcc5ced10bb908,Official ADCdb ADC detail HTML with component metadata and cell-line activity rows.
data/raw/adcdb_idrblab/adc_details/DRG0WJWEG.html,adcdb_idrblab/adc_details/DRG0WJWEG.html,adcdb_idrblab,.html,229740,dc3238868b2822aec2bf5c1d30a48644682a14b605bf5aa8410d3d7ed1bab0dd,Official ADCdb ADC detail HTML with component metadata and cell-line activity rows.
data/raw/adcdb_idrblab/adc_details/DRG0WLYOR.html,adcdb_idrblab/adc_details/DRG0WLYOR.html,adcdb_idrblab,.html,71103,6c4d2141579a73bb623858bc8d0288980be922ed3abe2771e81bdafd87f9aa59,Official ADCdb ADC detail HTML with component metadata and cell-line activity rows.
data/raw/adcdb_idrblab/adc_details/DRG0WOBTH.html,adcdb_idrblab/adc_details/DRG0WOBTH.html,adcdb_idrblab,.html,43554,db30db5013af3772623b54f75c50026783eaff0f8077e349ec931d414092822a,Official ADCdb ADC detail HTML with component metadata and cell-line activity rows.
data/raw/adcdb_idrblab/adc_details/DRG0WRMGX.html,adcdb_idrblab/adc_details/DRG0WRMGX.html,adcdb_idrblab,.html,59347,b5646cf59692ae1d21d8b4fb313fa12544353861dd2de9990230a73825a15d44,Official ADCdb ADC detail HTML with component metadata and cell-line activity rows.
data/raw/adcdb_idrblab/adc_details/DRG0WWBCV.html,adcdb_idrblab/adc_details/DRG0WWBCV.html,adcdb_idrblab,.html,105489,237af52b8932ff2c050f62625f3f100b6f1b2db80be1a598e27c3d17ab3e780d,Official ADCdb ADC detail HTML with component metadata and cell-line activity rows.
data/raw/adcdb_idrblab/adc_details/DRG0WWCCI.html,adcdb_idrblab/adc_details/DRG0WWCCI.html,adcdb_idrblab,.html,31584,6185a816dc621da174b983cbf8f2245ae2126acd1a18ae3eaa79fe5b1467679d,Official ADCdb ADC detail HTML with component metadata and cell-line activity rows.
data/raw/adcdb_idrblab/adc_details/DRG0WWOAE.html,adcdb_idrblab/adc_details/DRG0WWOAE.html,adcdb_idrblab,.html,31268,6450885143a8faeedd8e8a778ebb4402fe1b312a8f9d7c14b1f9647b872c4cb9,Official ADCdb ADC detail HTML with component metadata and cell-line activity rows.
data/raw/adcdb_idrblab/adc_details/DRG0WXQJL.html,adcdb_idrblab/adc_details/DRG0WXQJL.html,adcdb_idrblab,.html,208185,77b50be8555e33e640f51d50e3a9197e08518bb7591f622b1e830cdd23ed4cb9,Official ADCdb ADC detail HTML with component metadata and cell-line activity rows.
data/raw/adcdb_idrblab/adc_details/DRG0WYBYC.html,adcdb_idrblab/adc_details/DRG0WYBYC.html,adcdb_idrblab,.html,31239,46c162246742082a9c37e3c5988553b241a90f724bff60f7102de4fd73ce54ee,Official ADCdb ADC detail HTML with component metadata and cell-line activity rows.
data/raw/adcdb_idrblab/adc_details/DRG0WZSAX.html,adcdb_idrblab/adc_details/DRG0WZSAX.html,adcdb_idrblab,.html,31300,21ab095872bbf431eb765d4cdfc243156ee623c7de4ba275f35fc5090be2e373,Official ADCdb ADC detail HTML with component metadata and cell-line activity rows.
data/raw/adcdb_idrblab/adc_details/DRG0XABHQ.html,adcdb_idrblab/adc_details/DRG0XABHQ.html,adcdb_idrblab,.html,41739,efac0f246ba1fffffebe2b354e4176fe37a2502a4a7561cb13c461e916d4d096,Official ADCdb ADC detail HTML with component metadata and cell-line activity rows.
data/raw/adcdb_idrblab/adc_details/DRG0XBANE.html,adcdb_idrblab/adc_details/DRG0XBANE.html,adcdb_idrblab,.html,46365,fbec55b8d34b4fdbbd6fba955b7512644745c070e3d71586a9cdc67639d26451,Official ADCdb ADC detail HTML with component metadata and cell-line activity rows.
data/raw/adcdb_idrblab/adc_details/DRG0XBJHU.html,adcdb_idrblab/adc_details/DRG0XBJHU.html,adcdb_idrblab,.html,46092,98af66299a28a76cc7d0ae15b1b64ee21270aacc2e21f2bdf018a514b46e6f4d,Official ADCdb ADC detail HTML with component metadata and cell-line activity rows.
data/raw/adcdb_idrblab/adc_details/DRG0XCSOA.html,adcdb_idrblab/adc_details/DRG0XCSOA.html,adcdb_idrblab,.html,32539,e7ede87ba44bac276d93858e35304d75473853d4f3509cf44caf57bd68b1fab9,Official ADCdb ADC detail HTML with component metadata and cell-line activity rows.
data/raw/adcdb_idrblab/adc_details/DRG0XCWMD.html,adcdb_idrblab/adc_details/DRG0XCWMD.html,adcdb_idrblab,.html,72819,3213c49fe6c6cee0ee42891913eab423d8e97973755871857d77443953df6859,Official ADCdb ADC detail HTML with component metadata and cell-line activity rows.
data/raw/adcdb_idrblab/adc_details/DRG0XFAKK.html,adcdb_idrblab/adc_details/DRG0XFAKK.html,adcdb_idrblab,.html,32571,46f402044e50e6ec72fe6db25a8e9e323a028f314d2c1b89746c39974826e902,Official ADCdb ADC detail HTML with component metadata and cell-line activity rows.
data/raw/adcdb_idrblab/adc_details/DRG0XFTRM.html,adcdb_idrblab/adc_details/DRG0XFTRM.html,adcdb_idrblab,.html,43178,69bf96fd9c0e454593659523d7361f6df436d4a7d1f9740446f4af3db79c573a,Official ADCdb ADC detail HTML with component metadata and cell-line activity rows.
data/raw/adcdb_idrblab/adc_details/DRG0XGLSR.html,adcdb_idrblab/adc_details/DRG0XGLSR.html,adcdb_idrblab,.html,68178,077e804835b3424ba3d53f127bd32447fe6e5905beb03f7bcb836073175d411c,Official ADCdb ADC detail HTML with component metadata and cell-line activity rows.
data/raw/adcdb_idrblab/adc_details/DRG0XHGCX.html,adcdb_idrblab/adc_details/DRG0XHGCX.html,adcdb_idrblab,.html,106697,8153e4563d53286a92e30d6f611af7f8f36191df5919659f9e955282664d9d0c,Official ADCdb ADC detail HTML with component metadata and cell-line activity rows.
data/raw/adcdb_idrblab/adc_details/DRG0XHZLG.html,adcdb_idrblab/adc_details/DRG0XHZLG.html,adcdb_idrblab,.html,96305,27f823ced4815630909f60fd21523bd554c055bc4a9e56cf6c6e85dd14f0bfdd,Official ADCdb ADC detail HTML with component metadata and cell-line activity rows.
data/raw/adcdb_idrblab/adc_details/DRG0XIMBQ.html,adcdb_idrblab/adc_details/DRG0XIMBQ.html,adcdb_idrblab,.html,41757,003938ea96c26c4c97a94f5a2d21feb0a62f4665a76d83a628d7879492743c89,Official ADCdb ADC detail HTML with component metadata and cell-line activity rows.
data/raw/adcdb_idrblab/adc_details/DRG0XJKXB.html,adcdb_idrblab/adc_details/DRG0XJKXB.html,adcdb_idrblab,.html,57734,688554e64bc9d30a29d827dcce2dd87a9eb3a9e6be86d918f2ff80c6b5d79eb0,Official ADCdb ADC detail HTML with component metadata and cell-line activity rows.
data/raw/adcdb_idrblab/adc_details/DRG0XKZBM.html,adcdb_idrblab/adc_details/DRG0XKZBM.html,adcdb_idrblab,.html,32441,68a3783d883abd9e215d64b2864192555e4247d0ce7e384a6debc63278f33a07,Official ADCdb ADC detail HTML with component metadata and cell-line activity rows.
data/raw/adcdb_idrblab/adc_details/DRG0XODQO.html,adcdb_idrblab/adc_details/DRG0XODQO.html,adcdb_idrblab,.html,32548,3ac94431554ea80513f973de4bc932289489c4c5d52fbc369eef5cb2713184e0,Official ADCdb ADC detail HTML with component metadata and cell-line activity rows.
data/raw/adcdb_idrblab/adc_details/DRG0XOIAM.html,adcdb_idrblab/adc_details/DRG0XOIAM.html,adcdb_idrblab,.html,105522,e409f713bf26223c494c0fd99b440a8fdef8cd5972845f0e48b450854fbf771b,Official ADCdb ADC detail HTML with component metadata and cell-line activity rows.
data/raw/adcdb_idrblab/adc_details/DRG0XOWVF.html,adcdb_idrblab/adc_details/DRG0XOWVF.html,adcdb_idrblab,.html,53313,3c8637b50e03ed7eef7559c23a3c06a6262f875307f177e0634aad2c0fcd41fc,Official ADCdb ADC detail HTML with component metadata and cell-line activity rows.
data/raw/adcdb_idrblab/adc_details/DRG0XPPOZ.html,adcdb_idrblab/adc_details/DRG0XPPOZ.html,adcdb_idrblab,.html,83074,5ffb25233f8d76da856c0aa5d269c06648cc2055262add32f44c1c7ad4e0b1e9,Official ADCdb ADC detail HTML with component metadata and cell-line activity rows.
data/raw/adcdb_idrblab/adc_details/DRG0XRKKA.html,adcdb_idrblab/adc_details/DRG0XRKKA.html,adcdb_idrblab,.html,37799,c4e0566483b8a84c327fb7e45bdf3417c4258a0a7f45ea5c371db46d847ae707,Official ADCdb ADC detail HTML with component metadata and cell-line activity rows.
data/raw/adcdb_idrblab/adc_details/DRG0XTHXR.html,adcdb_idrblab/adc_details/DRG0XTHXR.html,adcdb_idrblab,.html,31601,43cd553356a191946c17afa52689527a33b42681e06e5dac4ab051b8da571b74,Official ADCdb ADC detail HTML with component metadata and cell-line activity rows.
data/raw/adcdb_idrblab/adc_details/DRG0XTMJF.html,adcdb_idrblab/adc_details/DRG0XTMJF.html,adcdb_idrblab,.html,87098,9bad48131b2a1fb8cb3fd148ca1c7972e9504eca7c3a1433d7d3306d18033d0f,Official ADCdb ADC detail HTML with component metadata and cell-line activity rows.
data/raw/adcdb_idrblab/adc_details/DRG0XVWMN.html,adcdb_idrblab/adc_details/DRG0XVWMN.html,adcdb_idrblab,.html,31300,782c01bc41caf2e78d4e4a690570ee03316720d3f7e6ce2a0d765b446e96ddaa,Official ADCdb ADC detail HTML with component metadata and cell-line activity rows.
data/raw/adcdb_idrblab/adc_details/DRG0XXDZE.html,adcdb_idrblab/adc_details/DRG0XXDZE.html,adcdb_idrblab,.html,31266,597177051f9f890c01df302379c308ca68b5b069714cc35578006e8e0299e225,Official ADCdb ADC detail HTML with component metadata and cell-line activity rows.
data/raw/adcdb_idrblab/adc_details/DRG0YBEES.html,adcdb_idrblab/adc_details/DRG0YBEES.html,adcdb_idrblab,.html,41718,fb5ee44dd0ecb64f30cbdbe6caddbdbbd2203a3329c16416386a8f762cea2b6a,Official ADCdb ADC detail HTML with component metadata and cell-line activity rows.
data/raw/adcdb_idrblab/adc_details/DRG0YDZZJ.html,adcdb_idrblab/adc_details/DRG0YDZZJ.html,adcdb_idrblab,.html,31562,420da263cc3bb47cac716e25a2000958594312f5171b0f2889d559b006d37e66,Official ADCdb ADC detail HTML with component metadata and cell-line activity rows.
data/raw/adcdb_idrblab/adc_details/DRG0YFDWE.html,adcdb_idrblab/adc_details/DRG0YFDWE.html,adcdb_idrblab,.html,41717,20f006a4e5142030b811c50ce18485e321e75abcc74e53d2746e5ae85a2d3f27,Official ADCdb ADC detail HTML with component metadata and cell-line activity rows.
data/raw/adcdb_idrblab/adc_details/DRG0YFLRB.html,adcdb_idrblab/adc_details/DRG0YFLRB.html,adcdb_idrblab,.html,49932,8f858baf6557ddef3660bc37a09bb3ba674e109befb34a6a551b61518f17502f,Official ADCdb ADC detail HTML with component metadata and cell-line activity rows.
data/raw/adcdb_idrblab/adc_details/DRG0YFUMC.html,adcdb_idrblab/adc_details/DRG0YFUMC.html,adcdb_idrblab,.html,38473,f1f91ba390ea7ff3205e881e0ca913a3f9fc8ad46787cbdd2315d00c9af91510,Official ADCdb ADC detail HTML with component metadata and cell-line activity rows.
data/raw/adcdb_idrblab/adc_details/DRG0YGJNE.html,adcdb_idrblab/adc_details/DRG0YGJNE.html,adcdb_idrblab,.html,31257,6a0b66f2fa8729e7df92919b8f640033773ec8e775e6e0361d3224b14e1ca724,Official ADCdb ADC detail HTML with component metadata and cell-line activity rows.
data/raw/adcdb_idrblab/adc_details/DRG0YJCVC.html,adcdb_idrblab/adc_details/DRG0YJCVC.html,adcdb_idrblab,.html,50832,0658d4086588a9a838dcd679dadf292324258d33c1df2a394f7db6b3dcc5e0db,Official ADCdb ADC detail HTML with component metadata and cell-line activity rows.
data/raw/adcdb_idrblab/adc_details/DRG0YNSSE.html,adcdb_idrblab/adc_details/DRG0YNSSE.html,adcdb_idrblab,.html,31358,d5f978a9af87c9739afd5b2ae315b19e34969646ca2f7755415e05d331825741,Official ADCdb ADC detail HTML with component metadata and cell-line activity rows.
data/raw/adcdb_idrblab/adc_details/DRG0YQKRG.html,adcdb_idrblab/adc_details/DRG0YQKRG.html,adcdb_idrblab,.html,41766,b399893462d5093cad6f22c0e49dfb2ef02a3472d1a57327f0b3f24fc7e683f1,Official ADCdb ADC detail HTML with component metadata and cell-line activity rows.
data/raw/adcdb_idrblab/adc_details/DRG0YRHDV.html,adcdb_idrblab/adc_details/DRG0YRHDV.html,adcdb_idrblab,.html,32539,390a95521f35684ead98662e51061f3019de8e4b9feca21d89aba364dc82cea6,Official ADCdb ADC detail HTML with component metadata and cell-line activity rows.
data/raw/adcdb_idrblab/adc_details/DRG0YRRUO.html,adcdb_idrblab/adc_details/DRG0YRRUO.html,adcdb_idrblab,.html,31297,63831e5a0a55a6f7bafe16342a5a5f2746202c7f81a5efd7e765d7e7c06779de,Official ADCdb ADC detail HTML with component metadata and cell-line activity rows.
data/raw/adcdb_idrblab/adc_details/DRG0YTQWE.html,adcdb_idrblab/adc_details/DRG0YTQWE.html,adcdb_idrblab,.html,32533,8a3d16518f61cab2d8b53813367cecfacf12090bafb06e127d281a679bc69f85,Official ADCdb ADC detail HTML with component metadata and cell-line activity rows.
data/raw/adcdb_idrblab/adc_details/DRG0YTRFZ.html,adcdb_idrblab/adc_details/DRG0YTRFZ.html,adcdb_idrblab,.html,55974,9fc78d74992f1f9d0ed12f2f25d3374d0237739eaf1974644719fa7f7a15f963,Official ADCdb ADC detail HTML with component metadata and cell-line activity rows.
data/raw/adcdb_idrblab/adc_details/DRG0YWVTW.html,adcdb_idrblab/adc_details/DRG0YWVTW.html,adcdb_idrblab,.html,31326,d80f9e0d7a2bfef41bd115298b174cd891275f8e68f49bb805f6491d7618b615,Official ADCdb ADC detail HTML with component metadata and cell-line activity rows.
data/raw/adcdb_idrblab/adc_details/DRG0YXJPS.html,adcdb_idrblab/adc_details/DRG0YXJPS.html,adcdb_idrblab,.html,31260,0fc08096c00b4f2e32448267e886858a18646e033b48ef2e710b38bb9544719b,Official ADCdb ADC detail HTML with component metadata and cell-line activity rows.
data/raw/adcdb_idrblab/adc_details/DRG0YZGPN.html,adcdb_idrblab/adc_details/DRG0YZGPN.html,adcdb_idrblab,.html,67029,48a9b9c1c0ba3837a26462ff47868da7a9c762ff7c3dc68c39c9fb8624cbc84d,Official ADCdb ADC detail HTML with component metadata and cell-line activity rows.
data/raw/adcdb_idrblab/adc_details/DRG0ZBATX.html,adcdb_idrblab/adc_details/DRG0ZBATX.html,adcdb_idrblab,.html,31300,e38a011367019f2c13f910e136005518c3e0ac321e1d0fe5ea6f28071b44a1de,Official ADCdb ADC detail HTML with component metadata and cell-line activity rows.
data/raw/adcdb_idrblab/adc_details/DRG0ZBHUT.html,adcdb_idrblab/adc_details/DRG0ZBHUT.html,adcdb_idrblab,.html,41739,4de591afd3a53d43ccfe4d6ff8a986672510382edc1a974a1d38ce100ac05184,Official ADCdb ADC detail HTML with component metadata and cell-line activity rows.
data/raw/adcdb_idrblab/adc_details/DRG0ZBRFQ.html,adcdb_idrblab/adc_details/DRG0ZBRFQ.html,adcdb_idrblab,.html,42669,73c219ce7c573d8bbf0c0b16f476efee254c5b5d69d98ab529e9e9b18bdab058,Official ADCdb ADC detail HTML with component metadata and cell-line activity rows.
data/raw/adcdb_idrblab/adc_details/DRG0ZCWSM.html,adcdb_idrblab/adc_details/DRG0ZCWSM.html,adcdb_idrblab,.html,31239,5fa1f31274e495b67824540f87337b15bd44842de7e1f10e977b4194c3c85396,Official ADCdb ADC detail HTML with component metadata and cell-line activity rows.
data/raw/adcdb_idrblab/adc_details/DRG0ZDMEE.html,adcdb_idrblab/adc_details/DRG0ZDMEE.html,adcdb_idrblab,.html,31266,41b2706e4e52ec414d4c720cc30b48cfaa4ff1b3f4413b53b8d2de2c8a26b024,Official ADCdb ADC detail HTML with component metadata and cell-line activity rows.
data/raw/adcdb_idrblab/adc_details/DRG0ZIJNR.html,adcdb_idrblab/adc_details/DRG0ZIJNR.html,adcdb_idrblab,.html,64853,5cdb13cf477f70f73f5e62231f2e83e8ab2c3a0c9fc00ac52a860a8ad1b9530b,Official ADCdb ADC detail HTML with component metadata and cell-line activity rows.
data/raw/adcdb_idrblab/adc_details/DRG0ZKEKI.html,adcdb_idrblab/adc_details/DRG0ZKEKI.html,adcdb_idrblab,.html,50622,7097791e60beeb34155afef74992001d3e05d11fe67a77f5486a55d209b06f09,Official ADCdb ADC detail HTML with component metadata and cell-line activity rows.
data/raw/adcdb_idrblab/adc_details/DRG0ZMVEM.html,adcdb_idrblab/adc_details/DRG0ZMVEM.html,adcdb_idrblab,.html,32854,28357b6bd1ca2cccaa96c55f1e22666add1254f499458300d8561b2d05344f7b,Official ADCdb ADC detail HTML with component metadata and cell-line activity rows.
data/raw/adcdb_idrblab/adc_details/DRG0ZMZUD.html,adcdb_idrblab/adc_details/DRG0ZMZUD.html,adcdb_idrblab,.html,210443,d2a56604bb51b213a2f68991f9567bc90308f12539f9a38aac2a894dddf615ca,Official ADCdb ADC detail HTML with component metadata and cell-line activity rows.
data/raw/adcdb_idrblab/adc_details/DRG0ZNAID.html,adcdb_idrblab/adc_details/DRG0ZNAID.html,adcdb_idrblab,.html,32478,64acac47a3df392bb91bdaca708dd029cfe4968c3cbcaee1c5771e4bed95370b,Official ADCdb ADC detail HTML with component metadata and cell-line activity rows.
data/raw/adcdb_idrblab/adc_details/DRG0ZOOMZ.html,adcdb_idrblab/adc_details/DRG0ZOOMZ.html,adcdb_idrblab,.html,31300,32197be8f467986a6f5a765069db351bb47091c2bfbe93ee2726dac505c63313,Official ADCdb ADC detail HTML with component metadata and cell-line activity rows.
data/raw/adcdb_idrblab/adc_details/DRG0ZOYQV.html,adcdb_idrblab/adc_details/DRG0ZOYQV.html,adcdb_idrblab,.html,317978,6ac20cef45337ddff34ac77845ea0a69c93ca64eb68eb680940c7f4b87c8ace2,Official ADCdb ADC detail HTML with component metadata and cell-line activity rows.
data/raw/adcdb_idrblab/adc_details/DRG0ZRDFG.html,adcdb_idrblab/adc_details/DRG0ZRDFG.html,adcdb_idrblab,.html,40551,351df72cb0263abb090e18cf94eca2530ae0054872cf3318bfe0e312c087d06d,Official ADCdb ADC detail HTML with component metadata and cell-line activity rows.
data/raw/adcdb_idrblab/adc_details/DRG0ZTDVE.html,adcdb_idrblab/adc_details/DRG0ZTDVE.html,adcdb_idrblab,.html,31562,980eb919f888de0089fa15841d7ceaf64bf3c6795688031519854a820b4c8c42,Official ADCdb ADC detail HTML with component metadata and cell-line activity rows.
data/raw/adcdb_idrblab/adc_details/DRG0ZTLWT.html,adcdb_idrblab/adc_details/DRG0ZTLWT.html,adcdb_idrblab,.html,31791,da0d9c4410cb73f957062e192c34c7bce274a7cc857ab3c15c2a6bd9ec4d8ae2,Official ADCdb ADC detail HTML with component metadata and cell-line activity rows.
data/raw/adcdb_idrblab/adc_details/DRG0ZXCSM.html,adcdb_idrblab/adc_details/DRG0ZXCSM.html,adcdb_idrblab,.html,38344,0ecd29d5ef38771b09df22541468f29180b4e02172cd432028769da3ad91c3f3,Official ADCdb ADC detail HTML with component metadata and cell-line activity rows.
data/raw/adcdb_idrblab/adc_details/DRG0ZYYQL.html,adcdb_idrblab/adc_details/DRG0ZYYQL.html,adcdb_idrblab,.html,31553,773d68eabf2d44a7768e2cf5779190dd4e169161c91a62d310b23f058d1c8cce,Official ADCdb ADC detail HTML with component metadata and cell-line activity rows.
data/raw/adcdb_idrblab/adc_details_manifest.csv,adcdb_idrblab/adc_details_manifest.csv,adcdb_idrblab,.csv,54054,dce2e1d30a78f38fe2aa05acbdeeadc289f9091ef4c8a6a2e10b74fd758c3b21,Manifest for locally cached ADCdb detail pages.
data/raw/adcdb_idrblab/home.html,adcdb_idrblab/home.html,adcdb_idrblab,.html,66307,a37fd770c3dba3a3e6638c7946f89f43c850c24ed08ed6fed0b5d1ebbfe85d9a,ADCdb HTML page cached during source inspection.
data/raw/adcdb_idrblab/robots.txt,adcdb_idrblab/robots.txt,adcdb_idrblab,.txt,1594,3200f655bd0e859a4fb1a7237cc64d4cec38824f6f5ee914c37d0b9de0f9c554,
data/raw/adcdb_idrblab/search_adc_approved.html,adcdb_idrblab/search_adc_approved.html,adcdb_idrblab,.html,14753,ce7f6702924662e4b0d142563b3523d291ea6677e2a7d9d67dbe581d3de25e88,ADCdb HTML page cached during source inspection.
data/raw/adcdb_idrblab/search_adc_empty.html,adcdb_idrblab/search_adc_empty.html,adcdb_idrblab,.html,14664,73ce9ae5ee02aa2d3a5c9b5afe873a1038ce375a2af56210d97cbf01260f243e,ADCdb HTML page cached during source inspection.
data/raw/adcdb_idrblab/search_adc_star.html,adcdb_idrblab/search_adc_star.html,adcdb_idrblab,.html,14666,c8f73625ceaf8b8788f7c23b78fc34b93159aee3855a5b7d2000210844bbda4a,ADCdb HTML page cached during source inspection.
data/raw/adcnet_github/data.xlsx,adcnet_github/data.xlsx,adcnet_github,.xlsx,93749,c7f1cdaf8ffd7cab528316ce5a3f95299b0036940f2ca5322155d02fa1721186,"ADCNet ADC-level table with ADC IDs, sequences, SMILES, DAR, and threshold labels."
data/raw/adcnet_github/files_api.json,adcnet_github/files_api.json,adcnet_github,.json,4303,d77c4fd70862ac44c357ef1900ba83b9d7fc508810a696b1a80d67e3138bb167,GitHub API listing for ADCNet files.
data/raw/adcnet_github/files_data.xlsx,adcnet_github/files_data.xlsx,adcnet_github,.xlsx,93749,c7f1cdaf8ffd7cab528316ce5a3f95299b0036940f2ca5322155d02fa1721186,Byte-identical copy of adcnet_github/data.xlsx.
data/raw/adcnet_github/t_data.xlsx,adcnet_github/t_data.xlsx,adcnet_github,.xlsx,27676,4fbec3ea2f3cedbf992cfc6a60a95c1c885435c887522d4846dbbc53ec1b5b8f,ADCNet auxiliary table; has fewer rows and lacks a 10 nM label column.
data/raw/annotationdb_adcdb/adc_many_DRG0AAJTS.json,annotationdb_adcdb/adc_many_DRG0AAJTS.json,annotationdb_adcdb,.json,6863,c98da29f32765206766e244fe04e7b12fbf6e1d78d7f1432e45c9fa0b882a143,AnnotationDB ADC metadata snapshot/API schema; local sample does not expose cell-line response rows.
data/raw/annotationdb_adcdb/openapi.json,annotationdb_adcdb/openapi.json,annotationdb_adcdb,.json,60726,71e30341f29cc55ff80c0b50d667a56533e9fa1679daf021876a09e142bc2173,AnnotationDB ADC metadata snapshot/API schema; local sample does not expose cell-line response rows.
data/raw/digitaltumors_adcdb_pipeline/data_sources.md,digitaltumors_adcdb_pipeline/data_sources.md,digitaltumors_adcdb_pipeline,.md,2169,9b9f3e6ef00a70c66de5b86bf701f712aa1ac79dcc8f7ff9106cee44a7341d22,"External pipeline documentation/config; useful for metadata provenance, not response rows here."
data/raw/digitaltumors_adcdb_pipeline/devnotes.md,digitaltumors_adcdb_pipeline/devnotes.md,digitaltumors_adcdb_pipeline,.md,3942,1870b524cfa7e03d5d1efa3919cd44850c78145a43e4c2265d70c39b18ec6406,"External pipeline documentation/config; useful for metadata provenance, not response rows here."
data/raw/digitaltumors_adcdb_pipeline/pipeline.yaml,digitaltumors_adcdb_pipeline/pipeline.yaml,digitaltumors_adcdb_pipeline,.yaml,674,67db3cdb502dbd55fad44206a8d14933ce529a89cc78f55586bcdc7af5b12cf2,"External pipeline documentation/config; useful for metadata provenance, not response rows here."
